time_stamp,humidity,humidity_a,humidity_b,temperature,temperature_a,temperature_b,pm2.5_atm,pm2.5_atm_a,pm2.5_atm_b,pm10.0_atm,pm10.0_atm_a,pm10.0_atm_b
2024-03-19T12:00:00Z,42,42,,92,92,,15.3,14.3,16.3,17.4,16.3,18.5
2024-03-19T18:00:00Z,43,43,,90,90,,14.4,13.7,15.2,17.2,16.4,17.9
2024-03-20T12:00:00Z,46,46,,90,90,,40.3,39.2,41.4,49.5,48,51
2024-09-04T12:00:00Z,56,56,,71,71,,41.5,39.5,43.4,52.3,49.8,54.9
2024-09-05T12:00:00Z,63,63,,69,69,,26.9,25.1,28.8,32.2,30,34.4
2024-09-05T18:00:00Z,56,56,,70,70,,16.2,14.6,17.8,18.1,16.6,19.7
2024-09-06T00:00:00Z,60,60,,69,69,,24.2,22.3,26.1,27.8,25.7,30
2024-09-06T06:00:00Z,62,62,,67,67,,43.1,41.3,44.9,54.4,51.7,57.2
2024-09-06T12:00:00Z,58,58,,70,70,,40,38,41.9,48.5,45.7,51.3
2024-09-06T18:00:00Z,51,51,,73,73,,20.8,19.2,22.5,23.2,21.2,25.1
2024-09-07T00:00:00Z,59,59,,69,69,,32.4,30.6,34.2,37.8,35,40.6
2024-09-07T06:00:00Z,62,62,,68,68,,42,40,43.9,53.4,50.8,56.1
2024-09-07T12:00:00Z,62,62,,69,69,,32.8,30.8,34.8,39,36,42
2024-09-07T18:00:00Z,55,55,,72,72,,19,17.4,20.6,21.4,19.7,23.1
2024-09-08T00:00:00Z,61,61,,68,68,,40,37.7,42.4,49.1,46.3,51.9
2024-09-08T06:00:00Z,62,62,,67,67,,81.5,75.1,87.9,96.8,90.9,102.8
2024-09-08T12:00:00Z,56,56,,72,72,,73.6,68.2,79,89.3,84.1,94.5
2024-09-08T18:00:00Z,53,53,,74,74,,34.6,32.8,36.5,42,39.6,44.4
2024-09-09T00:00:00Z,60,60,,70,70,,49.4,46.7,52,61.3,58.3,64.3
2024-09-09T06:00:00Z,62,62,,69,69,,45.5,43.5,47.4,57.7,54.9,60.4
2024-09-09T12:00:00Z,59,59,,72,72,,34.9,33,36.9,43.3,40.5,46.1
2024-09-09T18:00:00Z,55,55,,73,73,,28.4,26.4,30.3,33,30.5,35.5
2024-09-10T00:00:00Z,60,60,,69,69,,32.4,30.5,34.3,38.1,35.2,41
2024-09-10T06:00:00Z,63,63,,68,68,,43.7,41.6,45.9,55.1,52.3,58
2024-09-10T12:00:00Z,58,58,,72,72,,45,43.1,46.8,57.3,54.6,59.9
2024-09-10T18:00:00Z,52,52,,75,75,,41.5,39.7,43.4,53.1,50.7,55.6
2024-09-11T00:00:00Z,61,61,,70,70,,44.3,42.5,46.2,56.3,53.7,58.9
2024-09-11T06:00:00Z,65,65,,67,67,,34,32.1,35.9,40.7,38.1,43.4
2024-09-11T12:00:00Z,52,52,,76,76,,42.6,40.8,44.4,54.3,52,56.7
2024-09-11T18:00:00Z,54,54,,74,74,,38.1,36.5,39.8,47.2,44.8,49.5
2024-09-12T00:00:00Z,60,60,,70,70,,42.2,40.4,44.1,53.6,51.2,56
2024-09-12T06:00:00Z,62,62,,68,68,,38.3,36.5,40.2,48.1,45.5,50.8
2024-09-12T12:00:00Z,61,61,,70,70,,33,31.2,34.8,39.5,36.6,42.4
2024-09-13T12:00:00Z,59,59,,72,72,,46.8,44.8,48.7,61.3,58.8,63.7
2024-09-13T18:00:00Z,47,47,,79,79,,50.6,48.2,53,66.6,64.2,68.9
2024-09-16T12:00:00Z,65,65,,70,70,,25.5,23.7,27.3,29.4,27,31.8
2024-09-16T18:00:00Z,59,59,,71,71,,28.5,26.7,30.4,33.3,31,35.6
2024-09-17T00:00:00Z,61,61,,69,69,,43.6,41.7,45.5,54.6,52,57.3
2024-09-17T06:00:00Z,64,64,,67,67,,46.9,44.8,49,59.7,57,62.4
2024-09-17T12:00:00Z,63,63,,69,69,,35.1,33.3,36.8,42.6,40,45.1
2024-09-17T18:00:00Z,61,61,,69,69,,29.1,27.3,31,34.1,32,36.3
2024-09-18T00:00:00Z,62,62,,67,67,,34.5,32.7,36.3,40.9,38.2,43.7
2024-09-18T06:00:00Z,64,64,,67,67,,54,50.7,57.4,68.4,65.7,71.1
2024-09-18T12:00:00Z,61,61,,70,70,,28.1,26.2,30,32.8,30.5,35.2
2024-09-18T18:00:00Z,58,58,,70,70,,28.2,26.5,30,32.8,30.6,34.9
2024-09-19T00:00:00Z,64,64,,67,67,,46.1,44.1,48,57.8,55.3,60.2
2024-09-19T06:00:00Z,62,62,,68,68,,49.5,47.2,51.9,63.9,61,66.8
2024-09-19T12:00:00Z,60,60,,70,70,,38.5,36.6,40.5,48,45.4,50.5
2024-09-19T18:00:00Z,55,55,,72,72,,28.9,27.2,30.7,33.9,31.8,36.1
2024-09-20T00:00:00Z,60,60,,69,69,,36.7,34.9,38.5,45.2,42.6,47.8
2024-09-20T06:00:00Z,62,62,,68,68,,31.4,29.5,33.3,37.2,34.3,40
2024-09-20T12:00:00Z,56,56,,72,72,,29.2,27.5,31,35.1,32.6,37.6
2024-09-20T18:00:00Z,53,53,,73,73,,17.1,15.5,18.7,19.4,17.8,21
2024-09-21T00:00:00Z,58,58,,70,70,,19.8,18,21.6,22.2,20.3,24.1
2024-09-21T06:00:00Z,60,60,,69,69,,22.7,20.9,24.4,25.7,23.7,27.7
2024-09-21T12:00:00Z,53,53,,74,74,,38,36.2,39.9,46.6,43.9,49.4
2024-09-21T18:00:00Z,49,49,,76,76,,34.2,32.4,36,41.4,39.1,43.8
2024-09-22T00:00:00Z,58,58,,71,71,,37.8,35.9,39.7,46.3,43.6,49
2024-09-22T06:00:00Z,61,61,,70,70,,50.7,47.9,53.5,63.9,61.2,66.7
2024-09-22T12:00:00Z,58,58,,72,72,,38,36,40,47.4,45,49.8
2024-09-22T18:00:00Z,51,51,,76,76,,18.5,16.9,20.2,20.6,18.8,22.3
2024-09-23T00:00:00Z,60,60,,71,71,,29,27.1,30.8,33.6,31.3,36
2024-09-23T06:00:00Z,60,60,,71,71,,42.8,40.9,44.7,53.5,50.9,56.1
2024-09-23T12:00:00Z,56,56,,74,74,,37.3,35.6,39.1,45.9,43.5,48.2
2024-09-23T18:00:00Z,53,53,,75,75,,23.2,21.5,24.9,26.5,24.6,28.5
2024-09-24T00:00:00Z,59,59,,71,71,,40.2,38.4,42.1,49.8,47.1,52.5
2024-09-24T06:00:00Z,62,62,,70,70,,37.6,35.8,39.5,46.8,44.1,49.4
2024-09-24T12:00:00Z,55,55,,75,75,,27.8,26.1,29.6,32.6,30.3,34.9
2024-09-24T18:00:00Z,54,54,,74,74,,25.8,24.2,27.5,30.1,28,32.1
2024-09-25T00:00:00Z,62,62,,69,69,,46.4,44.6,48.2,59.1,56.6,61.5
2024-09-25T06:00:00Z,63,63,,69,69,,34.4,32.5,36.3,41.3,38.5,44.1
2024-09-25T12:00:00Z,57,57,,73,73,,25.9,23.8,27.9,29.8,27.3,32.2
2024-09-25T18:00:00Z,56,56,,71,71,,22.1,20.3,23.9,25.2,23.2,27.2
2024-09-26T00:00:00Z,59,59,,70,70,,36.6,34.7,38.6,45.1,42.5,47.7
2024-09-26T06:00:00Z,62,62,,69,69,,27,25.1,28.8,32.3,30,34.6
2024-09-26T12:00:00Z,59,59,,71,71,,27.8,25.8,29.7,32.6,30,35.2
2024-09-26T18:00:00Z,54,54,,73,73,,15.9,14.2,17.6,18.2,16.5,19.9
2024-09-27T00:00:00Z,58,58,,70,70,,15.2,13.8,16.7,17.8,16.3,19.3
2024-09-27T06:00:00Z,58,58,,70,70,,33.8,31.9,35.7,41.5,38.8,44.1
2024-09-27T12:00:00Z,47,47,,79,79,,39,37.1,40.9,49,46.5,51.5
2024-09-27T18:00:00Z,50,50,,76,76,,35.7,33.8,37.5,43.7,41.1,46.4
2024-09-28T00:00:00Z,58,58,,72,72,,41.7,39.8,43.6,52.8,50.3,55.3
2024-09-28T06:00:00Z,63,63,,69,69,,43.6,41.5,45.7,55.5,52.8,58.2
2024-09-28T12:00:00Z,56,56,,73,73,,39.1,37.3,41,49.3,47,51.6
2024-09-28T18:00:00Z,55,55,,73,73,,37.1,35.4,38.9,46.1,43.7,48.5
2024-09-29T00:00:00Z,58,58,,71,71,,40,38.2,41.8,49.8,47.4,52.3
2024-09-29T06:00:00Z,59,59,,70,70,,40.1,38,42.1,49.7,46.8,52.7
2024-09-29T12:00:00Z,50,50,,77,77,,46.2,43.3,49.1,57.5,54.4,60.5
2024-09-29T18:00:00Z,51,51,,75,75,,31.2,29.6,32.9,37.1,34.7,39.4
2024-09-30T00:00:00Z,58,58,,71,71,,42.5,40.6,44.5,53.3,50.7,56
2024-09-30T06:00:00Z,60,60,,70,70,,39.8,37.8,41.9,50,47.1,52.8
2024-09-30T12:00:00Z,55,55,,74,74,,39.1,37.2,41.1,48.8,46.2,51.4
2024-09-30T18:00:00Z,51,51,,75,75,,20.2,18.6,21.8,23,21.3,24.7
2024-10-01T00:00:00Z,60,60,,71,71,,41.8,40,43.6,51.6,49,54.2
2024-10-01T06:00:00Z,64,64,,69,69,,43.7,41.7,45.7,55.7,53,58.4
2024-10-01T12:00:00Z,47,47,,81,81,,37.8,35.8,39.8,47.2,44.4,49.9
2024-10-01T18:00:00Z,50,50,,78,78,,28.6,26.7,30.5,33.7,31.4,35.9
2024-10-02T00:00:00Z,57,57,,72,72,,35.8,33.9,37.8,43.5,40.6,46.3
2024-10-02T06:00:00Z,58,58,,72,72,,30.8,28.7,32.8,36.2,33.5,39
2024-10-02T12:00:00Z,55,55,,75,75,,35,33.2,36.9,43.1,40.4,45.9
2024-10-02T18:00:00Z,49,49,,77,77,,25.3,23.3,27.2,28.6,26.3,30.8
2024-10-03T00:00:00Z,57,57,,71,71,,34.7,32.8,36.7,41.8,39.1,44.5
2024-10-03T06:00:00Z,61,61,,69,69,,36.2,34.2,38.3,44,40.9,47
2024-10-03T12:00:00Z,46,46,,81,81,,41.8,39.9,43.7,52.4,49.7,55.1
2024-10-03T18:00:00Z,46,46,,80,80,,36.8,34.9,38.7,44.6,41.9,47.2
2024-10-04T00:00:00Z,58,58,,72,72,,46.4,44.3,48.5,59.1,56.3,61.9
2024-10-04T06:00:00Z,60,60,,70,70,,34.8,32.7,36.8,42.3,39.4,45.3
2024-10-04T12:00:00Z,44,44,,83,83,,40.1,38.2,42,49.9,47.3,52.4
2024-10-04T18:00:00Z,47,47,,79,79,,30.8,28.9,32.7,35.8,33.2,38.3
2024-10-05T00:00:00Z,55,55,,73,73,,32.7,30.6,34.7,39.2,36.5,41.9
2024-10-05T06:00:00Z,59,59,,70,70,,45,42.6,47.4,57,54.3,59.8
2024-10-05T12:00:00Z,45,45,,81,81,,45.5,43.4,47.7,57.8,54.9,60.7
2024-10-05T18:00:00Z,51,51,,76,76,,37,35.2,38.9,45.1,42.5,47.7
2024-10-06T00:00:00Z,57,57,,71,71,,39.3,37.3,41.3,48.4,45.6,51.2
2024-10-06T06:00:00Z,61,61,,68,68,,46.8,44.4,49.2,58.8,55.8,61.8
2024-10-06T12:00:00Z,47,47,,79,79,,52.7,49.6,55.8,66.7,63.8,69.7
2024-10-06T18:00:00Z,48,48,,78,78,,34.6,32.7,36.5,41.6,38.8,44.5
2024-10-07T00:00:00Z,58,58,,72,72,,41.5,39.5,43.4,51.6,48.9,54.3
2024-10-07T06:00:00Z,62,62,,70,70,,36.2,34.2,38.2,43.3,40.3,46.3
2024-10-07T12:00:00Z,47,47,,81,81,,39.7,37.8,41.6,49.1,46.5,51.7
2024-10-07T18:00:00Z,50,50,,75,75,,24.6,22.8,26.5,28.9,26.9,31
2024-10-08T00:00:00Z,57,57,,72,72,,39.2,37.3,41.2,48.2,45.4,51
2024-10-08T06:00:00Z,59,59,,70,70,,30.2,28.3,32,36.3,34,38.7
2024-10-08T12:00:00Z,48,48,,78,78,,17.5,16,19,19.2,17.7,20.8
2024-10-08T18:00:00Z,47,47,,78,78,,27.8,26.2,29.5,31.9,29.6,34.1
2024-10-09T00:00:00Z,58,58,,72,72,,34.7,33,36.5,41.3,38.7,44
2024-10-09T06:00:00Z,57,57,,73,73,,21.1,19.1,23.1,24.2,22.1,26.2
2024-10-09T12:00:00Z,51,51,,78,78,,32.2,30.3,34.1,38.1,35.2,41
2024-10-09T18:00:00Z,51,51,,77,77,,24.6,22.8,26.4,28.8,26.9,30.8
2024-10-10T00:00:00Z,59,59,,72,72,,38,36.1,39.9,46.7,44.1,49.2
2024-10-10T06:00:00Z,60,60,,71,71,,21.9,19.8,24,25,22.9,27.1
2024-10-10T12:00:00Z,55,55,,75,75,,30,27.9,32.1,34.6,31.6,37.5
2024-10-10T18:00:00Z,51,51,,76,76,,27.7,25.8,29.6,31.7,29.2,34.2
2024-10-11T00:00:00Z,57,57,,72,72,,37.5,35.5,39.6,46.4,43.8,49
2024-10-11T06:00:00Z,60,60,,71,71,,39.6,37.5,41.7,49.8,47.1,52.5
2024-10-11T12:00:00Z,55,55,,73,73,,19.5,17.8,21.2,22,20,24
2024-10-11T18:00:00Z,50,50,,76,76,,12.2,11,13.5,14.1,12.9,15.4
2024-10-12T00:00:00Z,59,59,,70,70,,29.8,27.8,31.8,35.8,33.2,38.4
2024-10-12T06:00:00Z,60,60,,70,70,,46,43.5,48.5,58.4,55.3,61.4
2024-10-12T12:00:00Z,44,44,,82,82,,42.3,40.3,44.2,53.3,50.7,55.9
2024-10-12T18:00:00Z,47,47,,78,78,,24.2,22.4,26,27.5,25.5,29.5
2024-10-13T00:00:00Z,54,54,,73,73,,32.1,30.2,34,38.2,35.9,40.6
2024-10-13T06:00:00Z,57,57,,71,71,,27.9,25.8,30,33,30.7,35.3
2024-10-13T12:00:00Z,41,41,,84,84,,22.8,21.2,24.4,26.3,24.5,28.2
2024-10-13T18:00:00Z,46,46,,79,79,,21,19.3,22.7,23.4,21.7,25.1
2024-10-14T00:00:00Z,51,51,,75,75,,29.8,27.7,31.9,34.5,31.9,37.1
2024-10-14T06:00:00Z,57,57,,72,72,,27.5,25.4,29.5,31.8,29.4,34.3
2024-10-14T12:00:00Z,46,46,,80,80,,31.6,29.9,33.4,37.1,34.7,39.5
2024-10-14T18:00:00Z,48,48,,78,78,,23.3,21.8,24.7,26.5,24.8,28.2
2024-10-15T00:00:00Z,54,54,,74,74,,30.9,28.9,32.8,36,33.5,38.4
2024-10-15T06:00:00Z,56,56,,72,72,,28.3,26.4,30.3,32.1,29.7,34.5
2024-10-15T12:00:00Z,46,46,,81,81,,32.9,31.1,34.7,41.1,38.7,43.5
2024-10-15T18:00:00Z,49,49,,78,78,,24.4,22.6,26.2,27.5,25.4,29.5
2024-10-16T00:00:00Z,58,58,,72,72,,35,33.2,36.8,42.2,39.9,44.5
2024-10-16T06:00:00Z,61,61,,69,69,,34.2,32.3,36,40.4,37.8,43.1
2024-10-16T12:00:00Z,50,50,,77,77,,34.5,32.8,36.3,41.5,38.9,44.1
2024-10-16T18:00:00Z,48,48,,78,78,,35.3,33.5,37,42.9,40.3,45.5
2024-10-17T00:00:00Z,57,57,,72,72,,41.1,39.3,43,50.6,47.9,53.2
2024-10-17T06:00:00Z,59,59,,71,71,,35.9,34,37.8,43.2,40.6,45.9
2024-10-17T12:00:00Z,50,50,,77,77,,33.1,31.2,34.9,39.2,36.6,41.7
2024-10-17T18:00:00Z,49,49,,76,76,,25.6,23.9,27.4,29.4,27.4,31.5
2024-10-18T00:00:00Z,58,58,,70,70,,33.5,31.7,35.4,39.6,37,42.3
2024-10-18T06:00:00Z,57,57,,71,71,,42.8,40.8,44.9,53.4,50.6,56.2
2024-10-18T12:00:00Z,44,44,,81,81,,38.7,36.8,40.7,47.8,45.1,50.5
2024-10-18T18:00:00Z,47,47,,78,78,,29.5,27.6,31.4,34.6,32.3,37
2024-10-19T00:00:00Z,55,55,,72,72,,32.5,30.5,34.5,38.9,36.3,41.5
2024-10-19T06:00:00Z,59,59,,71,71,,35.5,33.5,37.4,43.6,41,46.2
2024-10-19T12:00:00Z,46,46,,80,80,,34.4,32.8,36.1,41.5,39.2,43.8
2024-10-19T18:00:00Z,50,50,,76,76,,22.2,20.6,23.8,24.7,22.8,26.6
2024-10-20T00:00:00Z,55,55,,73,73,,40.8,38.9,42.6,50.2,47.4,52.9
2024-10-20T06:00:00Z,57,57,,72,72,,40.4,38.5,42.3,50.3,47.7,52.9
2024-10-20T12:00:00Z,54,54,,75,75,,34.2,32.4,36,41.4,38.8,43.9
2024-10-20T18:00:00Z,48,48,,78,78,,19.5,17.9,21.1,21.9,20.2,23.5
2024-10-21T00:00:00Z,54,54,,74,74,,26.5,24.4,28.6,29.5,27.1,31.8
2024-10-21T06:00:00Z,56,56,,73,73,,27.8,25.9,29.7,31.3,28.8,33.8
2024-10-21T12:00:00Z,52,52,,77,77,,28.8,27,30.5,34.2,31.9,36.5
2024-10-21T18:00:00Z,49,49,,77,77,,17.6,16.2,19.1,19.8,18.3,21.3
2024-10-22T00:00:00Z,57,57,,73,73,,28.1,26.4,29.9,31.8,29.6,34.1
2024-10-22T06:00:00Z,61,61,,71,71,,26.2,24.2,28.1,29.3,27.1,31.6
2024-10-22T12:00:00Z,46,46,,82,82,,21.9,20.1,23.7,25,23.1,27
2024-10-22T18:00:00Z,47,47,,81,81,,18.2,16.8,19.7,21,19.4,22.5
2024-10-23T00:00:00Z,57,57,,74,74,,32.2,30.3,34.1,37.7,35.1,40.4
2024-10-23T06:00:00Z,59,59,,73,73,,27,24.9,29.1,30.1,27.6,32.6
2024-10-23T12:00:00Z,50,50,,79,79,,28.2,26.3,30.1,32.2,29.6,34.7
2024-10-23T18:00:00Z,48,48,,80,80,,22.8,21.2,24.5,25.8,24,27.6
2024-10-24T00:00:00Z,57,57,,74,74,,39.8,37.5,42.1,48.5,45.6,51.4
2024-10-24T06:00:00Z,58,58,,73,73,,37.9,35.8,40,46.6,43.7,49.4
2024-10-24T12:00:00Z,52,52,,78,78,,37.9,35.9,39.9,47.4,44.8,50.1
2024-10-24T18:00:00Z,51,51,,77,77,,30.7,28.8,32.6,35.7,33.3,38.1
2024-10-25T00:00:00Z,58,58,,72,72,,34.3,32.4,36.1,40.5,37.8,43.3
2024-10-25T06:00:00Z,60,60,,72,72,,21.4,19.7,23.2,24.5,22.4,26.7
2024-10-25T12:00:00Z,53,53,,76,76,,16.4,14.8,18,18.5,17,20.1
2024-10-25T18:00:00Z,50,50,,77,77,,16.2,14.6,17.9,18.3,16.7,19.9
2024-10-26T00:00:00Z,59,59,,72,72,,29.9,27.9,31.9,34.8,32.1,37.4
2024-10-26T06:00:00Z,63,63,,71,71,,25.1,22.7,27.5,28.1,25.4,30.8
2024-10-26T12:00:00Z,58,58,,72,72,,19,17.2,20.7,20.9,18.9,22.9
2024-10-26T18:00:00Z,52,52,,75,75,,12,10.7,13.3,13.6,12.5,14.8
2024-10-27T00:00:00Z,58,58,,72,72,,25.4,23.2,27.6,29.2,26.7,31.6
2024-10-27T06:00:00Z,59,59,,71,71,,37.6,35.6,39.5,45.7,42.9,48.5
2024-10-27T12:00:00Z,53,53,,75,75,,27.4,25.5,29.3,31.2,28.9,33.4
2024-10-27T18:00:00Z,49,49,,77,77,,24.3,22.5,26.1,26.7,24.7,28.7
2024-10-28T00:00:00Z,57,57,,72,72,,33.7,31.7,35.7,39.6,36.8,42.4
2024-10-28T06:00:00Z,59,59,,70,70,,37.7,35.7,39.8,45.9,43.1,48.6
2024-10-28T12:00:00Z,52,52,,76,76,,39.4,37.4,41.5,48.8,46.2,51.4
2024-10-28T18:00:00Z,50,50,,77,77,,19.7,18.1,21.2,21.8,20.2,23.4
2024-10-29T00:00:00Z,58,58,,71,71,,38.3,36.4,40.2,46.9,44.3,49.4
2024-10-29T06:00:00Z,59,59,,71,71,,42.6,40.5,44.7,52.6,49.9,55.4
2024-10-29T12:00:00Z,47,47,,81,81,,29.8,28.2,31.5,34.7,32.6,36.7
2024-10-29T18:00:00Z,49,49,,78,78,,23.9,22.3,25.6,27.1,25.4,28.9
2024-10-30T00:00:00Z,59,59,,72,72,,27.4,25.4,29.4,30.7,28.4,33
2024-10-30T06:00:00Z,58,58,,72,72,,31.1,29.2,33,36.1,33.4,38.9
2024-10-30T12:00:00Z,52,52,,76,76,,26.8,25.2,28.5,31.9,29.9,34
2024-10-30T18:00:00Z,52,52,,75,75,,20.2,18.4,22,22.7,20.9,24.5
2024-10-31T00:00:00Z,55,55,,73,73,,20.5,18.6,22.3,22.7,20.7,24.6
2024-10-31T06:00:00Z,57,57,,72,72,,30.9,28.9,32.9,36.8,34.3,39.4
2024-10-31T12:00:00Z,50,50,,77,77,,31.4,29.5,33.3,36.8,34.3,39.3
2024-10-31T18:00:00Z,47,47,,77,77,,21.6,20,23.2,24.7,22.9,26.5
2024-11-01T00:00:00Z,57,57,,73,73,,31.7,29.6,33.7,37.8,35,40.7
2024-11-01T06:00:00Z,59,59,,72,72,,36.9,34.9,38.9,45.8,43.2,48.5
2024-11-01T12:00:00Z,45,45,,80,80,,27.3,25.7,28.9,32.9,30.9,34.8
2024-11-01T18:00:00Z,48,48,,78,78,,14.3,13.1,15.5,15.9,14.7,17.2
2024-11-02T00:00:00Z,54,54,,74,74,,29.3,27.4,31.2,32.9,30.2,35.7
2024-11-02T06:00:00Z,57,57,,72,72,,32.3,30,34.5,38.4,35.4,41.5
2024-11-02T12:00:00Z,38,38,,88,88,,36.7,34.5,38.9,43.7,41.1,46.3
2024-11-02T18:00:00Z,46,46,,82,82,,22.8,21.1,24.6,24.8,23,26.5
2024-11-03T00:00:00Z,50,50,,79,79,,25.4,23.2,27.6,28.4,26,30.8
2024-11-03T06:00:00Z,56,56,,75,75,,23.3,21.1,25.4,26,23.8,28.1
2024-11-03T12:00:00Z,49,49,,81,81,,30.3,28.1,32.5,34.7,31.8,37.7
2024-11-03T18:00:00Z,49,49,,80,80,,24.6,22.9,26.4,27.1,25,29.2
2024-11-04T00:00:00Z,58,58,,74,74,,38.7,36.7,40.6,46.6,43.9,49.3
2024-11-04T06:00:00Z,59,59,,74,74,,33.2,31.2,35.2,39,36.1,41.9
2024-11-04T12:00:00Z,45,45,,83,83,,28.7,26.8,30.6,33.2,30.6,35.7
2024-11-04T18:00:00Z,46,46,,82,82,,28.1,26.2,30,31.3,28.9,33.6
2024-11-05T00:00:00Z,57,57,,74,74,,39.8,37.9,41.7,48.8,46.2,51.4
2024-11-05T06:00:00Z,59,59,,73,73,,27.7,25.6,29.9,31.8,29.3,34.3
2024-11-05T12:00:00Z,49,49,,80,80,,25.6,23.7,27.5,28.6,26.4,30.9
2024-11-05T18:00:00Z,48,48,,80,80,,29.9,28.1,31.7,34.7,32.1,37.2
2024-11-06T00:00:00Z,56,56,,74,74,,32.4,30.4,34.4,39,36.3,41.6
2024-11-06T06:00:00Z,58,58,,73,73,,24.5,22.3,26.7,27.5,25,29.9
2024-11-06T12:00:00Z,51,51,,78,78,,15.8,14.2,17.4,18.3,16.7,19.9
2024-11-06T18:00:00Z,50,50,,79,79,,13.2,12,14.5,15.1,13.9,16.2
2024-11-07T00:00:00Z,56,56,,74,74,,28,26,30,32.6,30,35.1
2024-11-07T06:00:00Z,58,58,,73,73,,20.5,18.5,22.5,22.9,20.8,25
2024-11-07T12:00:00Z,52,52,,76,76,,16.7,15.2,18.2,19,17.3,20.7
2024-11-07T18:00:00Z,50,50,,77,77,,11.1,9.9,12.3,13,11.9,14.1
2024-11-08T00:00:00Z,58,58,,73,73,,19.5,17.4,21.5,22,20,24
2024-11-08T06:00:00Z,61,61,,71,71,,21,18.8,23.3,23.2,20.8,25.6
2024-11-08T12:00:00Z,58,58,,74,74,,32.5,30.5,34.6,41.4,38.7,44.2
2024-11-08T18:00:00Z,51,51,,75,75,,19.9,18.1,21.7,27.8,25.2,30.4
2024-11-09T00:00:00Z,56,56,,73,73,,32,29.7,34.4,43,39.9,46.1
2024-11-09T06:00:00Z,58,58,,72,72,,21.2,19.5,22.9,29.9,27.6,32.2
2024-11-09T12:00:00Z,45,45,,80,80,,30.1,28.2,32.1,42.3,39.7,44.9
2024-11-09T18:00:00Z,46,46,,79,79,,21.2,19.4,23,29.7,27.1,32.3
2024-11-10T00:00:00Z,50,50,,76,76,,20.4,18.5,22.2,28.5,25.6,31.4
2024-11-10T06:00:00Z,56,56,,72,72,,18.2,16.6,19.9,25,22.4,27.6
2024-11-10T12:00:00Z,42,42,,83,83,,18.5,16.7,20.3,25.4,22.6,28.1
2024-11-10T18:00:00Z,44,44,,81,81,,16.4,14.6,18.1,23.3,20.7,25.8
2024-11-11T00:00:00Z,50,50,,76,76,,22.7,21.5,24,31,27.9,34.1
2025-01-21T12:00:00Z,38,38,,92,92,,34,31.9,36,46.4,43.3,49.5
2025-01-21T18:00:00Z,44,44,,87,87,,23,21,24.9,29.7,26.8,32.5
2025-01-22T00:00:00Z,52,52,,81,81,,22.8,20.9,24.8,29.6,27.1,32.1
2025-01-22T06:00:00Z,58,58,,78,78,,26.6,24.4,28.9,34.8,31.8,37.7
2025-01-22T12:00:00Z,42,42,,91,91,,29.5,27.3,31.6,39.4,36.2,42.5
2025-01-22T18:00:00Z,40,40,,91,91,,21.7,19.9,23.5,27.8,25.3,30.4
2025-01-23T00:00:00Z,50,50,,84,84,,25,22.9,27,33.7,31.1,36.2
2025-01-23T06:00:00Z,56,56,,80,80,,24.8,23,26.6,34.1,31.7,36.6
2025-01-23T12:00:00Z,44,44,,88,88,,26.9,25,28.8,35.9,33.2,38.6
2025-01-23T18:00:00Z,47,47,,86,86,,16,14.5,17.6,21.2,19.1,23.3
2025-01-24T00:00:00Z,51,51,,83,83,,19.3,17.5,21.2,25.4,22.7,28
2025-01-24T06:00:00Z,58,58,,78,78,,21.1,19.3,22.8,28.6,26.3,30.9
2025-01-24T12:00:00Z,40,40,,91,91,,29.7,27.7,31.7,40.3,37.7,43
2025-01-24T18:00:00Z,46,46,,86,86,,12.4,11,13.8,15.9,14.3,17.6
2025-01-25T00:00:00Z,52,52,,81,81,,18.7,16.8,20.6,25,22.4,27.5
2025-01-25T06:00:00Z,57,57,,79,79,,23.7,21.7,25.8,32.5,29.5,35.6
2025-01-25T12:00:00Z,45,45,,87,87,,21.7,19.8,23.7,28.8,26.4,31.3
2025-01-25T18:00:00Z,46,46,,86,86,,14.6,13,16.1,18.3,16.1,20.5
2025-01-26T00:00:00Z,53,53,,82,82,,32.7,30.5,34.8,44.7,41.9,47.6
2025-01-26T06:00:00Z,57,57,,78,78,,45,42.8,47.3,62.9,60.6,65.2
2025-01-26T12:00:00Z,41,41,,89,89,,22.6,20.8,24.4,30.2,27.8,32.6
2025-01-26T18:00:00Z,43,43,,87,87,,12.6,11.3,13.9,16.1,14.3,17.8
2025-01-27T00:00:00Z,51,51,,82,82,,21.8,19.8,23.9,29.5,26.5,32.5
2025-01-27T06:00:00Z,55,55,,80,80,,29.9,27.7,32.1,41.8,39.2,44.4
2025-01-27T12:00:00Z,40,40,,93,93,,25.4,23.3,27.6,33.6,30.9,36.2
2025-01-27T18:00:00Z,44,44,,90,90,,13.7,12.2,15.2,16.4,14.4,18.5
2025-01-28T00:00:00Z,50,50,,85,85,,18.2,16.5,19.9,24.3,21.8,26.8
2025-01-28T06:00:00Z,56,56,,81,81,,19.6,17.8,21.3,26.3,23.7,28.9
2025-01-28T12:00:00Z,39,39,,94,94,,20.5,18.7,22.3,28.2,26,30.4
2025-01-28T18:00:00Z,39,39,,92,92,,16.1,14.5,17.7,20.6,18.5,22.6
2025-01-29T00:00:00Z,50,50,,85,85,,24.2,22.1,26.4,32.1,29.3,35
2025-01-29T06:00:00Z,57,57,,80,80,,19.6,17.7,21.4,25.7,23.1,28.3
2025-01-29T12:00:00Z,39,39,,94,94,,21.1,19.3,22.9,27.8,25.2,30.4
2025-01-29T18:00:00Z,37,37,,92,92,,11.5,10.4,12.7,14.4,12.7,16.1
2025-01-30T00:00:00Z,50,50,,85,85,,26.5,24.3,28.6,35.8,32.7,38.8
2025-01-30T06:00:00Z,57,57,,80,80,,26,23.8,28.1,34.5,31.6,37.3
2025-01-30T12:00:00Z,38,38,,94,94,,28.7,26.7,30.7,38.3,35.8,40.8
2025-01-30T18:00:00Z,40,40,,92,92,,15.7,14.1,17.2,19.3,17.3,21.3
2025-01-31T00:00:00Z,49,49,,85,85,,22.5,20.4,24.6,30.1,27.4,32.7
2025-01-31T06:00:00Z,57,57,,79,79,,31,28.9,33,42.7,39.9,45.4
2025-01-31T12:00:00Z,46,46,,88,88,,33.3,31.2,35.3,45,42.1,47.9
2025-01-31T18:00:00Z,42,42,,90,90,,24.2,22.3,26.2,32.2,29.2,35.2
2025-02-01T00:00:00Z,53,53,,82,82,,28.4,26.5,30.4,39.2,36.5,41.8
2025-02-01T06:00:00Z,59,59,,79,79,,27.9,26,29.9,38.9,36.2,41.5
2025-02-01T12:00:00Z,48,48,,88,88,,23.9,22,25.8,31.1,28.5,33.7
2025-02-01T18:00:00Z,45,45,,88,88,,17.6,15.9,19.3,22.1,19.7,24.4
2025-02-02T00:00:00Z,50,50,,85,85,,30.2,28.2,32.2,40.6,37.8,43.5
2025-02-02T06:00:00Z,55,55,,82,82,,33.1,31.2,35,46.4,43.9,48.9
2025-02-02T12:00:00Z,47,47,,88,88,,35.1,33,37.3,47.1,44.4,49.9
2025-02-02T18:00:00Z,44,44,,90,90,,21.2,19.3,23.1,26.6,24,29.2
2025-02-03T00:00:00Z,53,53,,82,82,,31.9,30,33.8,43.6,40.7,46.6
2025-02-03T06:00:00Z,55,55,,81,81,,31.1,29.2,33.1,43.4,40.6,46.2
2025-02-03T12:00:00Z,41,41,,93,93,,27.8,25.8,29.7,37,34.3,39.8
2025-02-03T18:00:00Z,40,40,,92,92,,20.9,19,22.7,26.6,24.2,29
2025-02-04T00:00:00Z,51,51,,84,84,,31.2,29.1,33.3,43.1,40.4,45.8
2025-02-04T06:00:00Z,57,57,,80,80,,28.4,26.2,30.5,38.7,35.8,41.6
2025-02-04T12:00:00Z,41,41,,93,93,,27.9,26.2,29.7,37.5,35.1,40
2025-02-04T18:00:00Z,42,42,,91,91,,16.2,14.8,17.6,20.5,18.8,22.3
2025-02-05T00:00:00Z,52,52,,83,83,,30.1,28.2,32.1,43.1,40.8,45.5
2025-02-05T06:00:00Z,58,58,,80,80,,29.1,27.2,31.1,40,37.1,42.9
2025-02-05T12:00:00Z,48,48,,88,88,,25.5,23.6,27.4,34.1,31.3,36.9
2025-02-05T18:00:00Z,44,44,,90,90,,18,16.3,19.7,22.9,20.5,25.4
2025-02-06T00:00:00Z,53,53,,84,84,,30.2,28.4,32,41.2,38.5,43.8
2025-02-06T06:00:00Z,59,59,,81,81,,34.8,33,36.6,47.2,44.8,49.7
2025-02-06T12:00:00Z,47,47,,89,89,,37,35.2,38.9,49.5,47.2,51.9
2025-02-06T18:00:00Z,48,48,,89,89,,27.6,25.7,29.6,34.6,32.1,37.1
2025-02-07T00:00:00Z,56,56,,84,84,,26.8,24.9,28.7,35.3,32.5,38.1
2025-02-07T06:00:00Z,61,61,,81,81,,24.4,22.6,26.2,32.6,29.8,35.4
2025-02-07T12:00:00Z,53,53,,87,87,,25.9,24.2,27.6,33.7,31.1,36.3
2025-02-07T18:00:00Z,47,47,,90,90,,15.1,13.8,16.4,17.9,16.5,19.3
2025-02-08T00:00:00Z,53,53,,85,85,,33.1,31.4,34.9,45,42.5,47.4
2025-02-08T06:00:00Z,57,57,,81,81,,34.8,32.9,36.6,47,44.4,49.6
2025-02-08T12:00:00Z,49,49,,88,88,,29.9,28.2,31.7,39.8,37.3,42.3
2025-02-08T18:00:00Z,48,48,,88,88,,19.5,17.8,21.1,25,22.8,27.1
2025-02-09T00:00:00Z,55,55,,83,83,,22.3,20.5,24.2,28.2,25.6,30.9
2025-02-09T06:00:00Z,57,57,,81,81,,21.7,19.9,23.5,28.7,26.3,31.1
2025-02-09T12:00:00Z,43,43,,92,92,,23.8,22.1,25.5,31.1,29,33.2
2025-02-09T18:00:00Z,43,43,,91,91,,12,10.8,13.3,14.5,12.7,16.3
2025-02-10T00:00:00Z,54,54,,84,84,,21.6,19.8,23.5,27.2,24.7,29.7
2025-02-10T06:00:00Z,57,57,,82,82,,19.5,17.9,21.2,24.7,22.3,27.1
2025-02-10T12:00:00Z,45,45,,91,91,,20.4,18.7,22,26.4,24.3,28.5
2025-02-10T18:00:00Z,41,41,,92,92,,11.5,10.3,12.6,13.9,12.3,15.4
2025-02-11T00:00:00Z,51,51,,85,85,,25.5,23.6,27.5,34.3,31.5,37
2025-02-11T06:00:00Z,55,55,,83,83,,18.8,17.2,20.5,24.4,21.9,26.9
2025-02-11T12:00:00Z,45,45,,91,91,,23.9,22,25.9,32.4,30.3,34.6
2025-02-12T12:00:00Z,52,52,,88,88,,32.7,30.8,34.7,43.3,40.7,46
2025-02-12T18:00:00Z,57,57,,86,86,,38,36.2,39.8,51.2,48.9,53.6
2025-02-13T00:00:00Z,64,64,,82,82,,55.2,52.1,58.2,71.5,68.7,74.3
2025-02-13T06:00:00Z,63,63,,81,81,,80.5,75,86,95.5,90.4,100.7
2025-02-13T12:00:00Z,47,47,,92,92,,56.5,53.6,59.4,72.3,69.8,74.8
2025-02-13T18:00:00Z,44,44,,92,92,,16.5,15.1,17.9,21.2,19.3,23.1
2025-02-14T00:00:00Z,52,52,,86,86,,27.2,25.2,29.1,36.7,33.9,39.6
2025-02-14T06:00:00Z,58,58,,82,82,,22.5,20.9,24.2,31,28.9,33.1
2025-02-14T12:00:00Z,43,43,,94,94,,22.8,21.2,24.4,29.8,27.6,32.1
2025-02-14T18:00:00Z,45,45,,92,92,,12.1,10.9,13.3,14.7,13.1,16.3
2025-02-15T00:00:00Z,52,52,,87,87,,25,23.1,26.8,33.2,30.7,35.7
2025-02-15T06:00:00Z,57,57,,83,83,,26.8,25,28.6,35.8,33.2,38.3
2025-02-15T12:00:00Z,47,47,,91,91,,24.9,23.3,26.5,33.5,31,35.9
2025-02-15T18:00:00Z,47,47,,91,91,,10.8,9.7,11.9,13.1,11.6,14.5
2025-02-16T00:00:00Z,58,58,,82,82,,24.6,22.8,26.4,32.3,29.6,35
2025-02-16T06:00:00Z,59,59,,82,82,,28.4,26.6,30.3,38.3,35.8,40.8
2025-02-16T12:00:00Z,48,48,,90,90,,34.8,33,36.5,48.2,45.9,50.5
2025-02-16T18:00:00Z,46,46,,91,91,,16.4,15.1,17.8,20,18.1,21.9
2025-02-17T00:00:00Z,57,57,,83,83,,34.3,32.5,36,45.9,43.2,48.5
2025-02-17T06:00:00Z,58,58,,81,81,,21.8,20.1,23.4,28.4,25.9,31
2025-02-17T12:00:00Z,46,46,,91,91,,32.1,30.1,34,42.8,40.3,45.3
2025-02-17T18:00:00Z,41,41,,93,93,,13,11.7,14.3,17,15.6,18.4
2025-02-19T12:00:00Z,39,39,,95,95,,19.5,17.9,21,25.6,23.1,28
2025-02-19T18:00:00Z,44,44,,90,90,,13.3,12.1,14.6,16.8,14.8,18.7
2025-02-20T00:00:00Z,54,54,,83,83,,27.9,25.8,29.9,37.3,34.3,40.3
2025-02-20T06:00:00Z,58,58,,80,80,,22.4,20.4,24.4,30.4,27.3,33.5
2025-02-20T12:00:00Z,42,42,,92,92,,24.9,23.1,26.7,34,31.5,36.6
2025-02-20T18:00:00Z,42,42,,92,92,,15,13.6,16.4,19.1,17,21.2
2025-02-21T00:00:00Z,55,55,,82,82,,26.9,24.9,28.9,36.8,34,39.6
2025-02-21T06:00:00Z,57,57,,81,81,,23.9,22.2,25.7,32.9,30.6,35.3
2025-02-21T12:00:00Z,41,41,,93,93,,27.5,25.5,29.4,36.8,34.2,39.3
2025-02-21T18:00:00Z,36,36,,95,95,,11.6,10.5,12.8,15.1,13.7,16.6
2025-02-22T00:00:00Z,51,51,,85,85,,19.9,18.1,21.7,27.3,25,29.6
2025-02-22T06:00:00Z,56,56,,81,81,,19.9,18.4,21.4,28.5,26.4,30.7
2025-02-22T12:00:00Z,39,39,,94,94,,20.8,19.1,22.4,27.6,25.2,30
2025-02-22T18:00:00Z,39,39,,92,92,,10.3,9.2,11.4,14,12.4,15.6
2025-02-23T00:00:00Z,50,50,,84,84,,22.9,21,24.9,31.5,28.7,34.3
2025-02-23T06:00:00Z,53,53,,82,82,,14.8,13.4,16.2,21,19,23
2025-02-23T12:00:00Z,48,48,,89,89,,26.3,24.4,28.1,36.2,33.8,38.6
2025-02-23T18:00:00Z,39,39,,93,93,,10.6,9.6,11.6,12.9,11.8,14
2025-02-24T00:00:00Z,52,52,,85,85,,16.4,15,17.9,21.4,19.4,23.4
2025-02-24T06:00:00Z,58,58,,82,82,,16.5,15.1,17.9,22.3,20.1,24.5
2025-02-24T12:00:00Z,42,42,,93,93,,23.7,21.8,25.6,31.7,29.3,34.2
2025-02-24T18:00:00Z,42,42,,93,93,,11.1,10,12.1,13.5,12.1,14.9
2025-02-25T00:00:00Z,52,52,,86,86,,20.7,19,22.4,27.7,25.4,30
2025-02-25T06:00:00Z,57,57,,83,83,,18.7,17.1,20.2,25.3,23.2,27.4
2025-02-25T12:00:00Z,44,44,,92,92,,20.1,18.6,21.7,26.8,24.8,28.9
2025-02-25T18:00:00Z,45,45,,91,91,,11.6,10.5,12.7,13.7,12.3,15.1
2025-02-26T00:00:00Z,53,53,,85,85,,22.5,20.8,24.2,29,26.5,31.5
2025-02-26T06:00:00Z,56,56,,82,82,,25.9,24.1,27.7,34.4,31.5,37.2
2025-02-26T12:00:00Z,45,45,,92,92,,24.8,23.2,26.3,33.4,31.2,35.7
2025-02-26T18:00:00Z,45,45,,91,91,,13.9,12.7,15.1,16.7,14.9,18.4
2025-02-27T00:00:00Z,53,53,,85,85,,34.8,33.1,36.5,47.1,44.7,49.5
2025-02-27T06:00:00Z,57,57,,82,82,,25.9,24.1,27.6,34.7,31.8,37.7
2025-02-27T12:00:00Z,43,43,,92,92,,21.5,19.8,23.2,27.9,25.5,30.3
2025-02-27T18:00:00Z,42,42,,92,92,,12.3,11.1,13.5,15.3,13.5,17.2
2025-02-28T00:00:00Z,52,52,,85,85,,23.5,21.8,25.2,31.5,29.3,33.8
2025-02-28T06:00:00Z,56,56,,82,82,,20.6,18.9,22.2,28.1,25.8,30.3
2025-02-28T12:00:00Z,43,43,,93,93,,22.5,20.9,24.1,29.1,26.8,31.4
2025-02-28T18:00:00Z,42,42,,93,93,,9.2,8.2,10.2,10.5,9.3,11.7
2025-03-01T00:00:00Z,52,52,,86,86,,19.4,17.7,21.1,25.5,23.1,27.9
2025-03-01T06:00:00Z,56,56,,82,82,,15,13.6,16.4,19.5,17.6,21.4
2025-03-01T12:00:00Z,43,43,,92,92,,28.4,26.7,30.1,38.5,36,41.1
2025-03-01T18:00:00Z,43,43,,93,93,,10.4,9.4,11.4,12.1,10.8,13.3
2025-03-02T00:00:00Z,52,52,,86,86,,19,17.4,20.6,24.1,21.7,26.6
2025-03-02T06:00:00Z,56,56,,84,84,,17.4,16,18.8,22,19.8,24.2
2025-03-02T12:00:00Z,43,43,,93,93,,21.8,20.3,23.3,32.2,30.5,33.9
2025-03-02T18:00:00Z,39,39,,93,93,,9.5,8.7,10.3,11.1,9.9,12.3
2025-03-03T00:00:00Z,47,47,,88,88,,26.9,25.1,28.6,35.5,32.9,38.1
2025-03-03T06:00:00Z,53,53,,85,85,,20.1,18.6,21.6,26.5,24.1,28.9
2025-03-03T12:00:00Z,41,41,,94,94,,20.9,19.5,22.3,27.9,26.3,29.5
2025-03-03T18:00:00Z,38,38,,94,94,,12.4,11.4,13.4,15.9,14.4,17.4
2025-03-04T00:00:00Z,50,50,,87,87,,22.2,20.6,23.9,30.7,28.2,33.1
2025-03-04T06:00:00Z,55,55,,83,83,,27.7,26,29.3,37.7,35.2,40.3
2025-03-04T12:00:00Z,47,47,,89,89,,32.6,31,34.2,45.3,43.4,47.3
2025-03-04T18:00:00Z,43,43,,90,90,,16,14.7,17.4,20.1,18,22.2
2025-03-05T00:00:00Z,51,51,,84,84,,23.9,22.1,25.7,31.7,29.4,34
2025-03-05T06:00:00Z,56,56,,82,82,,18.4,17,19.8,23.4,21.3,25.5
2025-03-05T12:00:00Z,44,44,,90,90,,25.9,24.3,27.6,37,35.2,38.8
2025-03-05T18:00:00Z,42,42,,91,91,,18.5,17.3,19.8,23.8,22,25.7
2025-03-06T00:00:00Z,53,53,,84,84,,34.2,32.7,35.8,47.3,45.1,49.5
2025-03-06T06:00:00Z,54,54,,82,82,,29.9,28.3,31.6,42,39.8,44.2
2025-03-06T12:00:00Z,43,43,,91,91,,24.5,23,25.9,33.2,31,35.4
2025-03-06T18:00:00Z,40,40,,91,91,,15.3,14.1,16.5,20,18.2,21.8
2025-03-07T00:00:00Z,45,45,,87,87,,21.7,20,23.3,29.9,27.7,32
2025-03-07T06:00:00Z,52,52,,83,83,,25.6,24.3,26.9,36,34.2,37.8
2025-03-07T12:00:00Z,42,42,,92,92,,19.8,18.4,21.1,26.4,24.5,28.2
2025-03-07T18:00:00Z,41,41,,91,91,,13.7,12.6,14.8,17.4,15.8,18.9
2025-03-08T00:00:00Z,50,50,,85,85,,25.5,23.9,27.1,34.8,32.8,36.7
2025-03-08T06:00:00Z,56,56,,81,81,,26.6,24.9,28.3,36.3,34.1,38.4
2025-03-08T12:00:00Z,47,47,,88,88,,30,28.5,31.5,40.8,38.5,43.1
2025-03-08T18:00:00Z,45,45,,89,89,,22,20.7,23.4,28.7,26.7,30.8
2025-03-09T00:00:00Z,54,54,,82,82,,37,35.5,38.4,50.7,48.6,52.9
2025-03-09T06:00:00Z,57,57,,80,80,,37.3,35.8,38.9,51.7,49.8,53.7
2025-03-09T12:00:00Z,44,44,,90,90,,36.4,34.9,37.8,49.6,47.5,51.8
2025-03-09T18:00:00Z,42,42,,91,91,,19.6,18.2,21,24.8,22.7,26.8
2025-03-10T00:00:00Z,49,49,,85,85,,29.4,27.9,31,40.4,38.1,42.7
2025-03-10T06:00:00Z,57,57,,80,80,,15.5,14.2,16.7,20.3,18.7,21.8
2025-03-10T12:00:00Z,42,42,,92,92,,26.2,24.6,27.8,35.5,33.3,37.7
2025-03-10T18:00:00Z,43,43,,90,90,,18.6,17,20.1,23.8,21.6,26.1
2025-03-11T00:00:00Z,53,53,,83,83,,27.3,25.6,29,36.8,34.3,39.2
2025-03-11T06:00:00Z,59,59,,79,79,,34.2,32.6,35.9,46.7,44.3,49.1
2025-03-11T12:00:00Z,46,46,,89,89,,29.2,27.7,30.8,39.2,37.3,41.2
2025-03-11T18:00:00Z,44,44,,89,89,,17.4,15.9,18.9,22.8,20.6,24.9
2025-03-12T00:00:00Z,50,50,,85,85,,17.3,15.9,18.8,22.1,20.3,24
2025-03-12T06:00:00Z,55,55,,82,82,,23.5,22,25.1,31.1,28.5,33.7
2025-03-12T12:00:00Z,48,48,,86,86,,22.3,20.8,23.8,29.4,27.2,31.6
2025-03-12T18:00:00Z,48,48,,87,87,,14.1,12.9,15.3,18.1,16.2,20
2025-03-13T00:00:00Z,51,51,,84,84,,28.1,26.4,29.8,38.3,36,40.6
2025-03-13T06:00:00Z,57,57,,79,79,,31.6,30,33.2,43.4,41.2,45.7
2025-03-13T12:00:00Z,43,43,,91,91,,29.8,28.1,31.4,40.6,38.4,42.8
2025-03-13T18:00:00Z,45,45,,89,89,,24.2,22.5,26,31.4,28.7,34.1
2025-03-14T00:00:00Z,54,54,,82,82,,34.6,33.1,36.1,46.5,44.3,48.8
2025-03-14T06:00:00Z,58,58,,78,78,,26.8,25,28.6,35.5,32.4,38.5
2025-03-14T12:00:00Z,45,45,,88,88,,30.7,29.1,32.2,44.6,42.9,46.2
2025-03-14T18:00:00Z,44,44,,89,89,,16.6,15.2,18,20.7,18.8,22.6
2025-03-15T00:00:00Z,54,54,,82,82,,31.8,30.1,33.4,42.4,40,44.8
2025-03-15T06:00:00Z,56,56,,81,81,,35.9,34.1,37.6,48.3,45.8,50.9
2025-03-15T12:00:00Z,45,45,,89,89,,31.9,30.2,33.5,42.7,40.2,45.2
2025-03-15T18:00:00Z,40,40,,90,90,,21.8,20.2,23.5,28.8,26.5,31.1
2025-03-16T00:00:00Z,48,48,,84,84,,24.7,22.8,26.5,32.9,30.5,35.3
2025-03-16T06:00:00Z,55,55,,80,80,,18.8,17.1,20.5,25,22.7,27.3
2025-03-16T12:00:00Z,44,44,,89,89,,27.6,25.7,29.4,36.8,34.3,39.4
2025-03-16T18:00:00Z,40,40,,91,91,,20.7,19.1,22.3,26.4,24.3,28.6
2025-03-17T00:00:00Z,47,47,,84,84,,23.1,21.3,25,30.4,27.5,33.2
2025-03-17T06:00:00Z,53,53,,80,80,,15,13.7,16.4,19.2,17.2,21.2
2025-03-17T12:00:00Z,43,43,,89,89,,17.8,16.2,19.4,24.2,22,26.4
2025-03-17T18:00:00Z,43,43,,89,89,,15.4,14,16.8,19.8,18,21.6
2025-03-18T00:00:00Z,49,49,,83,83,,20.2,18.5,21.9,27.7,25.5,29.9
2025-03-18T06:00:00Z,56,56,,79,79,,18.6,17.1,20.2,25.6,23.8,27.3
2025-03-18T12:00:00Z,45,45,,88,88,,23.1,21.8,24.4,31.6,29.7,33.5
2025-03-18T18:00:00Z,43,43,,88,88,,17.1,15.8,18.4,23.3,21.4,25.1
2025-03-19T00:00:00Z,50,50,,83,83,,24.2,22.6,25.7,33.7,31.9,35.4
2025-03-19T06:00:00Z,56,56,,80,80,,24,22.5,25.4,33.8,31.7,35.9
2025-03-19T12:00:00Z,44,44,,88,88,,25,23.6,26.4,33.9,32.1,35.7
2025-03-19T18:00:00Z,44,44,,87,87,,22.6,21.2,24.1,29.7,27.8,31.7
2025-03-20T00:00:00Z,52,52,,82,82,,31.1,29.8,32.5,43.6,41.9,45.4
2025-03-20T06:00:00Z,56,56,,79,79,,35.2,33.7,36.7,49.8,48.1,51.5
2025-03-20T12:00:00Z,47,47,,86,86,,22.9,21.5,24.3,30.9,29,32.8
2025-03-20T18:00:00Z,45,45,,87,87,,13.6,12.6,14.7,18.3,17,19.6
2025-03-21T00:00:00Z,51,51,,82,82,,28.7,27.2,30.1,39.9,38.2,41.7
2025-03-21T06:00:00Z,55,55,,79,79,,33,31.7,34.3,47.6,46.2,48.9
2025-03-21T12:00:00Z,42,42,,90,90,,36.6,35.2,38,51.6,50,53.2
2025-03-21T18:00:00Z,41,41,,89,89,,18.4,16.9,19.8,25.3,23.3,27.3
2025-03-22T00:00:00Z,50,50,,83,83,,22.7,21.2,24.1,31,29.2,32.8
2025-03-22T06:00:00Z,55,55,,79,79,,23.3,21.8,24.8,33.1,31.3,34.9
2025-03-22T12:00:00Z,43,43,,89,89,,24.7,23,26.3,33.2,31,35.4
2025-03-22T18:00:00Z,41,41,,89,89,,22.5,21,24,30.4,28.3,32.5
2025-03-23T00:00:00Z,48,48,,83,83,,20.5,19.1,22,28.7,26.5,30.9
2025-03-23T06:00:00Z,54,54,,79,79,,22,20.7,23.4,32,30.4,33.7
2025-03-23T12:00:00Z,40,40,,91,91,,22.4,21.2,23.7,30.7,29.1,32.4
2025-03-23T18:00:00Z,40,40,,90,90,,17.4,16.1,18.7,22.8,21,24.6
2025-03-24T00:00:00Z,51,51,,83,83,,23.6,21.8,25.4,32.9,30.6,35.2
2025-03-24T06:00:00Z,56,56,,80,80,,28.3,26.8,29.8,39.5,37.5,41.6
2025-03-24T12:00:00Z,43,43,,90,90,,21.9,20.4,23.4,29.9,27.7,32
2025-03-24T18:00:00Z,43,43,,89,89,,21.9,20.2,23.6,28.9,26.6,31.1
2025-03-25T00:00:00Z,50,50,,83,83,,25.8,24,27.6,36.3,33.8,38.8
2025-03-25T06:00:00Z,57,57,,79,79,,27.5,26,29,38.3,36.3,40.3
2025-03-25T12:00:00Z,44,44,,89,89,,25,23.4,26.5,34,31.7,36.4
2025-03-25T18:00:00Z,43,43,,89,89,,14.8,13.4,16.1,19.1,17.2,21.1
2025-03-26T00:00:00Z,54,54,,82,82,,24.1,22.4,25.8,33.2,30.8,35.6
2025-03-26T06:00:00Z,58,58,,79,79,,30.9,29.1,32.7,43.3,41.1,45.5
2025-03-26T12:00:00Z,45,45,,88,88,,26.1,24.7,27.6,36,34,38
2025-03-26T18:00:00Z,40,40,,91,91,,14.4,13.2,15.7,19.5,18.1,21
2025-03-27T00:00:00Z,50,50,,85,85,,25.1,23.4,26.7,34.5,32.1,36.9
2025-03-27T06:00:00Z,55,55,,81,81,,21.7,20.2,23.2,29,27.1,30.9
2025-03-27T12:00:00Z,42,42,,91,91,,26.1,24.4,27.9,34.4,32,36.8
2025-03-27T18:00:00Z,41,41,,90,90,,16.2,14.9,17.5,21.5,19.9,23.1
2025-03-28T00:00:00Z,51,51,,83,83,,22,20.5,23.6,29.8,27.6,32
2025-03-28T06:00:00Z,56,56,,80,80,,19.3,17.8,20.7,25.9,23.8,27.9
2025-03-28T12:00:00Z,43,43,,90,90,,26.1,24.4,27.8,35.7,33.6,37.9
2025-03-28T18:00:00Z,41,41,,91,91,,22.1,20.6,23.6,29.4,27.4,31.5
2025-03-29T00:00:00Z,52,52,,83,83,,29.5,27.8,31.2,41.3,38.9,43.6
2025-03-29T06:00:00Z,57,57,,80,80,,22.9,21.4,24.4,32.3,30.3,34.2
2025-03-29T12:00:00Z,47,47,,87,87,,36.5,34.2,38.8,47.5,44.7,50.2
2025-03-29T18:00:00Z,42,42,,90,90,,17.5,16.2,18.8,22.8,20.9,24.7
2025-03-30T00:00:00Z,51,51,,83,83,,18.8,17.3,20.4,26.5,24.6,28.4
2025-03-30T06:00:00Z,55,55,,81,81,,19.3,17.8,20.9,28.1,26.4,29.9
2025-03-30T12:00:00Z,42,42,,91,91,,28.9,27.1,30.8,39.9,37.3,42.6
2025-03-30T18:00:00Z,42,42,,90,90,,18.5,16.9,20.1,23.8,21.9,25.6
2025-03-31T00:00:00Z,50,50,,83,83,,21.5,19.9,23.1,29.8,27.6,31.9
2025-03-31T06:00:00Z,56,56,,79,79,,23.3,21.6,25,33.5,31.5,35.6
2025-03-31T12:00:00Z,44,44,,89,89,,30.7,29.1,32.3,42.1,39.8,44.4
2025-03-31T18:00:00Z,43,43,,89,89,,26,24.5,27.6,35.9,33.9,37.9
2025-04-01T00:00:00Z,52,52,,83,83,,25.4,23.7,27.1,36.1,34.3,37.9
2025-04-01T06:00:00Z,56,56,,79,79,,27.2,25.7,28.6,39.8,38.1,41.4
2025-04-01T12:00:00Z,43,43,,89,89,,34.4,33,35.9,49,47.2,50.8
2025-04-01T18:00:00Z,42,42,,88,88,,20,18.6,21.4,28.5,26.6,30.3
2025-04-02T00:00:00Z,48,48,,82,82,,25.4,23.8,27,35.9,34,37.8
2025-04-02T06:00:00Z,54,54,,78,78,,23.8,22.3,25.3,35.4,34.2,36.7
2025-04-02T12:00:00Z,44,44,,87,87,,31.7,30.1,33.3,45.1,43.1,47
2025-04-02T18:00:00Z,41,41,,88,88,,22.3,20.7,23.9,31.2,29,33.3
2025-04-03T00:00:00Z,51,51,,81,81,,21.3,19.8,22.8,30,28.2,31.9
2025-04-03T06:00:00Z,55,55,,78,78,,17.2,16,18.5,24.8,23.1,26.6
2025-04-03T12:00:00Z,49,49,,83,83,,22.3,20.9,23.7,31.5,29.9,33.2
2025-04-03T18:00:00Z,46,46,,85,85,,16.7,15.4,18.1,23.8,22.3,25.4
2025-04-04T00:00:00Z,53,53,,80,80,,21.2,19.6,22.7,29.3,27.5,31.2
2025-04-04T06:00:00Z,56,56,,78,78,,23.3,22,24.5,33.3,31.7,34.9
2025-04-04T12:00:00Z,45,45,,87,87,,33,31.4,34.6,44.6,42.5,46.6
2025-04-04T18:00:00Z,47,47,,84,84,,18.5,16.8,20.1,25.9,23.6,28.2
2025-04-05T00:00:00Z,55,55,,79,79,,15.5,13.9,17,20.2,18,22.3
2025-04-05T06:00:00Z,56,56,,79,79,,17.7,16.1,19.3,23.8,21.8,25.8
2025-04-05T12:00:00Z,48,48,,85,85,,32.9,31,34.8,44.7,41.8,47.5
2025-04-05T18:00:00Z,48,48,,84,84,,24.2,22.2,26.2,32.6,30,35.2
2025-04-06T00:00:00Z,52,52,,80,80,,21.7,19.8,23.5,28.3,25.7,30.8
2025-04-06T06:00:00Z,57,57,,78,78,,24.6,22.7,26.5,33.2,30.9,35.6
2025-04-06T12:00:00Z,44,44,,88,88,,28.2,26.1,30.3,37.4,34.5,40.3
2025-04-06T18:00:00Z,45,45,,86,86,,18.4,16.8,20,23.4,21.4,25.4
2025-04-07T00:00:00Z,50,50,,81,81,,20.1,18.4,21.9,27.8,25.6,30.1
2025-04-07T06:00:00Z,56,56,,78,78,,16.9,15.4,18.4,24.1,22,26.2
2025-04-07T12:00:00Z,48,48,,85,85,,23.5,21.7,25.3,32.8,30.5,35
2025-04-07T18:00:00Z,45,45,,86,86,,20.4,18.6,22.2,27.9,25.5,30.4
2025-04-08T00:00:00Z,50,50,,81,81,,18.3,16.8,19.9,25.5,23.5,27.5
2025-04-08T06:00:00Z,54,54,,79,79,,18.5,17,20,26.2,24.2,28.2
2025-04-08T12:00:00Z,48,48,,84,84,,25.6,23.8,27.4,37.3,35.3,39.3
2025-04-08T18:00:00Z,47,47,,84,84,,12.6,11.4,13.9,17.1,15.3,19
2025-04-09T00:00:00Z,53,53,,79,79,,19.7,18.2,21.2,26.9,24.6,29.1
2025-04-09T06:00:00Z,56,56,,78,78,,19.2,17.8,20.6,27.6,26,29.1
2025-04-09T12:00:00Z,46,46,,86,86,,25.3,23.5,27.1,34.6,32,37.1
2025-04-09T18:00:00Z,48,48,,84,84,,16.4,15,17.7,21.3,19.2,23.5
2025-04-10T00:00:00Z,53,53,,80,80,,35.1,33.6,36.6,49.2,47.3,51.1
2025-04-10T06:00:00Z,56,56,,78,78,,35.5,33.8,37.1,50.1,48.3,51.9
2025-04-10T12:00:00Z,46,46,,86,86,,30.9,29.1,32.6,42,39.4,44.5
2025-04-10T18:00:00Z,46,46,,85,85,,20.3,18.6,22.1,27.1,24.7,29.5
2025-04-11T00:00:00Z,53,53,,80,80,,26,24.2,27.8,37.3,35.3,39.4
2025-04-11T06:00:00Z,58,58,,77,77,,36.1,34.4,37.9,53.4,51.8,55
2025-04-11T12:00:00Z,47,47,,86,86,,37.9,36,39.7,53.1,50.9,55.3
2025-04-11T18:00:00Z,45,45,,86,86,,24.1,22.2,26.1,33.7,31,36.3
2025-04-12T00:00:00Z,53,53,,80,80,,37.8,36,39.6,54.1,52.3,55.9
2025-04-12T06:00:00Z,57,57,,77,77,,37.2,35.5,38.9,54.5,53.1,56
2025-04-12T12:00:00Z,47,47,,85,85,,34.7,32.9,36.5,47.7,45.1,50.4
2025-04-12T18:00:00Z,47,47,,84,84,,35.5,33.6,37.4,47.2,44.4,50
2025-04-13T00:00:00Z,55,55,,79,79,,36.7,35,38.4,51.3,49.4,53.2
2025-04-13T06:00:00Z,61,61,,75,75,,34.3,32.7,35.9,50,48.4,51.6
2025-04-13T12:00:00Z,48,48,,84,84,,29.2,27.3,31,40.7,38.3,43.1
2025-04-13T18:00:00Z,46,46,,85,85,,15.8,14.4,17.2,21.5,19.5,23.5
2025-04-14T00:00:00Z,53,53,,79,79,,23.9,22.1,25.8,33.8,31.6,36.1
2025-04-14T06:00:00Z,58,58,,76,76,,26.1,24.4,27.8,36.9,34.8,38.9
2025-04-14T12:00:00Z,45,45,,86,86,,30.2,28.4,32.1,42.3,39.7,44.8
2025-04-14T18:00:00Z,44,44,,85,85,,19.5,17.7,21.2,28.5,26.3,30.8
2025-04-15T00:00:00Z,52,52,,79,79,,26,24.3,27.7,36.6,34.3,38.9
2025-04-15T06:00:00Z,56,56,,77,77,,27.8,26.1,29.5,38.5,36.1,41
2025-04-15T12:00:00Z,50,50,,81,81,,29.1,27.4,30.8,40.1,37.2,42.9
2025-04-15T18:00:00Z,48,48,,81,81,,25,23.1,27,34.2,31.3,37.2
2025-04-16T00:00:00Z,55,55,,76,76,,38.2,36.5,39.9,52.8,50.6,54.9
2025-04-16T06:00:00Z,58,58,,74,74,,38.7,36.9,40.5,53.5,51.4,55.6
2025-04-16T12:00:00Z,49,49,,81,81,,36.2,34,38.4,50.5,48.2,52.9
2025-04-16T18:00:00Z,51,51,,79,79,,18.6,17.2,20.1,25.5,23.6,27.3
2025-04-17T00:00:00Z,56,56,,76,76,,29.2,27.5,30.9,39.5,37.3,41.8
2025-04-17T06:00:00Z,59,59,,74,74,,31.3,29.6,32.9,42.6,40.3,44.9
2025-04-17T12:00:00Z,49,49,,81,81,,44,41.9,46.2,59.6,57.4,61.8
2025-04-17T18:00:00Z,48,48,,82,82,,22.4,20.7,24,29,26.4,31.7
2025-04-18T00:00:00Z,56,56,,77,77,,35.3,33.6,37,48,45.8,50.3
2025-04-18T06:00:00Z,59,59,,74,74,,38.8,37.2,40.5,53.1,51.1,55.1
2025-04-18T12:00:00Z,49,49,,81,81,,39.6,37.8,41.4,53.5,51,56.1
2025-04-18T18:00:00Z,49,49,,82,82,,21.2,19.7,22.6,27.3,25.3,29.4
2025-04-19T00:00:00Z,55,55,,78,78,,29,27.2,30.8,38.4,35.7,41.2
2025-04-19T06:00:00Z,58,58,,76,76,,29.3,27.7,30.9,39.7,37.3,42
2025-04-19T12:00:00Z,51,51,,81,81,,32.2,30.5,33.9,43.8,41.1,46.6
2025-04-19T18:00:00Z,48,48,,83,83,,20.1,18.3,21.9,26.2,23.6,28.7
2025-04-20T00:00:00Z,55,55,,78,78,,23.2,21.5,24.8,31,28.6,33.4
2025-04-20T06:00:00Z,58,58,,76,76,,21.8,20.4,23.2,29.2,27.3,31.2
2025-04-20T12:00:00Z,49,49,,83,83,,20.2,18.5,21.8,26.7,24.2,29.2
2025-04-20T18:00:00Z,50,50,,82,82,,15.8,14.4,17.1,19.6,17.7,21.5
2025-04-21T00:00:00Z,55,55,,78,78,,20.6,19.2,22.1,27.2,25.4,29
2025-04-21T06:00:00Z,58,58,,76,76,,22.1,20.8,23.4,29,27.3,30.8
2025-04-21T12:00:00Z,50,50,,83,83,,34.9,33.3,36.5,48.1,45.9,50.4
2025-04-21T18:00:00Z,49,49,,82,82,,25.4,23.6,27.2,33.2,30.6,35.8
2025-04-22T00:00:00Z,56,56,,77,77,,38.6,37.2,40.1,52.9,51.1,54.7
2025-04-22T06:00:00Z,61,61,,75,75,,40.7,39.1,42.2,56.3,54.5,58.1
2025-04-22T12:00:00Z,52,52,,81,81,,53.4,50.2,56.6,71.5,68.9,74.2
2025-04-22T18:00:00Z,50,50,,82,82,,30.9,28.6,33.3,41.5,38.1,44.9
2025-04-23T00:00:00Z,55,55,,78,78,,37.4,36,38.8,51.3,49.5,53
2025-04-23T06:00:00Z,58,58,,76,76,,38.6,37.2,40,53.3,51.3,55.2
2025-04-23T12:00:00Z,48,48,,84,84,,39.9,38.4,41.5,55.7,53.7,57.7
2025-04-23T18:00:00Z,46,46,,84,84,,21.7,20,23.4,29.8,27.6,32.1
2025-04-24T00:00:00Z,56,56,,77,77,,30.3,28.7,31.9,41.9,39.7,44.1
2025-04-24T06:00:00Z,60,60,,74,74,,36.7,35.1,38.2,51.4,49.6,53.3
2025-04-24T12:00:00Z,50,50,,82,82,,36.7,34.7,38.6,51.1,48.7,53.4
2025-04-24T18:00:00Z,47,47,,83,83,,20.2,18.7,21.8,27.8,25.3,30.2
2025-04-25T00:00:00Z,56,56,,77,77,,33.3,31.7,34.8,47.7,45.9,49.5
2025-04-25T06:00:00Z,60,60,,75,75,,33.9,32.4,35.3,48.8,47.3,50.3
2025-04-25T12:00:00Z,50,50,,82,82,,39,36.9,41.1,53.9,51.4,56.5
2025-04-25T18:00:00Z,47,47,,83,83,,24.5,22.2,26.9,33.2,30.3,36
2025-04-26T00:00:00Z,55,55,,77,77,,32.4,30.8,33.9,45.7,43.8,47.5
2025-04-26T06:00:00Z,60,60,,74,74,,41.5,39.6,43.4,58.2,56.4,60.1
2025-04-26T12:00:00Z,50,50,,80,80,,39,37,40.9,53,50.7,55.3
2025-04-26T18:00:00Z,49,49,,81,81,,21,19.3,22.8,27.8,25.3,30.3
2025-04-27T00:00:00Z,56,56,,77,77,,37.3,35.6,38.9,52.4,50.5,54.3
2025-04-27T06:00:00Z,61,61,,74,74,,38.2,36.6,39.7,54.8,53.2,56.4
2025-04-27T12:00:00Z,50,50,,81,81,,45.6,43.4,47.8,62,59.6,64.3
2025-04-27T18:00:00Z,49,49,,81,81,,26.4,24.6,28.2,36,33.6,38.5
2025-04-28T00:00:00Z,55,55,,77,77,,30.1,28.6,31.7,43.1,41,45.1
2025-04-28T06:00:00Z,59,59,,74,74,,29,27.5,30.6,42.9,41.4,44.4
2025-04-28T12:00:00Z,51,51,,80,80,,28.1,26.4,29.8,40,38,42.1
2025-04-28T18:00:00Z,48,48,,81,81,,19.7,18.1,21.4,27,24.4,29.7
2025-04-29T00:00:00Z,55,55,,77,77,,25.6,23.8,27.4,35.8,33.5,38.2
2025-04-29T06:00:00Z,59,59,,74,74,,29.2,27.5,30.8,40.5,38.3,42.8
2025-04-29T12:00:00Z,54,54,,79,79,,29.1,27.4,30.8,40.4,37.9,43
2025-04-29T18:00:00Z,51,51,,80,80,,25.1,23.7,26.6,33.7,31.3,36
2025-04-30T00:00:00Z,57,57,,75,75,,39.5,38,41,54,52,55.9
2025-04-30T06:00:00Z,60,60,,74,74,,44,42.4,45.7,61.3,59.3,63.3
2025-04-30T12:00:00Z,53,53,,79,79,,42.5,40.8,44.1,59.7,57.9,61.4
2025-04-30T18:00:00Z,50,50,,81,81,,27.4,25.8,29,36.9,34.4,39.3
2025-05-01T00:00:00Z,57,57,,76,76,,41.4,39.7,43,56.6,54.4,58.8
2025-05-01T06:00:00Z,60,60,,74,74,,46.6,44.7,48.5,63.7,61.5,65.8
2025-05-01T12:00:00Z,53,53,,79,79,,42,40.2,43.7,57.5,55.1,59.9
2025-05-01T18:00:00Z,48,48,,81,81,,26.1,24.4,27.8,34.7,32.2,37.2
2025-05-02T00:00:00Z,55,55,,77,77,,26.7,25,28.3,36.5,34.3,38.7
2025-05-02T06:00:00Z,59,59,,75,75,,24.6,22.8,26.5,35.1,32.9,37.3
2025-05-02T12:00:00Z,49,49,,82,82,,34.4,32.5,36.2,47.5,45.2,49.8
2025-05-02T18:00:00Z,47,47,,82,82,,31.3,29.7,33,42.7,40.4,45.1
2025-05-03T00:00:00Z,54,54,,77,77,,32.2,30.7,33.7,45.3,43.4,47.3
2025-05-03T06:00:00Z,59,59,,74,74,,35.5,34,37.1,50.8,49.3,52.3
2025-05-03T12:00:00Z,51,51,,80,80,,38.7,36.9,40.5,53.6,51.4,55.8
2025-05-03T18:00:00Z,48,48,,81,81,,28.7,27,30.5,38.3,35.7,40.9
2025-05-04T00:00:00Z,53,53,,77,77,,30.5,28.9,32.1,42.5,40.2,44.7
2025-05-04T06:00:00Z,58,58,,74,74,,24.8,23.1,26.5,35,32.5,37.5
2025-05-04T12:00:00Z,53,53,,78,78,,22.8,21.1,24.4,30.7,28.3,33.2
2025-05-04T18:00:00Z,51,51,,79,79,,23.2,21.6,24.8,30.1,27.5,32.7
2025-05-05T00:00:00Z,56,56,,75,75,,36.5,34.8,38.1,49.5,47.2,51.9
2025-05-05T06:00:00Z,59,59,,74,74,,27.7,26,29.5,37.9,35.3,40.4
2025-05-05T12:00:00Z,54,54,,78,78,,25.5,23.8,27.1,34.5,31.9,37
2025-05-05T18:00:00Z,50,50,,80,80,,12.5,11.3,13.7,16.2,14.5,18
2025-05-06T00:00:00Z,57,57,,76,76,,20.6,18.9,22.3,28.2,25.7,30.7
2025-05-06T06:00:00Z,60,60,,74,74,,30.3,28.6,31.9,42.8,40.6,45
2025-05-06T12:00:00Z,51,51,,81,81,,45.6,43.8,47.5,62.7,60.7,64.7
2025-05-06T18:00:00Z,49,49,,81,81,,82.7,77.6,87.8,97.6,92.3,103
2025-05-07T00:00:00Z,56,56,,77,77,,34.8,33.3,36.4,49.2,47.3,51
2025-05-07T06:00:00Z,60,60,,74,74,,35.8,34.3,37.3,50.5,48.8,52.3
2025-05-07T12:00:00Z,51,51,,80,80,,42.2,40.5,43.8,58.2,56.2,60.2
2025-05-07T18:00:00Z,49,49,,80,80,,24.8,23.2,26.4,34.5,32.2,36.8
2025-05-08T00:00:00Z,55,55,,75,75,,31,29.4,32.5,43.1,41,45.2
2025-05-08T06:00:00Z,59,59,,73,73,,37.1,35.7,38.5,52.4,50.8,53.9
2025-05-08T12:00:00Z,52,52,,78,78,,46.3,44.7,48,64.2,62.4,65.9
2025-05-08T18:00:00Z,50,50,,79,79,,29.5,27.8,31.2,40.3,38,42.7
2025-05-09T00:00:00Z,57,57,,74,74,,34,32.5,35.6,47.7,45.9,49.6
2025-05-09T06:00:00Z,58,58,,74,74,,42.1,40.5,43.7,58,56.1,60
2025-05-09T12:00:00Z,54,54,,76,76,,31.5,30,33.1,43.1,40.8,45.4
2025-05-09T18:00:00Z,53,53,,76,76,,18,16.6,19.5,23.8,21.5,26
2025-05-10T00:00:00Z,58,58,,72,72,,30.9,29.5,32.4,42.2,40,44.5
2025-05-10T06:00:00Z,59,59,,72,72,,43.5,42.1,44.9,59.6,57.8,61.5
2025-05-10T12:00:00Z,53,53,,77,77,,43.9,42.1,45.7,60.1,58.1,62.1
2025-05-10T18:00:00Z,52,52,,77,77,,46.6,44.8,48.5,64.4,62.4,66.4
2025-05-11T00:00:00Z,58,58,,73,73,,40.2,38.7,41.7,55.5,53.7,57.3
2025-05-11T06:00:00Z,59,59,,73,73,,45.6,43.5,47.7,62.4,60.4,64.5
2025-05-11T12:00:00Z,54,54,,76,76,,44,42.2,45.8,60.5,58.5,62.5
2025-05-11T18:00:00Z,53,53,,76,76,,23.3,21.7,24.9,30.9,28.6,33.3
2025-05-12T00:00:00Z,57,57,,74,74,,34.9,33.3,36.5,48.1,45.8,50.3
2025-05-12T06:00:00Z,58,58,,73,73,,25.7,24.3,27.2,35.6,33.5,37.7
2025-05-12T12:00:00Z,53,53,,76,76,,35.2,33.5,36.8,48.9,46.8,51
2025-05-12T18:00:00Z,51,51,,78,78,,31.6,29.9,33.2,43.2,40.8,45.5
2025-05-13T00:00:00Z,57,57,,74,74,,38.7,37.1,40.3,53.5,51.3,55.7
2025-05-13T06:00:00Z,56,56,,74,74,,35.3,33.9,36.8,48.5,46.4,50.6
2025-05-13T12:00:00Z,55,55,,75,75,,32.4,30.8,34.1,44.7,42.2,47.3
2025-05-13T18:00:00Z,53,53,,75,75,,24.5,22.7,26.2,33.6,31.2,36.1
2025-05-14T00:00:00Z,59,59,,72,72,,46.3,44.7,47.8,63.6,61.9,65.3
2025-05-14T06:00:00Z,60,60,,71,71,,51.5,49.6,53.3,70.2,68.4,72
2025-05-14T12:00:00Z,54,54,,75,75,,47.4,45.5,49.3,64.9,62.9,67
2025-05-14T18:00:00Z,51,51,,77,77,,27.5,26,29,37.4,35.1,39.8
2025-05-15T00:00:00Z,58,58,,73,73,,36.3,35,37.6,50.9,49.4,52.5
2025-05-15T06:00:00Z,61,61,,71,71,,41.1,39.7,42.6,59.3,58.3,60.3
2025-05-15T12:00:00Z,51,51,,80,80,,49.9,47.9,51.9,67.7,65.9,69.6
2025-05-15T18:00:00Z,48,48,,81,81,,35.5,33.9,37.2,49,46.7,51.4
2025-05-16T00:00:00Z,58,58,,74,74,,44.2,42.7,45.7,61,59.2,62.8
2025-05-16T06:00:00Z,61,61,,72,72,,45.7,44,47.5,63.7,61.8,65.5
2025-05-16T12:00:00Z,51,51,,80,80,,59.6,56.3,62.8,78.5,75.8,81.1
2025-05-16T18:00:00Z,53,53,,79,79,,35.6,34.1,37.2,48.8,46.7,50.9
2025-05-17T00:00:00Z,57,57,,76,76,,42.4,40.7,44.1,58,55.8,60.2
2025-05-17T06:00:00Z,59,59,,74,74,,45.9,44.3,47.6,63.1,61.3,65
2025-05-17T12:00:00Z,50,50,,80,80,,42.4,40.2,44.6,56.5,54.1,58.9
2025-05-17T18:00:00Z,54,54,,78,78,,28.8,26.9,30.7,38,35,41
2025-05-18T00:00:00Z,58,58,,75,75,,40,38.5,41.6,54.9,52.9,57
2025-05-18T06:00:00Z,61,61,,74,74,,40.6,39.2,42,58,56.5,59.6
2025-05-18T12:00:00Z,56,56,,77,77,,39.7,38.2,41.3,55.7,53.7,57.8
2025-05-18T18:00:00Z,52,52,,78,78,,32.3,30.6,33.9,43.9,41.5,46.4
2025-05-19T00:00:00Z,59,59,,74,74,,48.1,46.2,50,65.4,63.4,67.5
2025-05-19T06:00:00Z,61,61,,73,73,,41.2,39.6,42.8,57.8,55.8,59.7
2025-05-19T12:00:00Z,58,58,,75,75,,36.1,34.5,37.7,51.2,49,53.3
2025-05-19T18:00:00Z,55,55,,76,76,,33.1,31.4,34.7,45.4,43.4,47.5
2025-05-20T00:00:00Z,60,60,,73,73,,43,41.3,44.6,58.4,56.4,60.5
2025-05-20T06:00:00Z,61,61,,72,72,,43.3,41.8,44.9,60.4,58.4,62.4
2025-05-20T12:00:00Z,57,57,,74,74,,35.6,34.1,37.2,49,46.8,51.1
2025-05-20T18:00:00Z,56,56,,74,74,,19.5,18.1,20.9,25.6,23.3,27.9
2025-05-21T00:00:00Z,59,59,,73,73,,28.9,27.3,30.5,39.2,36.8,41.6
2025-05-21T06:00:00Z,58,58,,73,73,,47,45.3,48.7,65.2,63.5,66.9
2025-05-21T12:00:00Z,53,53,,78,78,,37.6,36,39.2,52.8,50.8,54.8
2025-05-21T18:00:00Z,53,53,,77,77,,47.4,45.6,49.2,66.3,64.6,68
2025-05-22T00:00:00Z,59,59,,72,72,,43.5,41.8,45.2,59.7,58.2,61.2
2025-05-22T06:00:00Z,60,60,,72,72,,41.2,39.8,42.6,58.3,56.9,59.7
2025-05-22T12:00:00Z,56,56,,75,75,,52.6,50.5,54.6,76.4,74.9,78
2025-05-22T18:00:00Z,51,51,,77,77,,33.1,31.7,34.4,48.5,47.1,49.9
2025-05-23T00:00:00Z,57,57,,73,73,,37.4,36.1,38.7,51.9,50.2,53.7
2025-05-23T06:00:00Z,57,57,,73,73,,44.9,43.5,46.2,61.8,60.3,63.4
2025-05-23T12:00:00Z,52,52,,76,76,,56.3,54,58.6,73.4,71.1,75.7
2025-05-23T18:00:00Z,52,52,,75,75,,521.6,543.4,499.8,1029.8,1034.8,1024.8
2025-05-24T00:00:00Z,55,55,,74,74,,42.6,41.3,43.9,59.7,58.2,61.2
2025-05-24T06:00:00Z,58,58,,73,73,,48.4,46.7,50.1,66.6,65.2,68
2025-05-24T12:00:00Z,55,55,,75,75,,39.9,38.5,41.3,55.2,53.4,57
2025-05-24T18:00:00Z,53,53,,75,75,,33.2,31.7,34.7,46.6,44.5,48.7
2025-05-25T00:00:00Z,55,55,,73,73,,47.6,45.9,49.2,65.7,64,67.4
2025-05-25T06:00:00Z,56,56,,73,73,,39,37.8,40.2,55.2,53.7,56.6
2025-05-25T12:00:00Z,51,51,,77,77,,44.4,43,45.7,62.1,60.6,63.6
2025-05-25T18:00:00Z,51,51,,76,76,,28.8,27.2,30.4,39.4,37,41.7
2025-05-26T00:00:00Z,54,54,,73,73,,38,36.7,39.4,52.9,51.3,54.5
2025-05-26T06:00:00Z,57,57,,72,72,,47.3,45.9,48.6,67.3,66.4,68.1
2025-05-26T12:00:00Z,49,49,,79,79,,32.8,31.4,34.2,45.2,43.7,46.6
2025-05-26T18:00:00Z,50,50,,78,78,,22,20.4,23.5,29.9,27.7,32.2
2025-05-27T00:00:00Z,58,58,,73,73,,35.5,34.2,36.9,50.8,49.6,52.1
2025-05-27T06:00:00Z,62,62,,71,71,,36.9,35.8,38,53.4,52.5,54.3
2025-05-27T12:00:00Z,53,53,,77,77,,40.4,39.2,41.7,56.2,54.7,57.8
2025-05-27T18:00:00Z,51,51,,78,78,,32.8,31.5,34.2,45.2,43.1,47.3
2025-05-28T00:00:00Z,57,57,,75,75,,45.2,43.7,46.6,62.2,60.5,63.9
2025-05-28T06:00:00Z,59,59,,74,74,,51.7,50,53.3,71,69.5,72.4
2025-05-28T12:00:00Z,55,55,,77,77,,48.3,46.9,49.6,66.7,65.2,68.3
2025-05-28T18:00:00Z,53,53,,77,77,,39.7,38.4,41.1,54.4,52.8,56.1
2025-05-29T00:00:00Z,56,56,,75,75,,49.2,47.5,50.9,66.6,64.9,68.2
2025-05-29T06:00:00Z,58,58,,72,72,,34.1,33,35.2,48.1,46.6,49.7
2025-05-29T12:00:00Z,54,54,,76,76,,30.3,29.2,31.3,43.1,41.7,44.5
2025-05-29T18:00:00Z,51,51,,76,76,,23,21.7,24.2,31.5,29.7,33.3
2025-05-30T00:00:00Z,57,57,,72,72,,38.1,36.7,39.5,52.6,50.8,54.5
2025-05-30T06:00:00Z,61,61,,71,71,,34.4,33.2,35.5,47.4,45.7,49.2
2025-05-30T12:00:00Z,56,56,,74,74,,22.7,21.7,23.7,31.4,29.9,32.9
2025-05-30T18:00:00Z,53,53,,75,75,,20.5,19.4,21.6,27.2,25.6,28.8
2025-05-31T00:00:00Z,56,56,,73,73,,31.5,30.4,32.7,43.4,41.4,45.3
2025-05-31T06:00:00Z,59,59,,71,71,,35.7,34.5,36.9,49.6,47.8,51.4
2025-05-31T12:00:00Z,59,59,,72,72,,35.2,34,36.3,48.8,47,50.6
2025-05-31T18:00:00Z,57,57,,72,72,,40.6,39.3,41.9,55.7,54.1,57.4
2025-06-01T00:00:00Z,58,58,,72,72,,41.8,40.7,43,58.6,57.3,59.9
2025-06-01T06:00:00Z,59,59,,72,72,,46.4,45.1,47.7,64.9,63.6,66.2
2025-06-01T12:00:00Z,61,61,,72,72,,48.7,47.3,50.1,67.5,66.2,68.9
2025-06-01T18:00:00Z,58,58,,73,73,,42.9,41.6,44.2,59.5,58,61
2025-06-02T00:00:00Z,60,60,,71,71,,51.1,49.8,52.5,70.3,69.3,71.3
2025-06-02T06:00:00Z,61,61,,71,71,,58.2,56.3,60.1,78.6,77.4,79.9
2025-06-02T12:00:00Z,58,58,,74,74,,48.8,47.3,50.3,67.6,66.2,69
2025-06-02T18:00:00Z,55,55,,75,75,,43.9,42.6,45.2,60.8,59.4,62.2
2025-06-03T00:00:00Z,61,61,,71,71,,61.4,58.8,64,79.8,78,81.7
2025-06-03T06:00:00Z,61,61,,71,71,,54.5,52.7,56.3,74.2,73,75.4
2025-06-03T12:00:00Z,57,57,,74,74,,47.6,46,49.2,64.8,63.3,66.3
2025-06-03T18:00:00Z,58,58,,74,74,,24.2,22.9,25.4,31.5,29.5,33.5
2025-06-04T00:00:00Z,61,61,,72,72,,61.8,59,64.5,79.8,77.5,82.2
2025-06-04T06:00:00Z,63,63,,71,71,,46.6,45,48.2,63.5,61.7,65.3
2025-06-04T12:00:00Z,58,58,,74,74,,24.9,23.8,26,33.6,31.5,35.7
2025-06-04T18:00:00Z,56,56,,74,74,,19.1,18,20.2,25.7,23.9,27.5
2025-06-05T00:00:00Z,61,61,,71,71,,43.7,42.4,45,59.4,57.9,61
2025-06-05T06:00:00Z,62,62,,72,72,,35.9,34.8,37,50.3,48.8,51.7
2025-06-05T12:00:00Z,58,58,,74,74,,32.8,31.7,34,46.6,45,48.3
2025-06-05T18:00:00Z,54,54,,75,75,,24.3,22.9,25.6,33.3,31.1,35.5
2025-06-06T00:00:00Z,59,59,,72,72,,39.2,38,40.4,53.3,51.6,55
2025-06-06T06:00:00Z,60,60,,72,72,,44.8,43.6,46.1,61.6,60,63.2
2025-06-06T12:00:00Z,57,57,,75,75,,36.5,35.4,37.6,50.9,49.2,52.6
2025-06-06T18:00:00Z,54,54,,75,75,,28.3,26.9,29.6,38.6,36.4,40.8
2025-06-07T00:00:00Z,59,59,,72,72,,44.4,43,45.9,59.5,57.7,61.3
2025-06-07T06:00:00Z,61,61,,70,70,,43.8,42.4,45.2,60.7,58.9,62.5
2025-06-07T12:00:00Z,55,55,,73,73,,33.1,31.9,34.3,45.7,43.9,47.6
2025-06-07T18:00:00Z,52,52,,75,75,,31,29.7,32.4,42.8,40.7,45
2025-06-08T00:00:00Z,57,57,,72,72,,48.9,47.3,50.4,67,65.4,68.6
2025-06-08T06:00:00Z,57,57,,72,72,,38.2,37.2,39.2,53.2,51.7,54.8
2025-06-08T12:00:00Z,51,51,,76,76,,33,31.8,34.1,45.5,43.6,47.5
2025-06-08T18:00:00Z,51,51,,77,77,,13.1,12.2,14.1,16.6,15,18.2
2025-06-09T00:00:00Z,56,56,,74,74,,27.1,26.1,28.2,36.7,35.1,38.3
2025-06-09T06:00:00Z,57,57,,73,73,,38.2,37.1,39.3,52.7,51,54.3
2025-06-09T12:00:00Z,53,53,,76,76,,44.2,43,45.4,62.2,60.9,63.6
2025-06-09T18:00:00Z,50,50,,77,77,,36.6,35.4,37.7,52.1,50.6,53.6
2025-06-10T00:00:00Z,55,55,,74,74,,33.4,32.2,34.5,46.2,44.5,47.9
2025-06-10T06:00:00Z,57,57,,74,74,,38.1,37,39.1,53.4,52.1,54.7
2025-06-10T12:00:00Z,51,51,,78,78,,45.3,44,46.6,62.4,60.7,64
2025-06-10T18:00:00Z,52,52,,78,78,,42.8,41.5,44.2,59.3,57.7,61
2025-06-11T00:00:00Z,55,55,,76,76,,48.4,47.2,49.6,66.2,64.9,67.4
2025-06-11T06:00:00Z,55,55,,76,76,,35.1,34.1,36,49.3,47.9,50.7
2025-06-11T12:00:00Z,49,49,,81,81,,50.7,48.9,52.5,68.5,67.1,70
2025-06-11T18:00:00Z,48,48,,81,81,,16,15,16.9,21.2,19.8,22.5
2025-06-12T00:00:00Z,56,56,,76,76,,40.4,39.1,41.7,55.5,53.9,57
2025-06-12T06:00:00Z,58,58,,73,73,,41.2,40.2,42.3,57.6,56.7,58.4
2025-06-12T12:00:00Z,51,51,,78,78,,30.6,29.3,31.9,42.6,40.6,44.6
2025-06-12T18:00:00Z,55,55,,77,77,,27.6,26.2,29,38.3,36.1,40.4
2025-06-13T00:00:00Z,58,58,,74,74,,44.3,43.1,45.6,61.5,59.9,63.1
2025-06-13T06:00:00Z,58,58,,74,74,,43.2,42,44.4,60.2,58.7,61.7
2025-06-13T12:00:00Z,52,52,,79,79,,28.8,27.8,29.8,40.5,39.5,41.5
2025-06-13T18:00:00Z,53,53,,77,77,,15.2,14.1,16.2,19.9,18.4,21.5
2025-06-14T00:00:00Z,58,58,,75,75,,31.2,29.9,32.4,42.5,40.8,44.3
2025-06-14T06:00:00Z,58,58,,75,75,,37.3,36.3,38.4,51,49.5,52.6
2025-06-14T12:00:00Z,53,53,,78,78,,40,38.8,41.3,55.2,53.8,56.6
2025-06-14T18:00:00Z,54,54,,77,77,,29.5,28.1,30.8,40.3,38,42.6
2025-06-15T00:00:00Z,56,56,,76,76,,40.1,39.1,41.2,55.8,54.7,56.9
2025-06-15T06:00:00Z,58,58,,75,75,,42.2,41.2,43.3,60.3,59.4,61.1
2025-06-15T12:00:00Z,54,54,,77,77,,45,43.9,46.2,62.9,61.5,64.2
2025-06-15T18:00:00Z,51,51,,78,78,,19,17.7,20.3,24.3,22.2,26.3
2025-06-16T00:00:00Z,58,58,,74,74,,31.9,30.6,33.2,43.7,41.9,45.6
2025-06-16T06:00:00Z,62,62,,73,73,,28.7,27.5,30,40.4,38.5,42.4
2025-06-16T12:00:00Z,59,59,,74,74,,26.5,25.3,27.8,36.8,34.9,38.8
2025-06-16T18:00:00Z,56,56,,76,76,,29,27.7,30.2,39.9,38,41.8
2025-06-17T00:00:00Z,62,62,,72,72,,40.6,39.4,41.8,56.2,54.5,57.9
2025-06-17T06:00:00Z,63,63,,71,71,,15.7,14.9,16.6,21.3,19.7,22.8
2025-06-17T12:00:00Z,56,56,,75,75,,30.8,29.6,32,42.3,40.5,44
2025-06-17T18:00:00Z,56,56,,75,75,,26.8,25.6,28,37.1,35.4,38.8
2025-06-18T00:00:00Z,61,61,,72,72,,37.1,35.8,38.3,50.6,48.8,52.4
2025-06-18T06:00:00Z,59,59,,73,73,,30.5,29.7,31.4,42.5,41.2,43.8
2025-06-18T12:00:00Z,56,56,,75,75,,41.3,40.3,42.4,57.4,56,58.7
2025-06-18T18:00:00Z,57,57,,75,75,,29.2,28,30.4,40,38.2,41.8
2025-06-19T00:00:00Z,59,59,,74,74,,39.4,38.3,40.4,53.9,52.3,55.4
2025-06-19T06:00:00Z,63,63,,71,71,,20.6,19.9,21.4,27.7,26.4,28.9
2025-06-19T12:00:00Z,59,59,,74,74,,11.8,11,12.6,15.4,14.4,16.5
2025-06-19T18:00:00Z,57,57,,75,75,,13.2,12.5,13.8,17.7,17,18.4
2025-06-20T00:00:00Z,61,61,,73,73,,28,26.9,29.1,37.6,35.9,39.2
2025-06-20T06:00:00Z,58,58,,73,73,,28,26.7,29.2,37.1,34.8,39.4
2025-06-20T12:00:00Z,58,58,,75,75,,69.5,66.3,72.7,83.7,80.3,87
2025-06-20T18:00:00Z,59,59,,73,73,,45.4,44.2,46.7,62,60.6,63.4
2025-06-21T00:00:00Z,61,61,,72,72,,49.3,47.7,50.9,65.9,64.2,67.6
2025-06-21T06:00:00Z,60,60,,71,71,,41.1,40,42.1,56.3,54.8,57.8
2025-06-21T12:00:00Z,57,57,,73,73,,35.6,34.4,36.8,48.1,46.4,49.7
2025-06-21T18:00:00Z,56,56,,73,73,,33.8,32.5,35,45.7,43.9,47.5
2025-06-22T00:00:00Z,59,59,,72,72,,48.2,47.1,49.3,65.7,64.3,67.2
2025-06-22T06:00:00Z,62,62,,71,71,,36.7,35.9,37.5,49.5,48.2,50.8
2025-06-22T12:00:00Z,61,61,,72,72,,29.6,28.4,30.8,38.7,36.6,40.8
2025-06-22T18:00:00Z,58,58,,72,72,,24,22.6,25.4,30.7,28.6,32.8
2025-06-23T00:00:00Z,58,58,,72,72,,37.2,36.2,38.3,50.1,48.6,51.5
2025-06-23T06:00:00Z,59,59,,72,72,,35.3,34.3,36.2,48.4,46.9,49.8
2025-06-23T12:00:00Z,54,54,,77,77,,40,39,41,55.2,53.9,56.5
2025-06-23T18:00:00Z,53,53,,77,77,,36.6,35.5,37.6,50.7,49.3,52
2025-06-24T00:00:00Z,60,60,,73,73,,46.3,45.3,47.4,62.6,61.5,63.7
2025-06-24T06:00:00Z,62,62,,70,70,,77.2,74.4,80,92.3,90.1,94.5
2025-06-24T12:00:00Z,53,53,,78,78,,80.9,77.4,84.5,94.2,90.4,98
2025-06-24T18:00:00Z,51,51,,79,79,,23,21.6,24.4,30.6,28.6,32.5
2025-06-25T00:00:00Z,58,58,,74,74,,45.8,44.4,47.2,60.3,58.8,61.7
2025-06-25T06:00:00Z,59,59,,73,73,,35.6,34.7,36.4,48.4,47.3,49.6
2025-06-25T12:00:00Z,51,51,,77,77,,42.5,41.2,43.8,58.9,57.4,60.4
2025-06-25T18:00:00Z,52,52,,77,77,,29.7,28.4,30.9,40.9,39,42.7
2025-06-26T00:00:00Z,58,58,,73,73,,46.5,44.9,48.2,62.8,60.8,64.9
2025-06-26T06:00:00Z,58,58,,73,73,,44.3,43.1,45.6,61.4,59.9,62.9
2025-06-26T12:00:00Z,56,56,,75,75,,35.9,34.7,37,50.6,49.2,52.1
2025-06-26T18:00:00Z,55,55,,76,76,,29.8,28.5,31.1,41.4,39.6,43.3
2025-06-27T00:00:00Z,58,58,,74,74,,45.1,43.6,46.7,61.7,59.8,63.6
2025-06-27T06:00:00Z,59,59,,73,73,,25.4,24.3,26.6,35.3,33.3,37.3
2025-06-27T12:00:00Z,57,57,,75,75,,22.6,21.4,23.8,30.7,28.9,32.5
2025-06-27T18:00:00Z,61,61,,74,74,,22.1,21.1,23.1,30.6,29.2,32
2025-06-28T00:00:00Z,65,65,,71,71,,31.5,30.2,32.8,42.2,39.7,44.6
2025-06-28T06:00:00Z,62,62,,72,72,,33.2,32.1,34.3,47.2,45.7,48.7
2025-06-28T12:00:00Z,59,59,,73,73,,34,32.8,35.2,47.4,45.6,49.2
2025-06-28T18:00:00Z,61,61,,72,72,,28.8,27.5,30.2,39.6,37.4,41.8
2025-06-29T00:00:00Z,62,62,,72,72,,35.4,34.3,36.6,48.9,47,50.7
2025-06-29T06:00:00Z,65,65,,70,70,,17,16.1,17.9,22.4,21.1,23.8
2025-06-29T12:00:00Z,61,61,,73,73,,17.5,16.5,18.6,24.7,23.2,26.2
2025-06-29T18:00:00Z,58,58,,73,73,,13.5,12.7,14.4,17.4,16.1,18.7
2025-06-30T00:00:00Z,62,62,,72,72,,30.1,28.9,31.3,40,38.1,41.9
2025-06-30T06:00:00Z,63,63,,72,72,,36.7,35.6,37.9,51.3,49.5,53.1
2025-06-30T12:00:00Z,62,62,,72,72,,34,32.9,35.2,47.7,46.3,49.1
2025-06-30T18:00:00Z,63,63,,71,71,,34.1,32.7,35.6,45.2,43.2,47.2
2025-07-01T00:00:00Z,62,62,,71,71,,47.6,46.2,49,64.7,62.9,66.5
2025-07-01T06:00:00Z,63,63,,71,71,,41.6,40.6,42.7,57.7,56.1,59.3
2025-07-01T12:00:00Z,60,60,,72,72,,28,26.8,29.3,37.3,35.3,39.4
2025-07-01T18:00:00Z,56,56,,73,73,,20.6,19.3,22,27.6,25.4,29.8
2025-07-02T00:00:00Z,61,61,,71,71,,44.3,43,45.6,60.9,59.3,62.5
2025-07-02T06:00:00Z,61,61,,71,71,,46.4,45.3,47.6,64.4,63,65.7
2025-07-02T12:00:00Z,55,55,,76,76,,47.2,46,48.3,65.6,64.4,66.8
2025-07-02T18:00:00Z,53,53,,76,76,,30.8,29.6,31.9,43.1,41.4,44.7
2025-07-03T00:00:00Z,57,57,,73,73,,47.2,45.7,48.7,64.4,62.9,66
2025-07-03T06:00:00Z,61,61,,72,72,,53.4,51.9,54.9,73.4,72.1,74.7
2025-07-03T12:00:00Z,54,54,,77,77,,53.4,51.9,54.9,73.9,73,74.9
2025-07-03T18:00:00Z,54,54,,77,77,,41,39.8,42.1,57.1,55.8,58.5
2025-07-04T00:00:00Z,60,60,,73,73,,45.4,44.3,46.5,63.4,62.2,64.6
2025-07-04T06:00:00Z,63,63,,72,72,,46.9,45.9,48,65.2,64,66.4
2025-07-04T12:00:00Z,55,55,,77,77,,45.3,44.3,46.3,63.4,62.3,64.6
2025-07-04T18:00:00Z,52,52,,78,78,,42.3,41.1,43.6,59,57.6,60.4
2025-07-05T00:00:00Z,59,59,,74,74,,63.3,60.8,65.8,82,80.3,83.7
2025-07-05T06:00:00Z,63,63,,72,72,,39.6,38.6,40.6,54.7,53.3,56.1
2025-07-05T12:00:00Z,61,61,,73,73,,25.2,24,26.4,33.6,31.5,35.7
2025-07-05T18:00:00Z,60,60,,72,72,,21.7,20.5,22.8,28.6,26.9,30.2
2025-07-06T00:00:00Z,63,63,,70,70,,40.6,39.3,41.9,55.4,53.5,57.3
2025-07-06T06:00:00Z,63,63,,70,70,,34.1,32.9,35.3,47.5,45.6,49.4
2025-07-06T12:00:00Z,57,57,,73,73,,33.4,32.3,34.5,46.6,44.8,48.5
2025-07-06T18:00:00Z,57,57,,73,73,,26.7,25.5,27.8,36.1,34.2,38.1
2025-07-07T00:00:00Z,61,61,,71,71,,35.3,34.1,36.5,48,46,49.9
2025-07-07T06:00:00Z,62,62,,70,70,,29,27.9,30,40,38.1,41.9
2025-07-07T12:00:00Z,54,54,,74,74,,35.3,34.1,36.6,48.6,46.7,50.4
2025-07-07T18:00:00Z,52,52,,75,75,,24.8,23.6,26,35.4,33.6,37.1
2025-07-08T00:00:00Z,57,57,,72,72,,37.9,36.7,39.1,53.3,51.8,54.8
2025-07-08T06:00:00Z,61,61,,71,71,,29.3,28.3,30.3,39.7,37.7,41.7
2025-07-08T12:00:00Z,58,58,,74,74,,23.9,22.9,25,32.3,30.6,34
2025-07-08T18:00:00Z,51,51,,76,76,,19.2,18.1,20.3,25.9,24.1,27.6
2025-07-09T00:00:00Z,56,56,,73,73,,32.5,31.4,33.6,44.5,42.7,46.2
2025-07-09T06:00:00Z,58,58,,72,72,,28.1,27,29.3,38.5,36.7,40.4
2025-07-09T12:00:00Z,57,57,,73,73,,31.7,30.6,32.8,43,41.1,44.9
2025-07-09T18:00:00Z,57,57,,73,73,,27.1,26,28.3,37,35.1,38.9
2025-07-10T00:00:00Z,63,63,,70,70,,34.1,33,35.2,46.5,44.7,48.3
2025-07-10T06:00:00Z,58,58,,71,71,,34.9,33.8,35.9,48.7,46.8,50.5
2025-07-10T12:00:00Z,56,56,,72,72,,22.2,21.1,23.2,30.4,28.5,32.3
2025-07-10T18:00:00Z,56,56,,73,73,,32.2,31.1,33.3,44.8,43.2,46.5
2025-07-11T00:00:00Z,58,58,,71,71,,37.1,36,38.1,51.2,49.6,52.8
2025-07-11T06:00:00Z,60,60,,70,70,,30.6,29.6,31.6,42.5,41,44
2025-07-11T12:00:00Z,54,54,,75,75,,28.4,27.2,29.5,38.7,36.7,40.8
2025-07-11T18:00:00Z,49,49,,76,76,,29,27.8,30.1,41.1,39.3,42.9
2025-07-12T00:00:00Z,57,57,,70,70,,50.5,48.9,52.1,68.4,67,69.8
2025-07-12T06:00:00Z,57,57,,71,71,,90.3,87,93.5,115.4,113.1,117.7
2025-07-12T12:00:00Z,52,52,,75,75,,73.4,70.7,76,92.7,90.2,95.3
2025-07-12T18:00:00Z,52,52,,75,75,,33.3,32,34.6,46.1,44.3,48
2025-07-13T00:00:00Z,57,57,,72,72,,42.7,41.6,43.9,58.7,57.2,60.3
2025-07-13T06:00:00Z,59,59,,72,72,,45.2,44.1,46.3,62.5,61.2,63.9
2025-07-13T12:00:00Z,57,57,,73,73,,44.3,42.8,45.7,60.1,58.5,61.8
2025-07-13T18:00:00Z,53,53,,74,74,,29.7,28.4,31.1,41.1,38.9,43.3
2025-07-14T00:00:00Z,58,58,,71,71,,46.9,45.5,48.4,63.9,62.2,65.5
2025-07-14T06:00:00Z,56,56,,72,72,,55.7,53.7,57.6,73.9,72,75.8
2025-07-14T12:00:00Z,54,54,,72,72,,38.4,37,39.8,52.6,50.7,54.5
2025-07-14T18:00:00Z,54,54,,72,72,,32.4,31.1,33.6,44.7,42.6,46.8
2025-07-15T00:00:00Z,60,60,,70,70,,36.7,35.5,37.9,50.7,48.8,52.7
2025-07-15T06:00:00Z,61,61,,69,69,,30.6,29.2,31.9,41.7,39.4,43.9
2025-07-15T12:00:00Z,55,55,,73,73,,25.9,24.6,27.3,35.6,33.5,37.7
2025-07-15T18:00:00Z,56,56,,72,72,,25.7,24.4,26.9,35.4,33.5,37.3
2025-07-16T00:00:00Z,62,62,,69,69,,32.1,30.9,33.4,43.3,41.2,45.4
2025-07-16T06:00:00Z,60,60,,70,70,,21.7,20.5,22.9,29.3,27.6,31
2025-07-16T12:00:00Z,55,55,,73,73,,26.1,24.8,27.4,35.7,33.7,37.7
2025-07-16T18:00:00Z,52,52,,74,74,,22.6,21.5,23.8,31.1,29.2,33
2025-07-17T00:00:00Z,56,56,,72,72,,43,41.8,44.2,59,57.5,60.5
2025-07-17T06:00:00Z,58,58,,71,71,,43.3,42.1,44.4,60.3,59.1,61.4
2025-07-17T12:00:00Z,51,51,,76,76,,41.2,40,42.4,57.5,56.1,58.9
2025-07-17T18:00:00Z,51,51,,75,75,,38.9,37.6,40.3,54.9,53.3,56.5
2025-07-18T00:00:00Z,56,56,,73,73,,41.3,40.1,42.5,57.2,55.7,58.7
2025-07-18T06:00:00Z,59,59,,71,71,,42.3,41.1,43.5,58.7,57.3,60.1
2025-07-18T12:00:00Z,57,57,,73,73,,45.8,44.5,47.1,63.1,61.5,64.7
2025-07-18T18:00:00Z,56,56,,73,73,,37.7,36.5,38.9,53,51.3,54.6
2025-07-19T00:00:00Z,58,58,,71,71,,44.7,43.3,46,61.4,59.6,63.2
2025-07-19T06:00:00Z,60,60,,71,71,,43.4,42.1,44.6,59.7,58.1,61.4
2025-07-19T12:00:00Z,59,59,,71,71,,40.6,39.3,41.8,56.2,54.4,57.9
2025-07-19T18:00:00Z,56,56,,72,72,,30.7,29.4,32.1,42.7,40.7,44.7
2025-07-20T00:00:00Z,59,59,,70,70,,46.2,44.6,47.7,63.6,61.9,65.4
2025-07-20T06:00:00Z,60,60,,70,70,,39.2,38,40.4,54.7,53,56.4
2025-07-20T12:00:00Z,57,57,,71,71,,36.8,35.5,38.1,51.4,49.6,53.1
2025-07-20T18:00:00Z,53,53,,73,73,,36.1,34.8,37.3,51.1,49.6,52.7
2025-07-21T00:00:00Z,58,58,,70,70,,47.4,46,48.8,65.9,64.3,67.4
2025-07-21T06:00:00Z,59,59,,70,70,,41.5,40.3,42.8,58.2,56.6,59.9
2025-07-21T12:00:00Z,53,53,,74,74,,46.2,44.9,47.4,65,63.5,66.4
2025-07-21T18:00:00Z,54,54,,73,73,,35.8,34.3,37.4,48.6,46.3,50.9
2025-07-22T00:00:00Z,56,56,,72,72,,43.7,42.4,44.9,60.9,59.3,62.5
2025-07-22T06:00:00Z,58,58,,71,71,,51.4,49.6,53.3,70.1,68.5,71.8
2025-07-22T12:00:00Z,57,57,,72,72,,50.2,48.6,51.9,69.3,67.7,70.9
2025-07-22T18:00:00Z,53,53,,74,74,,28.8,27.3,30.3,40.1,37.9,42.3
2025-07-23T00:00:00Z,56,56,,72,72,,49.4,47.9,51,67.4,65.7,69
2025-07-23T06:00:00Z,58,58,,71,71,,51.7,50,53.4,69.9,68.1,71.6
2025-07-23T12:00:00Z,55,55,,73,73,,44.6,43.3,46,62.6,61,64.2
2025-07-23T18:00:00Z,54,54,,73,73,,29.2,27.8,30.6,40.6,38.5,42.8
2025-07-24T00:00:00Z,57,57,,71,71,,41.1,39.9,42.4,57.1,55.3,58.8
2025-07-24T06:00:00Z,57,57,,70,70,,41.2,39.9,42.4,57.2,55.3,59.1
2025-07-24T12:00:00Z,52,52,,74,74,,40.7,39.3,42,57.4,55.9,58.9
2025-07-24T18:00:00Z,48,48,,76,76,,34.1,32.8,35.4,47.9,46.2,49.7
2025-07-25T00:00:00Z,56,56,,72,72,,36.2,34.8,37.5,50.3,48.3,52.3
2025-07-25T06:00:00Z,57,57,,71,71,,43.9,42.6,45.2,61,59.2,62.8
2025-07-25T12:00:00Z,51,51,,74,74,,40.7,39.2,42.1,56.7,54.9,58.6
2025-07-25T18:00:00Z,48,48,,75,75,,32.3,30.7,33.8,45.1,42.8,47.4
2025-07-26T00:00:00Z,55,55,,71,71,,47.1,45.6,48.7,64.2,62.1,66.3
2025-07-26T06:00:00Z,54,54,,71,71,,51.8,50,53.6,70,67.9,72.1
2025-07-26T12:00:00Z,48,48,,75,75,,52.3,50,54.6,69.2,67,71.4
2025-07-26T18:00:00Z,49,49,,75,75,,25.7,24.2,27.2,34.9,32.6,37.3
2025-07-27T00:00:00Z,55,55,,72,72,,43.7,42.4,45,59.9,58.1,61.8
2025-07-27T06:00:00Z,56,56,,71,71,,36,34.7,37.4,50,47.9,52.1
2025-07-27T12:00:00Z,51,51,,74,74,,24.7,23.4,26,34.2,32,36.4
2025-07-27T18:00:00Z,48,48,,76,76,,27.9,26.4,29.4,38.9,36.8,41.1
2025-07-28T00:00:00Z,54,54,,72,72,,36.6,35.2,38,50.9,49,52.9
2025-07-28T06:00:00Z,55,55,,72,72,,34.8,33.4,36.2,47.9,45.8,50.1
2025-07-28T12:00:00Z,49,49,,75,75,,30.4,29,31.9,42.2,40.2,44.3
2025-07-28T18:00:00Z,48,48,,77,77,,21.8,20.4,23.2,29.5,26.9,32.1
2025-07-29T00:00:00Z,57,57,,71,71,,36.7,35.4,38.1,50.8,49,52.6
2025-07-29T06:00:00Z,58,58,,70,70,,45.3,44,46.7,62.6,61,64.2
2025-07-29T12:00:00Z,50,50,,76,76,,41.9,40.5,43.3,57.7,55.8,59.6
2025-07-29T18:00:00Z,51,51,,76,76,,29.4,27.9,30.8,40.1,37.7,42.5
2025-07-30T00:00:00Z,57,57,,73,73,,35.2,33.9,36.4,48.6,46.8,50.4
2025-07-30T06:00:00Z,57,57,,72,72,,41.2,39.8,42.6,57.3,55.4,59.1
2025-07-30T12:00:00Z,53,53,,75,75,,38.6,37.2,40.1,53.3,51.3,55.3
2025-07-30T18:00:00Z,52,52,,76,76,,26.7,25.3,28.2,36.2,34.1,38.4
2025-07-31T00:00:00Z,57,57,,72,72,,27.9,26.3,29.6,38.2,35.4,40.9
2025-07-31T06:00:00Z,59,59,,72,72,,37.5,36.3,38.7,51.9,50,53.8
2025-07-31T12:00:00Z,53,53,,75,75,,41.5,40,43,57.1,54.9,59.2
2025-07-31T18:00:00Z,52,52,,75,75,,35.1,33.6,36.7,48.2,45.8,50.5
2025-08-01T00:00:00Z,57,57,,71,71,,40.3,38.6,42,53.8,51.4,56.3
2025-08-01T06:00:00Z,57,57,,72,72,,38.7,37.3,40.1,53.2,51.1,55.2
2025-08-01T12:00:00Z,54,54,,74,74,,39.1,37.7,40.4,57.2,56.1,58.3
2025-08-01T18:00:00Z,57,57,,72,72,,23.5,22,24.9,37.2,35.8,38.5
2025-08-02T00:00:00Z,59,59,,70,70,,27.1,25.5,28.6,37.1,35,39.3
2025-08-02T06:00:00Z,57,57,,71,71,,30.8,29.4,32.2,43.5,41.6,45.3
2025-08-02T12:00:00Z,54,54,,74,74,,31.4,30.1,32.8,44.1,42.3,45.8
2025-08-02T18:00:00Z,50,50,,76,76,,15.5,14.3,16.8,23,21.1,24.8
2025-08-03T00:00:00Z,56,56,,72,72,,28.4,26.9,29.9,40.4,38.4,42.4
2025-08-03T06:00:00Z,61,61,,70,70,,29.4,27.9,30.8,41.6,39.2,43.9
2025-08-03T12:00:00Z,58,58,,72,72,,12.9,11.8,14,17.5,16.2,18.8
2025-08-03T18:00:00Z,52,52,,75,75,,10.3,9.3,11.3,13.2,12.1,14.3
2025-08-04T00:00:00Z,57,57,,72,72,,24,22.4,25.7,32.9,30.7,35.1
2025-08-04T06:00:00Z,58,58,,71,71,,34.9,33.3,36.5,48.7,46.6,50.9
2025-08-04T12:00:00Z,56,56,,73,73,,43,41.6,44.3,60.5,58.9,62.1
2025-08-04T18:00:00Z,52,52,,75,75,,31.6,30.1,33.1,43.7,41.6,45.8
2025-08-05T00:00:00Z,58,58,,72,72,,47.3,45.6,49,64.7,62.7,66.6
2025-08-05T06:00:00Z,61,61,,71,71,,44.7,43.3,46,62.2,60.7,63.7
2025-08-05T12:00:00Z,57,57,,73,73,,43.5,41.8,45.1,60.3,58.3,62.3
2025-08-05T18:00:00Z,54,54,,75,75,,37.9,36.3,39.4,52.8,50.8,54.9
2025-08-06T00:00:00Z,58,58,,72,72,,43.4,41.8,44.9,60.1,58.1,62
2025-08-06T06:00:00Z,61,61,,70,70,,45.3,43.6,46.9,63,60.9,65.2
2025-08-06T12:00:00Z,57,57,,73,73,,40.4,39,41.8,56.7,54.8,58.5
2025-08-06T18:00:00Z,54,54,,74,74,,30.8,29.2,32.4,43.2,40.9,45.5
2025-08-07T00:00:00Z,58,58,,71,71,,34.8,33.4,36.3,48.5,46.4,50.5
2025-08-07T06:00:00Z,60,60,,71,71,,47.9,46.4,49.4,67.2,65.6,68.8
2025-08-07T12:00:00Z,58,58,,72,72,,34.2,32.8,35.6,47.2,45,49.4
2025-08-07T18:00:00Z,55,55,,73,73,,25.6,24,27.1,35.4,33.1,37.7
2025-08-08T00:00:00Z,59,59,,71,71,,28.8,27.2,30.5,39.6,37.3,41.9
2025-08-08T06:00:00Z,63,63,,69,69,,35.5,34,37,49.4,47,51.7
2025-08-08T12:00:00Z,59,59,,72,72,,33.9,32.3,35.6,46.8,44.4,49.3
2025-08-08T18:00:00Z,56,56,,72,72,,32.9,31.4,34.4,46.1,44.1,48.1
2025-08-09T00:00:00Z,60,60,,70,70,,51.3,49.2,53.3,69,67.1,70.9
2025-08-09T06:00:00Z,60,60,,70,70,,40.3,38.7,41.8,56.1,54,58.2
2025-08-09T12:00:00Z,58,58,,71,71,,41.8,40.2,43.3,58.3,56.3,60.2
2025-08-09T18:00:00Z,55,55,,72,72,,35.1,33.4,36.8,49.8,47.5,52.1
2025-08-10T00:00:00Z,59,59,,70,70,,52.2,49.7,54.7,68.6,65.9,71.4
2025-08-10T06:00:00Z,59,59,,70,70,,50,48.4,51.6,69.1,67.1,71
2025-08-10T12:00:00Z,55,55,,72,72,,38.2,36.6,39.8,53.2,50.8,55.5
2025-08-10T18:00:00Z,52,52,,75,75,,30.3,28.4,32.2,41.1,38.3,44
2025-08-11T00:00:00Z,60,60,,69,69,,43.9,42.2,45.6,60.7,58.4,63
2025-08-11T06:00:00Z,59,59,,70,70,,29,27.2,30.8,39.6,36.6,42.5
2025-08-11T12:00:00Z,53,53,,73,73,,25.8,23.9,27.8,35.6,32.9,38.3
2025-08-11T18:00:00Z,50,50,,76,76,,19.2,17.5,20.9,25.9,23.4,28.4
2025-08-12T00:00:00Z,56,56,,71,71,,30.6,28.7,32.5,41.7,39,44.4
2025-08-12T06:00:00Z,57,57,,71,71,,38.9,37.3,40.5,53.8,51.7,56
2025-08-12T12:00:00Z,54,54,,74,74,,31.9,30.2,33.7,43.9,41.4,46.4
2025-08-12T18:00:00Z,49,49,,75,75,,27,25.2,28.9,37.3,34.7,39.9
2025-08-13T00:00:00Z,55,55,,72,72,,27.2,25.2,29.1,36.8,34.2,39.5
2025-08-13T06:00:00Z,57,57,,71,71,,36.3,34.4,38.1,50.8,48.2,53.3
2025-08-13T12:00:00Z,52,52,,76,76,,43.9,42.4,45.3,61.8,60,63.5
2025-08-13T18:00:00Z,48,48,,77,77,,30.6,28.7,32.6,41.8,39.2,44.4
2025-08-14T00:00:00Z,56,56,,71,71,,39.5,37.9,41,54.2,52.1,56.3
2025-08-14T06:00:00Z,57,57,,72,72,,44.8,43.4,46.2,62.5,60.6,64.4
2025-08-14T12:00:00Z,53,53,,74,74,,45.3,43.9,46.7,63.8,62.2,65.5
2025-08-14T18:00:00Z,48,48,,77,77,,32.6,31,34.2,45.4,42.9,47.9
2025-08-15T00:00:00Z,57,57,,72,72,,47.6,46.1,49.1,65.8,64.1,67.4
2025-08-15T06:00:00Z,57,57,,71,71,,46.7,45.1,48.2,64.1,62.2,65.9
2025-08-15T12:00:00Z,55,55,,73,73,,35.7,34,37.4,49.2,46.8,51.5
2025-08-15T18:00:00Z,48,48,,75,75,,16.5,14.5,18.5,21.4,18.4,24.3
2025-08-16T00:00:00Z,52,52,,72,72,,41.5,39.8,43.3,57,54.7,59.3
2025-08-16T06:00:00Z,55,55,,71,71,,43.1,41.4,44.8,59.6,57.1,62
2025-08-16T12:00:00Z,46,46,,77,77,,42.9,41.3,44.4,59.7,57.3,62.1
2025-08-16T18:00:00Z,45,45,,77,77,,26.6,24.6,28.7,37,33.9,40.1
2025-08-17T00:00:00Z,55,55,,70,70,,38,36.4,39.6,52.4,50.3,54.5
2025-08-17T06:00:00Z,56,56,,69,69,,44.5,43.2,45.8,61.6,60,63.2
2025-08-17T12:00:00Z,48,48,,76,76,,43.8,42.2,45.5,61,58.9,63.1
2025-08-17T18:00:00Z,51,51,,75,75,,32.1,30,34.2,44.1,41.1,47.2
2025-08-18T00:00:00Z,56,56,,71,71,,36.6,35.1,38.2,50.5,48.2,52.9
2025-08-18T06:00:00Z,57,57,,71,71,,36.6,35,38.1,50.4,48,52.8
2025-08-18T12:00:00Z,52,52,,75,75,,31.6,29.9,33.3,44.6,42.3,47
2025-08-18T18:00:00Z,51,51,,73,73,,21.1,18.6,23.5,29.3,25.8,32.8
2025-08-19T00:00:00Z,56,56,,71,71,,42.2,40.4,43.9,57.5,54.9,60.1
2025-08-19T06:00:00Z,55,55,,71,71,,42.1,40.6,43.6,57.2,55,59.4
2025-08-19T12:00:00Z,48,48,,76,76,,30.6,28.8,32.3,42.6,40,45.2
2025-08-19T18:00:00Z,50,50,,74,74,,17.8,16,19.7,25,22.6,27.5
2025-08-20T00:00:00Z,54,54,,72,72,,33.4,31.7,35.1,46.1,43.7,48.5
2025-08-20T06:00:00Z,56,56,,71,71,,22.5,20.6,24.3,30.2,27.6,32.8
2025-08-20T12:00:00Z,49,49,,76,76,,22.7,20.9,24.5,31.5,29.1,33.9
2025-08-20T18:00:00Z,47,47,,77,77,,19.4,17.6,21.3,26.5,24,29
2025-08-21T00:00:00Z,55,55,,72,72,,37.7,36,39.5,53,50.9,55.1
2025-08-21T06:00:00Z,57,57,,71,71,,31.9,30.3,33.4,43.8,41.5,46.1
2025-08-21T12:00:00Z,54,54,,73,73,,21.8,20.1,23.5,29.1,26.9,31.4
2025-08-21T18:00:00Z,50,50,,75,75,,8.7,7.4,10,10.7,9,12.3
2025-08-22T00:00:00Z,64,64,,68,68,,35,33.1,36.9,47.1,44.5,49.8
2025-08-22T06:00:00Z,64,64,,68,68,,12.1,10.9,13.2,14.7,13,16.3
2025-08-22T12:00:00Z,54,54,,74,74,,18.9,17.2,20.6,24.8,22.6,27
2025-08-22T18:00:00Z,56,56,,71,71,,21.1,19,23.2,28.3,25.3,31.2
2025-08-23T00:00:00Z,60,60,,68,68,,20.7,18.8,22.7,28.2,25.3,31
2025-08-23T06:00:00Z,57,57,,70,70,,15.2,13.5,16.8,22.6,20.8,24.5
2025-08-23T12:00:00Z,54,54,,72,72,,21.8,20,23.7,33.1,31,35.1
2025-08-23T18:00:00Z,55,55,,71,71,,25.4,23.3,27.6,37.6,34.8,40.4
2025-08-24T00:00:00Z,60,60,,69,69,,25.1,23.1,27.1,36.7,34.2,39.2
2025-08-24T06:00:00Z,58,58,,70,70,,30.5,29.1,31.9,45.2,43.9,46.5
2025-08-24T12:00:00Z,60,60,,70,70,,16.8,15,18.5,26.2,23.8,28.5
2025-08-24T18:00:00Z,57,57,,70,70,,25.6,23.5,27.8,39.2,36.8,41.6
2025-08-25T00:00:00Z,59,59,,69,69,,32.6,30.9,34.2,47.7,45.9,49.6
2025-08-25T06:00:00Z,61,61,,68,68,,18,16.8,19.2,28.3,26.9,29.7
2025-08-25T12:00:00Z,54,54,,73,73,,17.4,15.9,18.9,25,23,27.1
2025-08-25T18:00:00Z,49,49,,74,74,,10.3,8.8,11.7,15,13.4,16.7
2025-08-26T00:00:00Z,58,58,,69,69,,30.8,29.3,32.3,44.6,43.2,46
2025-08-26T06:00:00Z,60,60,,69,69,,47.2,45.3,49.1,65.1,63.2,67.1
2025-08-26T12:00:00Z,55,55,,72,72,,37.4,35.9,38.9,53.1,51.1,55.1
2025-08-26T18:00:00Z,54,54,,73,73,,27.9,25.8,29.9,39.1,36.2,42
2025-08-27T00:00:00Z,57,57,,70,70,,45,43.3,46.8,62.2,60.2,64.3
2025-08-27T06:00:00Z,61,61,,68,68,,36.6,35,38.2,51.2,48.8,53.5
2025-08-27T12:00:00Z,57,57,,72,72,,24.2,22.5,25.9,33.5,31.2,35.9
2025-08-27T18:00:00Z,53,53,,73,73,,19,17.2,20.8,25.4,23,27.9
2025-08-28T00:00:00Z,59,59,,69,69,,38.4,36.7,40.1,53.2,50.8,55.6
2025-08-28T06:00:00Z,60,60,,69,69,,33,31.3,34.8,46.1,43.4,48.8
2025-08-28T12:00:00Z,58,58,,71,71,,28.6,26.8,30.3,38.9,36.2,41.6
2025-08-28T18:00:00Z,57,57,,71,71,,23.1,21.2,25,30.8,28.1,33.6
2025-08-29T00:00:00Z,62,62,,68,68,,39.6,37.8,41.4,54.3,51.8,56.8
2025-08-29T06:00:00Z,62,62,,68,68,,36.3,34.9,37.7,50.3,48,52.6
2025-08-29T12:00:00Z,58,58,,70,70,,30.2,28.6,31.8,41.1,38.4,43.7
2025-08-29T18:00:00Z,53,53,,71,71,,24.4,22.5,26.4,33.4,30.5,36.4
2025-08-30T00:00:00Z,56,56,,69,69,,46.1,44.3,48,62.7,60.5,65
2025-08-30T06:00:00Z,57,57,,68,68,,41.4,39.4,43.5,55.3,52.6,57.9
2025-08-30T12:00:00Z,51,51,,73,73,,24.6,22.7,26.5,33.3,30.9,35.8
2025-08-30T18:00:00Z,49,49,,74,74,,18.4,16.3,20.4,24.4,21.5,27.3
2025-08-31T00:00:00Z,56,56,,68,68,,33.3,31.6,35,45.7,43.3,48.1
2025-08-31T06:00:00Z,57,57,,69,69,,28.6,27,30.3,40.3,37.8,42.8
2025-08-31T12:00:00Z,52,52,,73,73,,22.7,21,24.4,31.5,29,34.1
2025-08-31T18:00:00Z,49,49,,75,75,,20.7,18.9,22.5,28.5,25.8,31.1
2025-09-01T00:00:00Z,56,56,,70,70,,41.1,39.6,42.5,57.3,55.4,59.1
2025-09-01T06:00:00Z,55,55,,71,71,,43.6,42.4,44.9,60.7,58.9,62.6
2025-09-01T12:00:00Z,54,54,,73,73,,35,33.6,36.4,49.2,47.1,51.3
2025-09-01T18:00:00Z,53,53,,73,73,,20,18.3,21.7,27.8,25.5,30.1
2025-09-02T00:00:00Z,56,56,,70,70,,31,29.3,32.8,43.3,40.8,45.9
2025-09-02T06:00:00Z,60,60,,68,68,,30.9,29.3,32.5,42.1,40,44.2
2025-09-02T12:00:00Z,52,52,,73,73,,22.9,21.1,24.7,31.8,29.1,34.6
2025-09-02T18:00:00Z,50,50,,74,74,,20.9,18.9,22.9,28.3,25.7,31
2025-09-03T00:00:00Z,56,56,,71,71,,39.1,37.5,40.7,54.9,52.8,57
2025-09-03T06:00:00Z,60,60,,69,69,,38.2,36.6,39.8,53.4,51.2,55.6
2025-09-03T12:00:00Z,53,53,,73,73,,29.2,27.5,30.9,40.3,37.8,42.7
2025-09-03T18:00:00Z,48,48,,75,75,,31.5,29.8,33.2,44.5,42,47
2025-09-04T00:00:00Z,57,57,,70,70,,49.6,47.5,51.6,67.4,65.4,69.5
2025-09-04T06:00:00Z,60,60,,69,69,,30,28.3,31.6,41.1,38.7,43.5
2025-09-04T12:00:00Z,53,53,,73,73,,20.2,18.4,21.9,28.3,26.3,30.3
2025-09-04T18:00:00Z,49,49,,75,75,,12.3,10.7,13.8,16,14.1,18
2025-09-05T00:00:00Z,56,56,,71,71,,42.1,40.4,43.7,57.8,55.7,60
2025-09-05T06:00:00Z,57,57,,71,71,,44.4,43.1,45.7,61.4,59.6,63.3
2025-09-05T12:00:00Z,56,56,,72,72,,22.6,20.9,24.3,31.4,29,33.7
2025-09-05T18:00:00Z,49,49,,74,74,,11.5,10,12.9,15,13.1,16.9
2025-09-06T00:00:00Z,55,55,,71,71,,28.5,26.8,30.3,38.9,36.4,41.5
2025-09-06T06:00:00Z,57,57,,70,70,,44.3,43,45.6,61.6,59.7,63.6
2025-09-06T12:00:00Z,60,60,,70,70,,42.2,40.8,43.6,58,55.9,60
2025-09-06T18:00:00Z,53,53,,72,72,,27.2,25.1,29.3,37.4,34.3,40.6
2025-09-07T00:00:00Z,57,57,,68,68,,42.5,41,44,58.2,56.2,60.2
2025-09-07T06:00:00Z,57,57,,69,69,,61,58.5,63.5,79,76.4,81.6
2025-09-07T12:00:00Z,52,52,,73,73,,41.6,39.6,43.6,55.8,53.3,58.2
2025-09-07T18:00:00Z,54,54,,73,73,,30.6,28.5,32.7,41.4,38.5,44.3
2025-09-08T00:00:00Z,59,59,,70,70,,46.2,44.4,47.9,63.3,61,65.6
2025-09-08T06:00:00Z,59,59,,70,70,,42.5,40.8,44.2,59.3,57,61.5
2025-09-08T12:00:00Z,56,56,,73,73,,33.3,31.7,34.9,46.6,44.3,48.9
2025-09-08T18:00:00Z,53,53,,74,74,,24.5,22.9,26.1,35.4,33.4,37.4
2025-09-09T00:00:00Z,57,57,,71,71,,20.1,18.4,21.8,28.5,26.1,30.8
2025-09-09T06:00:00Z,60,60,,69,69,,13,11.6,14.5,17.8,16.2,19.5
2025-09-09T12:00:00Z,54,54,,73,73,,10.4,9,11.8,13.8,12.1,15.6
2025-09-09T18:00:00Z,52,52,,74,74,,13.1,11.6,14.6,17.7,15.7,19.8
2025-09-10T00:00:00Z,57,57,,71,71,,32.9,31,34.8,44.9,42.4,47.4
2025-09-10T06:00:00Z,59,59,,70,70,,53,50.9,55,71.6,69.3,73.9
2025-09-10T12:00:00Z,57,57,,72,72,,35.6,33.9,37.2,50.1,47.7,52.5
2025-09-10T18:00:00Z,50,50,,75,75,,28.2,26.6,29.8,42.5,41.1,44
2025-09-11T00:00:00Z,55,55,,71,71,,36.8,35.3,38.2,51.5,49.5,53.4
2025-09-11T06:00:00Z,60,60,,70,70,,26.5,24.9,28,36.6,34.6,38.6
2025-09-11T12:00:00Z,52,52,,75,75,,15.1,13.6,16.5,20.2,17.8,22.6
2025-09-11T18:00:00Z,47,47,,76,76,,17.5,15.7,19.3,23.5,21.3,25.8
2025-09-12T00:00:00Z,55,55,,71,71,,34.3,32.8,35.8,46.8,44.5,49.1
2025-09-12T06:00:00Z,56,56,,71,71,,46.5,45.3,47.7,64.1,62.6,65.7
2025-09-12T12:00:00Z,58,58,,72,72,,28.9,27.3,30.4,39.1,36.5,41.7
2025-09-12T18:00:00Z,49,49,,75,75,,29.5,27.7,31.4,41,38.2,43.7
2025-09-13T00:00:00Z,55,55,,70,70,,37.3,35.8,38.9,52.2,50.3,54.1
2025-09-13T06:00:00Z,58,58,,69,69,,45.3,43.5,47,61.9,60,63.9
2025-09-13T12:00:00Z,48,48,,77,77,,44.6,42.2,47,58.5,55.8,61.3
2025-09-13T18:00:00Z,50,50,,76,76,,22.4,20.6,24.3,30.9,28.5,33.4
2025-09-14T00:00:00Z,58,58,,71,71,,38.3,36.7,39.9,53.4,51.3,55.6
2025-09-14T06:00:00Z,59,59,,70,70,,28.6,26.7,30.4,40.4,37.8,43
2025-09-14T12:00:00Z,54,54,,74,74,,22.5,20.7,24.2,32.1,29.3,34.9
2025-09-14T18:00:00Z,51,51,,74,74,,24,22.1,25.8,33.2,30.7,35.6
2025-09-15T00:00:00Z,57,57,,70,70,,34.9,32.8,37,48.6,45.8,51.5
2025-09-15T06:00:00Z,57,57,,71,71,,46.6,45.2,47.9,64.4,62.8,66.1
2025-09-15T12:00:00Z,50,50,,77,77,,42.9,41.6,44.1,60.8,59.3,62.4
2025-09-15T18:00:00Z,47,47,,78,78,,30.2,28.7,31.7,42.6,40.5,44.7
2025-09-16T00:00:00Z,55,55,,73,73,,44.5,43.4,45.6,61.9,60.5,63.3
2025-09-16T06:00:00Z,56,56,,72,72,,30.9,29.7,32.1,44.8,43,46.5
2025-09-16T12:00:00Z,50,50,,77,77,,40.8,39.4,42.2,58,56.3,59.7
2025-09-16T18:00:00Z,46,46,,79,79,,24.2,22.6,25.9,33.3,31,35.5
2025-09-17T00:00:00Z,54,54,,74,74,,42.1,40.8,43.4,58.3,56.7,60
2025-09-17T06:00:00Z,57,57,,73,73,,44.1,43.1,45.1,61.9,60.6,63.2
2025-09-17T12:00:00Z,50,50,,78,78,,42.7,41.5,43.9,59.8,58.2,61.3
2025-09-17T18:00:00Z,48,48,,78,78,,31.2,29.7,32.7,43.2,41.2,45.2
2025-09-18T00:00:00Z,55,55,,73,73,,45.9,44.9,47,63.6,62.2,64.9
2025-09-18T06:00:00Z,56,56,,73,73,,57.7,56.1,59.4,76.9,75.4,78.4
2025-09-18T12:00:00Z,48,48,,80,80,,41.4,40.1,42.7,58.2,56.7,59.8
2025-09-18T18:00:00Z,46,46,,80,80,,34.5,33.1,35.8,48.1,46.3,49.9
2025-09-19T00:00:00Z,54,54,,74,74,,50.9,49.6,52.2,68.9,67.5,70.3
2025-09-19T06:00:00Z,56,56,,73,73,,42.8,41.8,43.8,59.4,57.9,60.8
2025-09-19T12:00:00Z,53,53,,75,75,,40,38.6,41.5,55.2,53.2,57.3
2025-09-19T18:00:00Z,49,49,,77,77,,35.2,33.6,36.7,48.9,46.7,51
2025-09-20T00:00:00Z,53,53,,73,73,,46.5,45.4,47.6,63.5,61.9,65.1
2025-09-20T06:00:00Z,57,57,,72,72,,50.8,49.2,52.5,69.5,67.6,71.5
2025-09-20T12:00:00Z,51,51,,75,75,,33.6,31.9,35.4,46.4,44,48.9
2025-09-20T18:00:00Z,49,49,,76,76,,25.2,23,27.4,34.4,31.3,37.4
2025-09-21T00:00:00Z,56,56,,70,70,,34.2,32.4,36,47.4,44.7,50
2025-09-21T06:00:00Z,56,56,,70,70,,28.5,26.6,30.3,39.7,37.2,42.2
2025-09-21T12:00:00Z,48,48,,77,77,,27.4,25.6,29.3,38,35.6,40.4
2025-09-21T18:00:00Z,49,49,,75,75,,30.5,28.7,32.3,42.4,39.8,45
2025-09-22T00:00:00Z,52,52,,73,73,,25.4,24.1,26.8,35.6,33.5,37.6
2025-09-22T06:00:00Z,53,53,,72,72,,16.9,15.3,18.5,23.6,21.7,25.6
2025-09-22T12:00:00Z,47,47,,76,76,,21.8,20.3,23.3,31.9,30.3,33.4
2025-09-22T18:00:00Z,46,46,,77,77,,14.1,12.6,15.7,19.6,17.7,21.5
2025-09-23T00:00:00Z,54,54,,72,72,,23.8,22.1,25.5,32.5,30.2,34.8
2025-09-23T06:00:00Z,58,58,,70,70,,30.7,29.3,32,43,41,45
2025-09-23T12:00:00Z,47,47,,78,78,,30.7,29.4,32.1,43.4,41.7,45.1
2025-09-23T18:00:00Z,46,46,,79,79,,17.9,16.1,19.6,24.4,22,26.8
2025-09-24T00:00:00Z,55,55,,72,72,,27.6,25.7,29.5,38,35.2,40.8
2025-09-24T06:00:00Z,57,57,,71,71,,32,30.4,33.7,45.2,43,47.4
2025-09-24T12:00:00Z,41,41,,84,84,,34.3,33.1,35.5,49.1,47.8,50.5
2025-09-24T18:00:00Z,46,46,,80,80,,23.1,21.2,25.1,31.9,29.2,34.7
2025-09-25T00:00:00Z,54,54,,73,73,,41.3,40.1,42.4,57.3,55.7,58.8
2025-09-25T06:00:00Z,56,56,,72,72,,45.6,44.7,46.5,63.8,62.7,64.9
2025-09-25T12:00:00Z,55,55,,74,74,,39.5,38.1,41,55.3,53.4,57.2
2025-09-25T18:00:00Z,53,53,,75,75,,29.9,28.1,31.6,42.3,39.9,44.6
2025-09-26T00:00:00Z,59,59,,71,71,,42.2,40.7,43.6,58.2,56.2,60.2
2025-09-26T06:00:00Z,59,59,,71,71,,46,44.6,47.4,63.7,61.9,65.5
2025-09-26T12:00:00Z,59,59,,72,72,,35.3,33.7,36.9,49.2,47.1,51.3
2025-09-26T18:00:00Z,57,57,,72,72,,32.1,30.2,34.1,44.6,42,47.1
2025-09-27T00:00:00Z,62,62,,69,69,,37.7,35.6,39.8,49.3,46.2,52.4
2025-09-27T06:00:00Z,60,60,,70,70,,23.3,22,24.6,32.2,30.8,33.7
2025-09-27T12:00:00Z,56,56,,72,72,,15.5,13.8,17.2,21.2,18.7,23.7
2025-09-27T18:00:00Z,54,54,,73,73,,18.7,17.1,20.3,25.4,23.4,27.4
2025-09-28T00:00:00Z,58,58,,71,71,,25,23.6,26.4,35.5,34,37.1
2025-09-28T06:00:00Z,59,59,,70,70,,19.2,17.7,20.6,26.7,24.7,28.8
2025-09-28T12:00:00Z,50,50,,75,75,,14.8,13.3,16.3,19.1,16.9,21.3
2025-09-28T18:00:00Z,48,48,,77,77,,12.1,10.7,13.5,15.7,13.9,17.4
2025-09-29T00:00:00Z,56,56,,73,73,,20.7,19.3,22,29.5,27.9,31.2
2025-09-29T06:00:00Z,58,58,,72,72,,30.2,29,31.5,43.3,41.9,44.7
2025-09-29T12:00:00Z,54,54,,75,75,,33.9,32.3,35.4,49.5,47.9,51
2025-09-29T18:00:00Z,49,49,,77,77,,24.6,22.9,26.3,35.9,33.8,38
2025-09-30T00:00:00Z,53,53,,74,74,,30.4,29.2,31.6,43.2,41.8,44.7
2025-09-30T06:00:00Z,56,56,,71,71,,37.6,36.6,38.6,52.6,51.6,53.5
2025-09-30T12:00:00Z,43,43,,83,83,,32,30.7,33.2,46.3,44.9,47.6
2025-09-30T18:00:00Z,46,46,,80,80,,17.8,16.2,19.3,26.1,24.3,28
2025-10-01T00:00:00Z,53,53,,74,74,,33.8,32.6,34.9,47.7,46.3,49.1
2025-10-01T06:00:00Z,56,56,,72,72,,35.8,34.6,36.9,50.4,49.2,51.6
2025-10-01T12:00:00Z,45,45,,82,82,,31,29.6,32.4,44.6,43.1,46
2025-10-01T18:00:00Z,46,46,,79,79,,24.5,22.7,26.4,34.7,32.3,37.1
2025-10-02T00:00:00Z,52,52,,74,74,,32.1,30.9,33.4,45.1,43.6,46.6
2025-10-02T06:00:00Z,56,56,,72,72,,35.4,34.4,36.5,49.4,48,50.7
2025-10-02T12:00:00Z,47,47,,79,79,,33,31.4,34.6,45.4,43.1,47.8
2025-10-02T18:00:00Z,46,46,,79,79,,17.9,16.1,19.6,24.7,22.1,27.4
2025-10-03T00:00:00Z,51,51,,74,74,,22.7,21.4,24,31.9,30.6,33.2
2025-10-03T06:00:00Z,53,53,,73,73,,26.4,24.9,27.9,36.3,34.3,38.3
2025-10-03T12:00:00Z,48,48,,77,77,,28.6,26.9,30.2,40.6,38.5,42.8
2025-10-03T18:00:00Z,46,46,,78,78,,28,26.1,29.8,39,36.4,41.7
2025-10-04T00:00:00Z,49,49,,75,75,,32.6,31.4,33.8,45.5,43.9,47.1
2025-10-04T06:00:00Z,53,53,,72,72,,35.9,34.4,37.4,49.4,47,51.8
2025-10-04T12:00:00Z,43,43,,81,81,,35.2,33.7,36.7,48.8,46.7,51
2025-10-04T18:00:00Z,46,46,,78,78,,22.6,20.7,24.4,32.7,30.6,34.7
2025-10-05T00:00:00Z,53,53,,73,73,,33.9,32.3,35.4,46.6,44.4,48.7
2025-10-05T06:00:00Z,54,54,,72,72,,27.7,26.3,29.1,38.8,36.9,40.7
2025-10-05T12:00:00Z,48,48,,76,76,,22.8,21.3,24.3,31.9,30,33.7
2025-10-05T18:00:00Z,46,46,,77,77,,18.1,16.3,19.8,24.7,22,27.4
2025-10-06T00:00:00Z,52,52,,73,73,,20.8,18.6,22.9,28.1,25.4,30.9
2025-10-06T06:00:00Z,54,54,,72,72,,18.6,16.6,20.6,26.3,24.1,28.6
2025-10-06T12:00:00Z,49,49,,76,76,,14.1,12.5,15.7,20,18.1,22
2025-10-06T18:00:00Z,47,47,,76,76,,27.1,25.4,28.7,37.8,35.6,40
2025-10-07T00:00:00Z,54,54,,72,72,,28.3,26.5,30.2,40,37.4,42.6
2025-10-07T06:00:00Z,55,55,,72,72,,18.6,17,20.2,28,26.3,29.7
2025-10-07T12:00:00Z,48,48,,77,77,,23.2,21.7,24.7,35.1,33.6,36.6
2025-10-07T18:00:00Z,44,44,,80,80,,15,13.5,16.5,21.4,19.5,23.2
2025-10-08T00:00:00Z,54,54,,73,73,,32.9,31.7,34.2,46.4,44.9,48
2025-10-08T06:00:00Z,55,55,,72,72,,29,27.6,30.3,41.5,40,43.1
2025-10-08T12:00:00Z,49,49,,76,76,,22.5,20.9,24.1,32.2,30,34.4
2025-10-08T18:00:00Z,48,48,,76,76,,19.3,17.6,21,26.9,24.5,29.4
2025-10-09T00:00:00Z,56,56,,71,71,,31.4,29.9,33,43.8,42,45.7
2025-10-09T06:00:00Z,57,57,,70,70,,45.8,44.4,47.1,63.2,61.9,64.6
2025-10-09T12:00:00Z,48,48,,77,77,,33.5,31.8,35.2,46.2,43.8,48.7
2025-10-09T18:00:00Z,49,49,,76,76,,21.1,19.1,23.2,30.9,28.6,33.2
2025-10-10T00:00:00Z,53,53,,73,73,,27.9,25.9,29.9,39,36.4,41.5
2025-10-10T06:00:00Z,53,53,,73,73,,27.9,26.2,29.6,38.8,36.7,40.9
2025-10-10T12:00:00Z,38,38,,86,86,,30.7,28.7,32.7,42,39.2,44.8
2025-10-10T18:00:00Z,48,48,,77,77,,26.8,24.7,28.8,37,34.1,39.8
2025-10-11T00:00:00Z,57,57,,72,72,,49.2,47.1,51.3,66.6,64.4,68.8
2025-10-11T06:00:00Z,58,58,,71,71,,40.4,38.5,42.3,55.4,52.9,57.9
2025-10-11T12:00:00Z,51,51,,76,76,,26,24.4,27.6,37.2,35.1,39.2
2025-10-11T18:00:00Z,50,50,,77,77,,25.9,24,27.9,34.9,32.2,37.5
2025-10-12T00:00:00Z,58,58,,71,71,,42.5,41.1,44,58.1,56.2,60
2025-10-12T06:00:00Z,58,58,,71,71,,54.3,52.6,55.9,72.9,71.3,74.5
2025-10-12T12:00:00Z,52,52,,76,76,,39.7,38.2,41.1,55.7,54,57.4
2025-10-12T18:00:00Z,49,49,,77,77,,27.2,25.2,29.2,36.4,33.8,39.1
2025-10-13T00:00:00Z,59,59,,71,71,,49.5,47.6,51.4,67.3,65.1,69.6
2025-10-13T06:00:00Z,57,57,,72,72,,42.1,40.8,43.4,58.5,56.7,60.3
2025-10-13T12:00:00Z,51,51,,76,76,,33.6,32,35.1,46.9,44.5,49.3
2025-10-13T18:00:00Z,50,50,,77,77,,23.7,21.6,25.8,32.1,29,35.2
2025-10-14T00:00:00Z,56,56,,73,73,,45.6,44.3,46.9,62.4,60.7,64
2025-10-14T06:00:00Z,58,58,,71,71,,39.5,38.1,40.9,54.6,52.7,56.5
2025-10-14T12:00:00Z,51,51,,77,77,,32.1,30.4,33.9,44.1,41.5,46.7
2025-10-14T18:00:00Z,51,51,,76,76,,30.5,28.5,32.5,41.7,38.7,44.7
2025-10-15T00:00:00Z,59,59,,71,71,,37.8,36.1,39.6,51.6,49.1,54.1
2025-10-15T06:00:00Z,58,58,,72,72,,35.3,33.7,36.9,48,45.4,50.6
2025-10-15T12:00:00Z,55,55,,74,74,,24.2,22.4,26,32.6,29.8,35.5
2025-10-15T18:00:00Z,54,54,,74,74,,25.9,24,27.9,35.1,32.3,38
2025-10-16T00:00:00Z,57,57,,72,72,,43.1,41.4,44.9,59.2,57,61.4
2025-10-16T06:00:00Z,57,57,,72,72,,43.7,42.1,45.3,59.9,57.7,62.1
2025-10-16T12:00:00Z,51,51,,76,76,,23.9,22.1,25.7,33,30.7,35.3
2025-10-16T18:00:00Z,47,47,,77,77,,15.3,13.6,17,20.4,18.1,22.7
2025-10-17T00:00:00Z,53,53,,74,74,,26.5,24.7,28.3,36.3,34.1,38.5
2025-10-17T06:00:00Z,56,56,,72,72,,29.2,27.5,30.8,40.3,38.3,42.4
2025-10-17T12:00:00Z,48,48,,77,77,,25.7,23.8,27.7,35.1,32.3,37.9
2025-10-17T18:00:00Z,48,48,,76,76,,14.5,12.8,16.3,18.8,16.4,21.2
2025-10-18T00:00:00Z,54,54,,73,73,,34.4,32.7,36.1,47.7,45.5,49.9
2025-10-18T06:00:00Z,55,55,,72,72,,41.7,40.4,43,58.2,56.8,59.6
2025-10-18T12:00:00Z,44,44,,81,81,,40.3,38.6,42,55.4,53,57.7
2025-10-18T18:00:00Z,45,45,,80,80,,24.6,22.4,26.7,32.4,29.4,35.4
2025-10-19T00:00:00Z,55,55,,73,73,,35.9,34.1,37.6,49.2,46.7,51.7
2025-10-19T06:00:00Z,56,56,,72,72,,31.8,30.1,33.4,43.7,41.2,46.3
2025-10-19T12:00:00Z,44,44,,82,82,,35.7,34.2,37.2,50.3,48.3,52.3
2025-10-19T18:00:00Z,44,44,,81,81,,27.8,25.8,29.7,37.8,35,40.6
2025-10-20T00:00:00Z,54,54,,75,75,,31.5,29.7,33.3,42.3,39.6,45
2025-10-20T06:00:00Z,56,56,,74,74,,27.1,25.2,28.9,36,32.8,39.2
2025-10-20T12:00:00Z,46,46,,81,81,,29.5,27.6,31.3,41.1,38.4,43.8
2025-10-20T18:00:00Z,46,46,,80,80,,28.7,26.5,30.8,38.8,35.9,41.6
2025-10-21T00:00:00Z,54,54,,75,75,,42.6,40.8,44.3,58.1,55.8,60.5
2025-10-21T06:00:00Z,55,55,,73,73,,34,32.5,35.5,46.8,44.7,48.9
2025-10-21T12:00:00Z,43,43,,83,83,,35.6,34.1,37.2,49.7,47.6,51.8
2025-10-21T18:00:00Z,46,46,,80,80,,23.6,21.6,25.5,31,28.1,33.8
2025-10-22T00:00:00Z,54,54,,75,75,,37.6,36,39.3,51.5,49.3,53.6
2025-10-22T06:00:00Z,54,54,,74,74,,37.2,35.5,38.8,52,49.8,54.2
2025-10-22T12:00:00Z,37,37,,88,88,,36.6,35.1,38.1,51.8,50,53.5
2025-10-22T18:00:00Z,44,44,,82,82,,24.3,22.4,26.1,32.6,30,35.2
2025-10-23T00:00:00Z,54,54,,75,75,,33.5,31.8,35.2,45.5,42.9,48
2025-10-23T06:00:00Z,54,54,,75,75,,34.3,32.8,35.9,46.8,44.3,49.2
2025-10-23T12:00:00Z,45,45,,82,82,,32.2,30.5,34,43.6,40.9,46.3
2025-10-23T18:00:00Z,47,47,,80,80,,25.9,23.8,28.1,34.8,32,37.5
2025-10-24T00:00:00Z,55,55,,75,75,,39.6,37.9,41.2,53.9,51.5,56.3
2025-10-24T06:00:00Z,57,57,,73,73,,42.8,41.1,44.5,59.2,56.8,61.5
2025-10-24T12:00:00Z,49,49,,80,80,,29.9,28.2,31.7,41.2,38.7,43.7
2025-10-24T18:00:00Z,48,48,,79,79,,260.2,270.8,249.6,465.4,463.2,467.7
2025-10-25T00:00:00Z,56,56,,73,73,,31.6,29.6,33.6,42.7,39.9,45.6
2025-10-25T06:00:00Z,58,58,,73,73,,21.1,19.1,23.2,28.3,25.3,31.3
2025-10-25T12:00:00Z,49,49,,78,78,,19.9,18.2,21.7,26,23.6,28.4
2025-10-25T18:00:00Z,46,46,,80,80,,21.6,19.5,23.7,28.7,25.7,31.7
2025-10-26T00:00:00Z,54,54,,75,75,,36.8,35.4,38.3,50.6,48.6,52.6
2025-10-26T06:00:00Z,58,58,,73,73,,33,31.4,34.7,46.1,44.1,48.1
2025-10-26T12:00:00Z,49,49,,79,79,,20.5,18.7,22.3,27.1,24.7,29.5
2025-10-26T18:00:00Z,46,46,,80,80,,16.4,14.7,18.1,21.2,18.9,23.5
2025-10-27T00:00:00Z,55,55,,74,74,,38.8,37.4,40.1,53.6,51.8,55.4
2025-10-27T06:00:00Z,56,56,,74,74,,33.6,31.9,35.3,47,44.7,49.2
2025-10-27T12:00:00Z,49,49,,79,79,,24.9,22.9,26.9,34.4,31.4,37.3
2025-10-27T18:00:00Z,44,44,,81,81,,16.5,14.7,18.2,22.4,20,24.8
2025-10-28T00:00:00Z,54,54,,74,74,,31.7,30.3,33.2,43.6,41.7,45.5
2025-10-28T06:00:00Z,56,56,,73,73,,50.8,49.1,52.5,69.3,67.5,71
2025-10-28T12:00:00Z,49,49,,78,78,,35.7,33.8,37.6,49.6,47.2,52
2025-10-28T18:00:00Z,46,46,,79,79,,16.4,14.6,18.2,22.1,19.7,24.4
2025-10-29T00:00:00Z,54,54,,74,74,,31.8,30.4,33.2,43.3,41.6,45
2025-10-29T06:00:00Z,56,56,,73,73,,39.8,38.3,41.3,55.5,53.5,57.5
2025-10-29T12:00:00Z,46,46,,80,80,,31.1,29.3,32.8,42.7,40.4,45.1
2025-10-29T18:00:00Z,46,46,,79,79,,17.8,15.8,19.8,23.4,20.6,26.1
2025-10-30T00:00:00Z,54,54,,74,74,,45.5,44,47,62,60.2,63.9
2025-10-30T06:00:00Z,56,56,,73,73,,46.3,45,47.7,64.6,63,66.3
2025-10-30T12:00:00Z,46,46,,80,80,,40.2,37.8,42.6,54.8,52.2,57.3
2025-10-30T18:00:00Z,47,47,,79,79,,21.1,19,23.3,28.7,25.6,31.8
2025-10-31T00:00:00Z,54,54,,74,74,,42.3,40.8,43.7,59.2,57.7,60.7
2025-10-31T06:00:00Z,55,55,,73,73,,36.5,35.2,37.8,51.7,50.2,53.2
2025-10-31T12:00:00Z,47,47,,80,80,,33.1,31.3,34.9,45.9,43.3,48.4
2025-10-31T18:00:00Z,45,45,,78,78,,22.9,20.5,25.2,32.1,29.2,35.1
2025-11-01T00:00:00Z,55,55,,72,72,,34.8,33.2,36.5,48.2,46,50.4
2025-11-01T06:00:00Z,58,58,,70,70,,44.8,43.5,46.2,62.9,61.7,64.1
2025-11-01T12:00:00Z,45,45,,80,80,,40.4,38.5,42.3,54.4,52.1,56.7
2025-11-01T18:00:00Z,48,48,,77,77,,17.9,15.8,20,23.2,20.4,26.1
2025-11-02T00:00:00Z,54,54,,73,73,,34.9,33.2,36.6,48.1,46,50.3
2025-11-02T06:00:00Z,56,56,,71,71,,42.1,40.6,43.6,58.1,56.5,59.8
2025-11-02T12:00:00Z,44,44,,81,81,,36.7,34.8,38.5,50.1,47.5,52.7
2025-11-02T18:00:00Z,44,44,,81,81,,20.1,18.2,22,25.5,23,27.9
2025-11-03T00:00:00Z,53,53,,74,74,,28.4,26.4,30.3,38,35.2,40.9
2025-11-03T06:00:00Z,51,51,,75,75,,35.1,33.6,36.7,48.4,46.1,50.7
2025-11-03T12:00:00Z,43,43,,82,82,,30.8,28.8,32.7,41.7,39.1,44.2
2025-11-03T18:00:00Z,47,47,,79,79,,20.5,18.6,22.4,29.8,27.7,32
2025-11-04T00:00:00Z,54,54,,75,75,,41.1,39.2,42.9,56.2,53.8,58.6
2025-11-04T06:00:00Z,54,54,,75,75,,27.6,25.8,29.4,37.8,35,40.6
2025-11-04T12:00:00Z,40,40,,86,86,,33.2,31.3,35.2,46.2,43.7,48.8
2025-11-04T18:00:00Z,44,44,,82,82,,22.2,20.3,24.1,30.2,27.7,32.8
2025-11-05T00:00:00Z,51,51,,76,76,,28.2,26.4,30.1,39.2,36.9,41.6
2025-11-05T06:00:00Z,55,55,,74,74,,30.2,28.8,31.6,44,42.7,45.4
2025-11-05T12:00:00Z,40,40,,88,88,,27.6,25.7,29.6,39.4,36.9,41.9
2025-11-05T18:00:00Z,43,43,,83,83,,23,20.9,25.2,31.6,28.8,34.5
2025-11-06T00:00:00Z,52,52,,77,77,,29.9,28.2,31.7,42,40,43.9
2025-11-06T06:00:00Z,57,57,,73,73,,36.6,34.8,38.4,51.4,49,53.8
2025-11-06T12:00:00Z,45,45,,82,82,,36.1,34.3,37.9,51.1,48.9,53.2
2025-11-06T18:00:00Z,46,46,,81,81,,33.4,31.3,35.4,46.7,44.1,49.3
2025-11-07T00:00:00Z,55,55,,74,74,,30.1,28.1,32.1,41.3,38.4,44.2
2025-11-07T06:00:00Z,54,54,,74,74,,20,18.4,21.6,28.7,26.5,30.8
2025-11-07T12:00:00Z,48,48,,80,80,,22.7,20.7,24.6,31.9,29.3,34.6
2025-11-07T18:00:00Z,46,46,,80,80,,22,19.7,24.3,29.9,26.8,33
2025-11-08T00:00:00Z,52,52,,75,75,,29,27.2,30.8,40.4,38.1,42.7
2025-11-08T06:00:00Z,56,56,,73,73,,18.7,16.8,20.5,25.9,23.5,28.3
2025-11-08T12:00:00Z,48,48,,78,78,,15.5,13.6,17.3,20,17.5,22.6
2025-11-08T18:00:00Z,45,45,,80,80,,10.8,9,12.7,14,11.8,16.2
2025-11-09T00:00:00Z,52,52,,75,75,,23.1,21,25.3,31.1,28.4,33.8
2025-11-09T06:00:00Z,55,55,,73,73,,30.6,29,32.3,42.2,39.7,44.8
2025-11-09T12:00:00Z,36,36,,89,89,,33.9,32,35.8,46.5,43.7,49.4
2025-11-09T18:00:00Z,46,46,,81,81,,26.7,24.6,28.9,36.8,34,39.5
2025-11-10T00:00:00Z,50,50,,78,78,,26.6,24.5,28.6,37.1,34.6,39.6
2025-11-10T06:00:00Z,55,55,,75,75,,28.5,26.5,30.4,40.2,37.7,42.7
2025-11-10T12:00:00Z,52,52,,77,77,,24.9,22.8,27,34.8,32,37.7
2025-11-10T18:00:00Z,46,46,,80,80,,18.5,16.3,20.7,24.6,21.6,27.6
2025-11-11T00:00:00Z,56,56,,73,73,,28,25.7,30.3,38.2,35.1,41.3
2025-11-11T06:00:00Z,55,55,,73,73,,37.8,36.1,39.5,52.5,50.2,54.9
2025-11-11T12:00:00Z,48,48,,80,80,,25.6,23.6,27.7,35.4,32.6,38.3
2025-11-11T18:00:00Z,46,46,,80,80,,19.2,17,21.3,25.8,22.8,28.7
2025-11-12T00:00:00Z,54,54,,74,74,,33.3,31.5,35,45.4,43.1,47.8
2025-11-12T06:00:00Z,57,57,,72,72,,47.2,45.5,48.9,65.2,63.1,67.3
2025-11-12T12:00:00Z,46,46,,82,82,,50.7,47.9,53.4,68.8,66.3,71.4
2025-11-12T18:00:00Z,45,45,,80,80,,23.3,21.1,25.5,31.2,28.6,33.7
2025-11-13T00:00:00Z,53,53,,75,75,,32.1,30.3,34,44.7,42.3,47.1
2025-11-13T06:00:00Z,56,56,,72,72,,32.6,30.9,34.3,45.8,43.8,47.9
2025-11-13T12:00:00Z,47,47,,79,79,,35.2,33.2,37.2,48.7,46.1,51.4
2025-11-13T18:00:00Z,44,44,,81,81,,22.1,19.9,24.2,30.5,27.7,33.4
2025-11-14T00:00:00Z,52,52,,75,75,,22.8,20.8,24.7,31.9,29.6,34.3
2025-11-14T06:00:00Z,55,55,,73,73,,30.1,28.3,31.9,42.5,40.2,44.9
2025-11-14T12:00:00Z,42,42,,83,83,,29.4,27.1,31.7,40.2,37.2,43.2
2025-11-14T18:00:00Z,44,44,,81,81,,21,18.7,23.3,28.4,25.6,31.1
2025-11-15T00:00:00Z,52,52,,75,75,,28.7,26.7,30.6,39.4,36.9,41.9
2025-11-15T06:00:00Z,55,55,,73,73,,33.2,31.6,34.9,46.1,44.2,48
2025-11-15T12:00:00Z,41,41,,84,84,,37.6,35.7,39.5,52.1,49.6,54.7
2025-11-15T18:00:00Z,44,44,,81,81,,20.9,18.8,23,27.7,24.9,30.4
2025-11-16T00:00:00Z,54,54,,74,74,,29.6,27.7,31.6,40.3,37.6,43
2025-11-16T06:00:00Z,53,53,,74,74,,25.2,23.5,26.9,34.6,32.2,37
2025-11-16T12:00:00Z,38,38,,87,87,,27.6,25.4,29.7,38,35.2,40.8
2025-11-16T18:00:00Z,42,42,,83,83,,25.9,23.8,28,34.8,32,37.5
2025-11-17T00:00:00Z,52,52,,75,75,,24.2,22.1,26.2,32.7,30.1,35.3
2025-11-17T06:00:00Z,54,54,,74,74,,32.9,31.1,34.7,45.6,43.3,47.9
2025-11-17T12:00:00Z,42,42,,84,84,,28.5,26.2,30.8,38.8,35.5,42.2
2025-11-17T18:00:00Z,43,43,,82,82,,19.6,17.7,21.5,25.7,23.2,28.2
2025-11-18T00:00:00Z,51,51,,76,76,,28.8,26.8,30.8,39,36.2,41.8
2025-11-18T06:00:00Z,57,57,,73,73,,24.7,22.7,26.7,33.1,30.6,35.6
2025-11-18T12:00:00Z,34,34,,93,93,,26.4,24.2,28.6,35.9,33.3,38.5
2025-11-18T18:00:00Z,41,41,,85,85,,19.7,17.3,22.1,26.1,23.3,28.9
2025-11-19T00:00:00Z,53,53,,75,75,,33,31,34.9,44.6,41.8,47.5
2025-11-19T06:00:00Z,53,53,,75,75,,30.9,28.9,33,42,39.1,45
2025-11-19T12:00:00Z,40,40,,87,87,,32.2,30,34.5,43.6,40.3,46.8
2025-11-19T18:00:00Z,47,47,,80,80,,20.4,18.1,22.8,27.6,24.6,30.6
2025-11-20T00:00:00Z,55,55,,75,75,,33.1,31.1,35.2,44.6,41.4,47.8
2025-11-20T06:00:00Z,58,58,,73,73,,15.9,13.8,18,19.3,16.5,22.2
2025-11-20T12:00:00Z,49,49,,80,80,,21.9,19.3,24.5,29,25.4,32.6
2025-11-20T18:00:00Z,49,49,,79,79,,20.9,18.4,23.4,28.2,24.5,31.8
2025-11-21T00:00:00Z,56,56,,75,75,,29.2,26.9,31.4,39.3,36.2,42.5
2025-11-21T06:00:00Z,58,58,,74,74,,20.4,18.4,22.4,25.8,22.7,28.9
2025-11-21T12:00:00Z,50,50,,80,80,,24.5,22.3,26.7,33.2,30,36.5
2025-11-21T18:00:00Z,45,45,,81,81,,17.7,15.3,20.2,23.1,19.8,26.5
2025-11-22T00:00:00Z,54,54,,76,76,,35.8,33.7,38,49.8,47.1,52.6
2025-11-22T06:00:00Z,57,57,,74,74,,35.6,33.4,37.8,49.5,46.4,52.5
2025-11-22T12:00:00Z,49,49,,80,80,,30.4,27.9,32.9,41.6,37.8,45.4
2025-11-22T18:00:00Z,46,46,,81,81,,18.8,16.4,21.3,24.5,21,27.9
2025-11-23T00:00:00Z,55,55,,76,76,,25.4,23.2,27.5,33.6,30.6,36.6
2025-11-23T06:00:00Z,56,56,,76,76,,35.5,33.4,37.6,48.7,45.7,51.6
2025-11-23T12:00:00Z,41,41,,87,87,,30.8,28.5,33,41.5,38.4,44.6
2025-11-23T18:00:00Z,46,46,,82,82,,14.9,12.7,17.1,18.1,15.3,20.9
2025-11-24T00:00:00Z,53,53,,77,77,,23.1,20.9,25.3,29.4,26.2,32.6
2025-11-24T06:00:00Z,58,58,,74,74,,31.7,29.7,33.6,43.1,40.1,46
2025-11-24T12:00:00Z,40,40,,89,89,,35.6,33.4,37.7,49.6,47.1,52
2025-11-24T18:00:00Z,44,44,,84,84,,16.2,13.9,18.5,21.2,18.6,23.9
2025-11-25T00:00:00Z,53,53,,77,77,,24.4,22,26.8,31.7,28,35.4
2025-11-25T06:00:00Z,57,57,,75,75,,32,30,34,43.5,40.6,46.5
2025-11-25T12:00:00Z,38,38,,91,91,,40.9,38.8,43,56.4,53.9,58.9
2025-11-25T18:00:00Z,43,43,,84,84,,26.2,23.5,28.9,34,30.1,37.8
2025-11-26T00:00:00Z,51,51,,79,79,,32.5,30.6,34.3,43.9,41.2,46.6
2025-11-26T06:00:00Z,57,57,,75,75,,35.7,33.4,38,48.5,45.5,51.5
2025-11-26T12:00:00Z,46,46,,84,84,,42.8,40.5,45.2,58.4,55.6,61.2
2025-11-26T18:00:00Z,45,45,,83,83,,20.4,18.1,22.8,27.3,24.3,30.3
2025-11-27T00:00:00Z,53,53,,77,77,,26.7,24,29.3,35.6,32.1,39.2
2025-11-27T06:00:00Z,55,55,,75,75,,23.6,21.2,26,32.4,29.3,35.6
2025-11-27T12:00:00Z,48,48,,80,80,,29,26.8,31.2,39.4,36.3,42.6
2025-11-27T18:00:00Z,44,44,,83,83,,15.8,13.7,17.9,20,17.2,22.8
2025-11-28T00:00:00Z,53,53,,75,75,,28.7,26.2,31.2,38.3,34.8,41.9
2025-11-28T06:00:00Z,55,55,,74,74,,33.5,31.6,35.4,45.8,43,48.6
2025-11-28T12:00:00Z,40,40,,87,87,,32.6,30.5,34.6,44.4,41.8,47.1
2025-11-28T18:00:00Z,43,43,,84,84,,26.3,24,28.6,35,31.6,38.4
2025-11-29T00:00:00Z,52,52,,77,77,,30.2,27.9,32.4,40.8,37.5,44.2
2025-11-29T06:00:00Z,57,57,,74,74,,29,26.9,31.2,39.2,36.3,42
2025-11-29T12:00:00Z,42,42,,86,86,,35.7,33.6,37.8,48.4,45.5,51.3
2025-11-29T18:00:00Z,44,44,,84,84,,17.9,15.8,20,22.3,19.6,24.9
2025-11-30T00:00:00Z,51,51,,79,79,,29.3,27.1,31.5,39.2,36.1,42.2
2025-11-30T06:00:00Z,56,56,,76,76,,24.5,22.2,26.9,33,30.1,35.8
2025-11-30T12:00:00Z,35,35,,93,93,,26.6,24.1,29.1,35.1,31.9,38.3
2025-11-30T18:00:00Z,40,40,,87,87,,22.3,19.9,24.8,29,25.8,32.2
2025-12-01T00:00:00Z,50,50,,80,80,,25.7,23.4,27.9,34.5,31.8,37.2
2025-12-01T06:00:00Z,56,56,,76,76,,24.1,21.7,26.5,32.8,29.6,36
2025-12-01T12:00:00Z,39,39,,90,90,,33.4,31.3,35.6,46,43,49
2025-12-01T18:00:00Z,43,43,,85,85,,18.6,16.1,21.2,24.2,21.1,27.4
2025-12-02T00:00:00Z,52,52,,79,79,,24.5,22.1,26.8,32.3,29,35.5
2025-12-02T06:00:00Z,54,54,,77,77,,28.3,26.1,30.5,37.9,34.7,41
2025-12-02T12:00:00Z,50,50,,80,80,,27.1,25,29.3,36.1,32.6,39.7
2025-12-02T18:00:00Z,49,49,,80,80,,18.2,15.9,20.5,23,19.9,26.1
2025-12-03T00:00:00Z,53,53,,77,77,,26.1,23.9,28.3,34,30.9,37.1
2025-12-03T06:00:00Z,54,54,,77,77,,27.8,25.4,30.3,36.9,33.5,40.4
2025-12-03T12:00:00Z,48,48,,82,82,,22.4,20,24.9,29.6,26.3,33
2025-12-03T18:00:00Z,45,45,,84,84,,18.9,16.6,21.2,24.5,21.4,27.5
2025-12-04T00:00:00Z,53,53,,78,78,,28.8,26.5,31.1,38.8,35.4,42.2
2025-12-04T06:00:00Z,55,55,,76,76,,25.7,23.3,28,34.3,31,37.5
2025-12-04T12:00:00Z,52,52,,79,79,,26.5,24.5,28.4,36.1,33.6,38.6
2025-12-04T18:00:00Z,51,51,,79,79,,17.1,14.8,19.5,22.3,19.2,25.4
2025-12-05T00:00:00Z,57,57,,75,75,,36.4,33.6,39.1,50.1,46.4,53.9
2025-12-05T06:00:00Z,63,63,,73,73,,20.1,17.9,22.3,25.8,22.6,29
2025-12-05T12:00:00Z,55,55,,78,78,,17.6,15.4,19.8,22.1,19.2,25
2025-12-05T18:00:00Z,51,51,,79,79,,14.5,12.4,16.6,18.7,15.9,21.4
2025-12-06T00:00:00Z,57,57,,76,76,,28.7,26.1,31.3,38.2,34.4,42
2025-12-06T06:00:00Z,61,61,,74,74,,53,48.9,57.1,64.7,60,69.5
2025-12-06T12:00:00Z,52,52,,79,79,,26.1,23.7,28.6,34.6,31.3,37.9
2025-12-06T18:00:00Z,46,46,,82,82,,14.5,12.1,16.9,17.9,14.9,21
2025-12-07T00:00:00Z,53,53,,77,77,,24.8,21.7,27.8,32.6,28.5,36.8
2025-12-07T06:00:00Z,54,54,,76,76,,27.5,24.7,30.4,36.6,32.3,40.9
2025-12-07T12:00:00Z,45,45,,84,84,,26.7,23.8,29.6,35.5,31.2,39.8
2025-12-07T18:00:00Z,47,47,,82,82,,17.6,15.1,20,22.4,19.4,25.5
2025-12-08T00:00:00Z,57,57,,75,75,,35.4,32.9,37.9,49.1,46,52.2
2025-12-08T06:00:00Z,57,57,,75,75,,31.7,28.9,34.6,44.7,41.5,48
2025-12-08T12:00:00Z,51,51,,80,80,,17.7,15.5,19.9,22.7,19.6,25.7
2025-12-08T18:00:00Z,48,48,,80,80,,12.8,10.7,14.8,15.3,12.9,17.7
2025-12-09T00:00:00Z,56,56,,74,74,,27.6,25.1,30.2,36.2,32.8,39.5
2025-12-09T06:00:00Z,56,56,,75,75,,33.5,30.9,36.1,46.2,42.5,50
2025-12-09T12:00:00Z,48,48,,82,82,,25.8,23.3,28.3,34.3,30.8,37.9
2025-12-09T18:00:00Z,43,43,,83,83,,15.7,13.2,18.3,19.7,16.3,23.1
2025-12-10T00:00:00Z,53,53,,77,77,,31.8,29.2,34.4,42.8,39,46.6
2025-12-10T06:00:00Z,56,56,,75,75,,26.9,24.4,29.5,36.5,32.9,40.1
2025-12-10T12:00:00Z,37,37,,92,92,,24.3,21.6,27.1,32.3,28.8,35.9
2025-12-10T18:00:00Z,42,42,,85,85,,13.3,10.9,15.8,16.7,13.6,19.8
2025-12-11T00:00:00Z,50,50,,78,78,,25.9,23.1,28.7,34.1,30.5,37.6
2025-12-11T06:00:00Z,56,56,,75,75,,15.1,13,17.2,19.5,16.7,22.3
2025-12-11T12:00:00Z,42,42,,87,87,,22.1,19.3,25,30,26.5,33.4
2025-12-11T18:00:00Z,44,44,,85,85,,13.5,11.2,15.9,16.4,13.8,19
2025-12-12T00:00:00Z,53,53,,78,78,,24.1,21.4,26.7,31.2,27.7,34.7
2025-12-12T06:00:00Z,54,54,,77,77,,21.7,19,24.4,28.1,24.6,31.7
2025-12-12T12:00:00Z,41,41,,85,85,,26.4,23.5,29.3,35,30.9,39.1
2025-12-12T18:00:00Z,43,43,,84,84,,17.6,14.9,20.3,21.4,18,24.9
2025-12-13T00:00:00Z,54,54,,76,76,,34.3,31.6,37.1,46,42.1,49.9
2025-12-13T06:00:00Z,54,54,,76,76,,50.6,46.5,54.6,66.3,62.8,69.9
2025-12-13T12:00:00Z,44,44,,84,84,,39.2,36.1,42.3,52.2,48.1,56.2
2025-12-13T18:00:00Z,42,42,,85,85,,13.6,11,16.3,16.4,13.3,19.6
2025-12-14T00:00:00Z,55,55,,76,76,,29.7,27.2,32.1,39.6,36.1,43
2025-12-14T06:00:00Z,59,59,,74,74,,37.2,34.6,39.9,50.3,46.4,54.3
2025-12-14T12:00:00Z,43,43,,85,85,,44.1,40.6,47.7,57.7,53.6,61.8
2025-12-14T18:00:00Z,43,43,,85,85,,18.1,15.5,20.7,22.2,18.9,25.6
2025-12-15T00:00:00Z,53,53,,77,77,,36,33.3,38.6,48.4,44.8,52.1
2025-12-15T06:00:00Z,57,57,,76,76,,36.7,33.6,39.8,48.6,44.8,52.4
2025-12-15T12:00:00Z,39,39,,90,90,,48.7,45.5,52,65.6,62,69.2
2025-12-15T18:00:00Z,42,42,,86,86,,29.4,26.6,32.3,38.7,34.4,43
2025-12-16T00:00:00Z,55,55,,77,77,,25.6,22.9,28.3,33.9,30.5,37.3
2025-12-16T06:00:00Z,62,62,,73,73,,33.5,30.3,36.6,44.8,40.8,48.8
2025-12-16T12:00:00Z,42,42,,88,88,,40,36.4,43.7,52.6,48.8,56.3
2025-12-16T18:00:00Z,42,42,,86,86,,18.7,15.7,21.8,23.6,19.9,27.4
2025-12-17T00:00:00Z,54,54,,78,78,,23.6,20.7,26.5,30.1,26.3,34
2025-12-17T06:00:00Z,60,60,,75,75,,24.4,21.4,27.3,32.5,28.6,36.3
2025-12-17T12:00:00Z,39,39,,91,91,,37.4,34.6,40.3,50.7,46.8,54.6
2025-12-17T18:00:00Z,39,39,,88,88,,22.6,18.9,26.3,29.2,24.4,34
2025-12-18T00:00:00Z,55,55,,78,78,,23.7,21,26.5,32,28.2,35.7
2025-12-18T06:00:00Z,59,59,,75,75,,36.3,33.4,39.1,49.8,46.3,53.3
2025-12-18T12:00:00Z,39,39,,91,91,,47.8,44.2,51.5,64.5,60.8,68.2
2025-12-18T18:00:00Z,40,40,,88,88,,24.2,20.6,27.9,31.8,27.3,36.4
2025-12-19T00:00:00Z,54,54,,78,78,,30,27.3,32.6,40.4,36.9,44
2025-12-19T06:00:00Z,56,56,,77,77,,37.3,34.6,40,50.4,46.7,54.1
2025-12-19T12:00:00Z,38,38,,91,91,,41.3,38.4,44.3,56,52.1,59.9
2025-12-19T18:00:00Z,43,43,,85,85,,18,15.1,21,22.7,19.1,26.3
2025-12-20T00:00:00Z,53,53,,78,78,,34.5,31.7,37.3,46.1,42.1,50.1
2025-12-20T06:00:00Z,55,55,,77,77,,41.1,38.3,43.9,55.7,52,59.4
2025-12-20T12:00:00Z,38,38,,90,90,,34,30.7,37.3,45.7,41.5,50
2025-12-20T18:00:00Z,44,44,,84,84,,20.8,17.7,23.9,27.3,23.4,31.1
2025-12-21T00:00:00Z,53,53,,78,78,,28.9,25.9,31.9,38.6,34.4,42.7
2025-12-21T06:00:00Z,58,58,,75,75,,29.2,26.3,32,38.4,34.2,42.6
2025-12-21T12:00:00Z,42,42,,88,88,,40,37,43,53.2,49.2,57.1
2025-12-21T18:00:00Z,43,43,,86,86,,17.3,14.6,20,20.7,17.2,24.1
2025-12-22T00:00:00Z,52,52,,80,80,,29.4,26.6,32.3,38.6,34.9,42.4
2025-12-22T06:00:00Z,54,54,,79,79,,32.5,29.7,35.2,43.8,39.8,47.7
2025-12-22T12:00:00Z,47,47,,83,83,,29,26.2,31.8,38.4,34.6,42.1
2025-12-22T18:00:00Z,44,44,,85,85,,18.7,15.7,21.6,23,19.3,26.8
2025-12-23T00:00:00Z,56,56,,77,77,,37.1,34.3,39.9,49.6,45.7,53.5
2025-12-23T06:00:00Z,56,56,,77,77,,34.1,31.4,36.8,45.9,42,49.8
2025-12-23T12:00:00Z,48,48,,82,82,,25.8,23,28.6,33.7,29.9,37.4
2025-12-23T18:00:00Z,44,44,,85,85,,14.7,11.9,17.5,17.4,14,20.8
2025-12-24T00:00:00Z,55,55,,77,77,,30.4,27.5,33.2,39.7,35.8,43.6
2025-12-24T06:00:00Z,61,61,,74,74,,40.7,38,43.4,55.1,51.7,58.4
2025-12-24T12:00:00Z,48,48,,84,84,,36.6,34,39.1,48.5,45.5,51.6
2025-12-24T18:00:00Z,45,45,,86,86,,17.1,14.9,19.4,20.7,17.8,23.7
2025-12-25T00:00:00Z,52,52,,80,80,,49.7,46.5,52.8,63.3,59.6,67.1
2025-12-25T06:00:00Z,59,59,,76,76,,67.4,61.9,72.8,81.1,76.5,85.7
2025-12-25T12:00:00Z,39,39,,92,92,,41.5,38.3,44.6,53.7,50.1,57.2
2025-12-25T18:00:00Z,42,42,,88,88,,20.2,17.7,22.8,24.7,21.3,28
2025-12-26T00:00:00Z,54,54,,80,80,,25.1,23.1,27.2,32.1,29.1,35.2
2025-12-26T06:00:00Z,56,56,,78,78,,34.3,32.1,36.6,46.1,43,49.3
2025-12-26T12:00:00Z,44,44,,86,86,,34.6,32.4,36.8,46.6,43.3,49.8
2025-12-26T18:00:00Z,46,46,,84,84,,17.5,15.7,19.3,21.4,19,23.8
2025-12-27T00:00:00Z,56,56,,77,77,,36.9,34.6,39.2,49.6,46.5,52.8
2025-12-27T06:00:00Z,59,59,,75,75,,41.3,39,43.6,56.2,53.1,59.2
2025-12-27T12:00:00Z,40,40,,90,90,,44.2,41.8,46.5,60.4,57.4,63.4
2025-12-27T18:00:00Z,43,43,,86,86,,20.1,18,22.3,24.6,21.6,27.6
2025-12-28T00:00:00Z,55,55,,78,78,,37.9,35.7,40.1,50.9,47.8,53.9
2025-12-28T06:00:00Z,57,57,,77,77,,41.9,39.5,44.3,56.8,53.7,59.8
2025-12-28T12:00:00Z,43,43,,87,87,,44.7,41.5,47.8,59.2,55.8,62.7
2025-12-28T18:00:00Z,42,42,,87,87,,22.2,19.8,24.6,27.6,24.3,30.8
2025-12-29T00:00:00Z,54,54,,79,79,,38.7,36.4,41,52.6,49.4,55.8
2025-12-29T06:00:00Z,58,58,,76,76,,42.6,39.9,45.3,59.1,56.1,62
2025-12-29T12:00:00Z,49,49,,82,82,,42.6,39.9,45.4,58.6,55.4,61.8
2025-12-29T18:00:00Z,44,44,,85,85,,27.5,24.9,30.1,36.7,32.9,40.4
2025-12-30T00:00:00Z,56,56,,77,77,,31.6,29.1,34,41.6,37.8,45.3
2025-12-30T06:00:00Z,55,55,,77,77,,35.8,33.3,38.3,48.5,45.3,51.7
2025-12-30T12:00:00Z,48,48,,83,83,,25,22.5,27.4,32.4,29,35.8
2025-12-30T18:00:00Z,45,45,,84,84,,17.6,15.4,19.8,21.3,18.5,24.2
2025-12-31T00:00:00Z,55,55,,77,77,,28.4,25.9,30.9,36.6,32.8,40.3
2025-12-31T06:00:00Z,60,60,,74,74,,39.7,36.9,42.4,52,48.5,55.6
2025-12-31T12:00:00Z,40,40,,90,90,,27.2,25.1,29.3,34.9,31.7,38.1
2025-12-31T18:00:00Z,44,44,,85,85,,19.9,17.8,21.9,24.5,21.7,27.3
2026-01-01T00:00:00Z,54,54,,79,79,,54,50.2,57.9,67.3,62.8,71.8
2026-01-01T06:00:00Z,60,60,,75,75,,81.7,74.6,88.7,95.9,89.2,102.6
2026-01-01T12:00:00Z,38,38,,92,92,,50.8,46.5,55.1,62.6,58.1,67
2026-01-01T18:00:00Z,41,41,,89,89,,16,13.4,18.6,19.3,15.9,22.6
2026-01-02T00:00:00Z,54,54,,80,80,,28.2,26.2,30.3,36.5,33.6,39.5
2026-01-02T06:00:00Z,56,56,,78,78,,24.6,22.3,26.8,31.7,28.7,34.8
2026-01-02T12:00:00Z,40,40,,92,92,,22.2,20,24.3,27.7,24.9,30.4
2026-01-02T18:00:00Z,40,40,,90,90,,20.3,17.7,23,25.3,21.8,28.8
2026-01-03T00:00:00Z,53,53,,80,80,,29.6,27.4,31.9,39.2,36.3,42.2
2026-01-03T06:00:00Z,60,60,,77,77,,29,26.5,31.5,39.2,36.1,42.2
2026-01-03T12:00:00Z,46,46,,87,87,,30.7,28.3,33.1,41.8,38.8,44.9
2026-01-03T18:00:00Z,42,42,,88,88,,15.2,13,17.3,18.7,16.1,21.3
2026-01-04T00:00:00Z,53,53,,81,81,,23.7,21.6,25.8,30.9,27.8,34
2026-01-04T06:00:00Z,56,56,,78,78,,24,21.3,26.6,31.9,28.5,35.3
2026-01-04T12:00:00Z,37,37,,94,94,,19.6,17.3,21.9,24.9,22,27.8
2026-01-04T18:00:00Z,37,37,,92,92,,16.4,14.9,17.9,20,18,21.9
2026-01-05T00:00:00Z,51,51,,82,82,,21.5,19.4,23.5,28.3,25.5,31.1
2026-01-05T06:00:00Z,57,57,,78,78,,20.8,18.9,22.7,27,24.3,29.7
2026-01-05T12:00:00Z,50,50,,84,84,,25.5,23.2,27.9,33.2,29.9,36.5
2026-01-05T18:00:00Z,46,46,,86,86,,27.7,25.3,30.2,36.1,32.4,39.8
2026-01-06T00:00:00Z,56,56,,78,78,,33.6,31.5,35.8,45,41.8,48.3
2026-01-06T06:00:00Z,60,60,,76,76,,28.7,26.5,30.8,37.6,34.3,40.8
2026-01-06T12:00:00Z,43,43,,89,89,,30.6,28.1,33.1,39.9,36.4,43.3
2026-01-06T18:00:00Z,41,41,,88,88,,20.2,17.5,22.8,25.2,21.5,28.9
2026-01-07T00:00:00Z,49,49,,82,82,,28.4,26.6,30.3,37.1,34.4,39.8
2026-01-07T06:00:00Z,57,57,,78,78,,27.4,25.3,29.4,35.8,33,38.6
2026-01-07T12:00:00Z,38,38,,93,93,,25.1,24.3,25.8,32,31.1,33
2026-01-07T18:00:00Z,41,41,,89,89,,19.4,17.3,21.5,24.7,22,27.4
2026-01-08T00:00:00Z,51,51,,81,81,,30.7,28.6,32.8,40.7,37.8,43.5
2026-01-08T06:00:00Z,56,56,,78,78,,26.3,23.6,29.1,34.4,31,37.7
2026-01-08T12:00:00Z,38,38,,94,94,,30.2,28,32.4,39.3,35.9,42.7
2026-01-08T18:00:00Z,40,40,,91,91,,20.7,18.1,23.3,25.2,21.7,28.7
2026-01-09T00:00:00Z,52,52,,82,82,,19.2,17.2,21.2,24.2,21.4,26.9
2026-01-09T06:00:00Z,58,58,,79,79,,14.7,12.8,16.7,18.9,16.6,21.2
2026-01-09T12:00:00Z,45,45,,88,88,,19.6,17.2,22,24.5,21.4,27.7
2026-01-09T18:00:00Z,48,48,,86,86,,14.5,12.8,16.2,17.3,15.2,19.5
2026-01-10T00:00:00Z,57,57,,80,80,,29.7,28,31.5,38.5,36,41.1
2026-01-10T06:00:00Z,59,59,,79,79,,28.5,26,30.9,36.7,33,40.5
2026-01-10T12:00:00Z,43,43,,91,91,,31.8,29.7,33.9,42,38.8,45.2
2026-01-10T18:00:00Z,44,44,,89,89,,18.7,16.6,20.8,22.3,19.6,25.1
2026-01-11T00:00:00Z,54,54,,83,83,,28.4,26.4,30.4,36.7,33.6,39.8
2026-01-11T06:00:00Z,59,59,,79,79,,20.8,18.8,22.9,26.4,23.5,29.3
2026-01-11T12:00:00Z,38,38,,96,96,,29.7,27.5,31.8,38.9,35.7,42.1
2026-01-11T18:00:00Z,39,39,,92,92,,13.4,12.4,14.3,15.5,14.5,16.6
2026-01-12T00:00:00Z,52,52,,83,83,,20.1,18,22.2,25.5,22.8,28.1
2026-01-12T06:00:00Z,56,56,,81,81,,21.4,19.6,23.2,27.4,24.8,30
2026-01-12T12:00:00Z,39,39,,95,95,,23.9,22,25.7,30.2,27.4,32.9
2026-01-12T18:00:00Z,45,45,,89,89,,18.3,17.1,19.6,22.5,20.8,24.1
2026-01-13T00:00:00Z,56,56,,82,82,,28.3,26,30.6,36.6,33.1,40.1
2026-01-13T06:00:00Z,57,57,,80,80,,22,20.2,23.8,27.8,25.2,30.5
2026-01-13T12:00:00Z,45,45,,89,89,,28,25.8,30.3,36.1,32.6,39.6
2026-01-13T18:00:00Z,42,42,,91,91,,17.6,16.3,19,22,20.5,23.5
2026-01-14T00:00:00Z,53,53,,82,82,,24,21.9,26.2,30.7,27.8,33.5
2026-01-14T06:00:00Z,57,57,,80,80,,25.1,23.8,26.3,32.5,31,34
2026-01-14T12:00:00Z,38,38,,96,96,,33.1,30.7,35.4,43.8,40.6,47.1
2026-01-14T18:00:00Z,38,38,,93,93,,18.2,16,20.5,23,20,26
2026-01-15T00:00:00Z,46,46,,85,85,,26,23.4,28.7,34.8,31.1,38.6
2026-01-15T06:00:00Z,56,56,,80,80,,25.1,22.6,27.7,33.4,30.1,36.7
2026-01-15T12:00:00Z,50,50,,86,86,,33.2,30.8,35.6,43.6,40.5,46.8
2026-01-15T18:00:00Z,44,44,,90,90,,16.1,14.2,18.1,19.4,16.8,22
2026-01-16T00:00:00Z,54,54,,82,82,,24,21.6,26.5,30.4,27,33.8
2026-01-16T06:00:00Z,59,59,,79,79,,34,31.4,36.6,45.3,41.9,48.8
2026-01-16T12:00:00Z,40,40,,94,94,,29.2,26.6,31.9,38.2,35.2,41.2
2026-01-16T18:00:00Z,40,40,,93,93,,23.5,21.3,25.7,29.3,26.3,32.3
2026-01-17T00:00:00Z,49,49,,85,85,,27.7,25.2,30.3,36.8,33.1,40.4
2026-01-17T06:00:00Z,57,57,,80,80,,21.8,19.6,23.9,27.8,24.9,30.7
2026-01-17T12:00:00Z,42,42,,92,92,,32.8,30.2,35.5,43.7,39.6,47.9
2026-01-17T18:00:00Z,42,42,,91,91,,23.8,21.6,26,30.1,27.3,32.9
2026-01-18T00:00:00Z,51,51,,83,83,,31.6,29.2,34.1,42.5,38.8,46.2
2026-01-18T06:00:00Z,57,57,,80,80,,28.6,26.6,30.7,38.5,35.7,41.4
2026-01-18T12:00:00Z,45,45,,89,89,,33.6,31.1,36.2,45.2,41.8,48.6
2026-01-18T18:00:00Z,42,42,,90,90,,23.4,23.9,22.9,29.6,30.6,28.6
2026-01-19T00:00:00Z,54,54,,81,81,,29.3,27.1,31.4,37.8,34.1,41.4
2026-01-19T06:00:00Z,55,55,,81,81,,28.5,26.1,30.8,37.8,34.8,40.9
2026-01-19T12:00:00Z,37,37,,95,95,,23.8,21.5,26.1,31.3,28.5,34.1
2026-01-19T18:00:00Z,38,38,,92,92,,15.6,15.6,15.7,19.7,19.7,19.8
2026-01-20T00:00:00Z,47,47,,85,85,,24.6,22,27.3,33.1,29.3,36.8
2026-01-20T06:00:00Z,53,53,,81,81,,32.7,30.1,35.3,45.2,42,48.3
2026-01-20T12:00:00Z,33,33,,99,99,,26.9,24.8,29,35.3,32.6,38
2026-01-20T18:00:00Z,37,37,,95,95,,16.7,16.3,17.1,21.3,20.9,21.7
2026-01-21T00:00:00Z,52,52,,84,84,,30,27.6,32.5,41.3,37.8,44.8
2026-01-21T06:00:00Z,57,57,,81,81,,33.5,31.2,35.8,47.1,44,50.2
2026-01-21T12:00:00Z,34,34,,100,100,,26.9,24.7,29.2,35.8,33.2,38.4
2026-01-21T18:00:00Z,38,38,,95,95,,16,15.8,16.2,19.5,19.7,19.4
2026-01-22T00:00:00Z,52,52,,86,86,,21.9,19.3,24.5,28.6,25,32.3
2026-01-22T06:00:00Z,58,58,,81,81,,31.3,28.9,33.7,42.8,39.9,45.7
2026-01-22T12:00:00Z,47,47,,88,88,,35.3,32.5,38,47.6,43.8,51.4
2026-01-22T18:00:00Z,37,37,,94,94,,24.3,25.6,23,31.7,33.8,29.7
2026-01-23T00:00:00Z,49,49,,85,85,,29.2,27.8,30.5,39.6,37.7,41.5
2026-01-23T06:00:00Z,55,55,,82,82,,28.7,26.2,31.2,39.7,36.4,43
2026-01-23T12:00:00Z,36,36,,98,98,,29.1,27,31.3,37.6,35.1,40.1
2026-01-23T18:00:00Z,37,37,,93,93,,15.3,16.2,14.4,19.1,20.3,17.9
2026-01-24T00:00:00Z,47,47,,85,85,,30.5,27.9,33.2,42,38.4,45.6
2026-01-24T06:00:00Z,53,53,,81,81,,33.6,31.2,36,46.9,43.8,50
2026-01-24T12:00:00Z,34,34,,99,99,,18.8,16.8,20.9,23.6,20.9,26.3
2026-01-24T18:00:00Z,35,35,,96,96,,15.1,15.8,14.5,18.3,19.3,17.4
2026-01-25T00:00:00Z,44,44,,88,88,,24.4,21.1,27.7,32.7,28.5,37
2026-01-25T06:00:00Z,52,52,,84,84,,24.6,22,27.2,33.4,30.1,36.7
2026-01-25T12:00:00Z,33,33,,101,101,,21.4,18.9,23.9,27.4,24,30.7
2026-01-25T18:00:00Z,35,35,,95,95,,14.6,17.2,12,17.6,21,14.2
2026-01-26T00:00:00Z,49,49,,87,87,,23.7,20.5,26.9,30.9,26.7,35
2026-01-26T06:00:00Z,56,56,,83,83,,31.4,28.8,34,42.4,38.7,46.1
2026-01-26T12:00:00Z,37,37,,98,98,,28.4,26,30.8,37.1,33.9,40.3
2026-01-26T18:00:00Z,41,41,,94,94,,16.9,14.5,19.3,20.5,17.6,23.4
2026-01-27T00:00:00Z,52,52,,85,85,,30,27.3,32.8,39.9,36.1,43.6
2026-01-27T06:00:00Z,53,53,,83,83,,26.4,23.8,29,35.5,31.8,39.3
2026-01-27T12:00:00Z,34,34,,100,100,,35.4,32.6,38.2,48.1,44.1,52
2026-01-27T18:00:00Z,39,39,,95,95,,18.5,16.9,20.1,23.6,21.8,25.5
2026-01-28T00:00:00Z,49,49,,85,85,,20.8,18.1,23.5,28.8,25,32.6
2026-01-28T06:00:00Z,57,57,,80,80,,23.6,21.6,25.5,32.5,29.8,35.2
2026-01-28T12:00:00Z,40,40,,93,93,,29.8,26.6,33.1,39.9,35.4,44.3
2026-01-28T18:00:00Z,40,40,,92,92,,18.6,17.8,19.4,24.2,23.4,25
2026-01-29T00:00:00Z,52,52,,82,82,,20.1,18,22.3,27,24.1,29.8
2026-01-29T06:00:00Z,56,56,,81,81,,21.7,19.7,23.6,28.5,25.9,31.1
2026-01-29T12:00:00Z,43,43,,91,91,,17.3,15.2,19.3,22,19.1,24.8
2026-01-29T18:00:00Z,39,39,,93,93,,22.2,22.8,21.6,29.6,30.7,28.4
2026-01-30T00:00:00Z,54,54,,82,82,,27.1,24.2,29.9,36.7,33.2,40.3
2026-01-30T06:00:00Z,58,58,,79,79,,24.4,21.5,27.3,32.8,29.4,36.3
2026-01-30T12:00:00Z,35,35,,98,98,,27.8,25.5,30.1,36.8,33.6,40
2026-01-30T18:00:00Z,38,38,,92,92,,17.3,15.4,19.2,21.9,19.7,24.1
2026-01-31T00:00:00Z,46,46,,86,86,,22.2,19.1,25.3,29.2,25.2,33.3
2026-01-31T06:00:00Z,53,53,,81,81,,25,22.4,27.6,34.6,31.3,37.8
2026-01-31T12:00:00Z,36,36,,96,96,,21.7,19.4,23.9,28.3,25.5,31.1
2026-01-31T18:00:00Z,41,41,,92,92,,15.5,13.7,17.3,18.7,16.6,20.9
2026-02-01T00:00:00Z,49,49,,85,85,,21.9,19.3,24.5,28.5,25.2,31.8
2026-02-01T06:00:00Z,52,52,,83,83,,15.3,13.2,17.5,20.8,18,23.7
2026-02-01T12:00:00Z,38,38,,96,96,,21.2,18.1,24.4,27.5,23.2,31.8
2026-02-01T18:00:00Z,40,40,,92,92,,16.4,13,19.8,20.2,16.1,24.4
2026-02-02T00:00:00Z,51,51,,83,83,,25.7,22.6,28.7,34.6,30.6,38.7
2026-02-02T06:00:00Z,53,53,,82,82,,22.2,19.6,24.7,29.9,26.2,33.5
2026-02-02T12:00:00Z,43,43,,90,90,,30.6,28.1,33.1,41.5,38.2,44.8
2026-02-02T18:00:00Z,36,36,,94,94,,15.4,12.6,18.3,19.5,16.2,22.8
2026-02-03T00:00:00Z,48,48,,85,85,,31.9,28.8,35.1,44.4,40.1,48.7
2026-02-03T06:00:00Z,51,51,,83,83,,34.4,31.9,36.9,48,44.5,51.5
2026-02-03T12:00:00Z,38,38,,94,94,,26.6,23.9,29.2,35.5,32,38.9
2026-02-03T18:00:00Z,35,35,,94,94,,17.3,17.5,17,21.4,20.7,22
2026-02-04T00:00:00Z,47,47,,84,84,,33.8,30.5,37.1,46.4,41.8,50.9
2026-02-04T06:00:00Z,51,51,,81,81,,27.5,24.9,30.1,36.1,32.6,39.6
2026-02-04T12:00:00Z,38,38,,95,95,,30.9,28.1,33.7,43.4,39.8,47
2026-02-04T18:00:00Z,38,38,,93,93,,15.9,17.7,14.1,18.8,19.9,17.7
2026-02-05T00:00:00Z,50,50,,85,85,,26.1,23,29.1,34.6,30.4,38.8
2026-02-05T06:00:00Z,53,53,,82,82,,35.5,31.9,39,45.6,41.3,49.9
2026-02-05T12:00:00Z,37,37,,97,97,,29.8,27,32.7,37.7,33.1,42.3
2026-02-05T18:00:00Z,43,43,,90,90,,19.7,17.1,22.3,24.2,21,27.5
2026-02-06T00:00:00Z,56,56,,81,81,,30.9,28.2,33.7,41.4,37.5,45.3
2026-02-06T06:00:00Z,60,60,,78,78,,28.9,26.1,31.7,38.5,34.6,42.5
2026-02-06T12:00:00Z,45,45,,90,90,,20.3,18.5,22,25,22.7,27.3
2026-02-06T18:00:00Z,40,40,,94,94,,13.8,13.7,13.9,15.5,15.3,15.8
2026-02-07T00:00:00Z,57,57,,82,82,,28.6,25.6,31.7,37.5,33.3,41.7
2026-02-07T06:00:00Z,60,60,,79,79,,21.9,18.9,24.9,28,24,31.9
2026-02-07T12:00:00Z,43,43,,92,92,,20.8,17.8,23.8,25.9,21.8,29.9
2026-02-07T18:00:00Z,39,39,,93,93,,13.8,14.7,12.9,16.5,18.1,14.9
2026-02-08T00:00:00Z,52,52,,84,84,,18,15.6,20.3,23,19.9,26
2026-02-08T06:00:00Z,56,56,,82,82,,16,13.9,18,20.5,17.7,23.4
2026-02-08T12:00:00Z,40,40,,95,95,,17.7,15,20.3,21.7,18.3,25.2
2026-02-08T18:00:00Z,38,38,,95,95,,13.4,11.6,15.2,15.9,13.9,17.9
2026-02-09T00:00:00Z,52,52,,85,85,,19.8,17.1,22.5,26.9,23.2,30.6
2026-02-09T06:00:00Z,58,58,,81,81,,18.7,16.4,21,25.9,22.7,29
2026-02-09T12:00:00Z,42,42,,93,93,,24.2,21.3,27.2,31.9,27.9,35.9
2026-02-09T18:00:00Z,41,41,,93,93,,16.5,14.5,18.4,20.3,17.6,22.9
2026-02-10T00:00:00Z,53,53,,84,84,,25.2,21.9,28.5,33.6,29.2,38.1
2026-02-10T06:00:00Z,60,60,,80,80,,26.4,23.5,29.2,35.2,31.2,39.2
2026-02-10T12:00:00Z,44,44,,91,91,,23.1,20.2,26,30.1,26,34.2
2026-02-10T18:00:00Z,42,42,,91,91,,14.4,12,16.8,18,14.9,21.2
2026-02-11T00:00:00Z,51,51,,85,85,,23.5,20.9,26.1,31.7,28.2,35.3
2026-02-11T06:00:00Z,54,54,,83,83,,25,22.4,27.7,34.7,31.2,38.2
2026-02-11T12:00:00Z,44,44,,92,92,,25.3,22.3,28.4,33.6,29.2,38
2026-02-11T18:00:00Z,39,39,,95,95,,22.6,22.1,23.1,27.7,25.5,29.9
2026-02-12T00:00:00Z,50,50,,85,85,,22.9,20.2,25.5,31.5,28.2,34.8
2026-02-12T06:00:00Z,55,55,,82,82,,22,19.9,24,30,27.5,32.5
2026-02-12T12:00:00Z,46,46,,89,89,,25.4,22.4,28.4,33.8,29.7,38
2026-02-12T18:00:00Z,40,40,,93,93,,15.8,13.6,18,19.9,16.9,22.9
2026-02-13T00:00:00Z,49,49,,85,85,,33.8,31.1,36.4,47.7,44.6,50.8
2026-02-13T06:00:00Z,55,55,,81,81,,24.2,22,26.3,34.5,31.7,37.2
2026-02-13T12:00:00Z,36,36,,98,98,,24.8,22.3,27.4,33.4,29.9,36.8
2026-02-13T18:00:00Z,37,37,,95,95,,16.3,17.6,15.1,19.2,19.7,18.7
2026-02-14T00:00:00Z,50,50,,86,86,,25.6,22.3,29,34.8,30.2,39.4
2026-02-14T06:00:00Z,55,55,,83,83,,24.2,21.7,26.8,32.7,29.4,36.1
2026-02-14T12:00:00Z,41,41,,95,95,,22.4,19.6,25.3,28.7,24.7,32.7
2026-02-14T18:00:00Z,42,42,,92,92,,18.6,18.8,18.4,21.5,20.9,22.1
2026-02-15T00:00:00Z,54,54,,84,84,,34.2,31,37.4,45.3,41.3,49.3
2026-02-15T06:00:00Z,56,56,,82,82,,31.8,29.3,34.3,44,40.8,47.2
2026-02-15T12:00:00Z,47,47,,89,89,,33.8,30.7,36.8,44.7,39.6,49.9
2026-02-15T18:00:00Z,42,42,,92,92,,20.9,22.5,19.3,24.8,25.3,24.2
2026-02-16T00:00:00Z,54,54,,83,83,,27.5,25,29.9,36.7,33.1,40.3
2026-02-16T06:00:00Z,59,59,,80,80,,26.2,23.7,28.8,35.4,31.6,39.1
2026-02-16T12:00:00Z,40,40,,95,95,,25.2,21.9,28.4,31.8,26.7,37
2026-02-16T18:00:00Z,39,39,,93,93,,16.3,15.4,17.3,20.2,17.8,22.5
2026-02-17T00:00:00Z,48,48,,86,86,,27.7,23.9,31.5,37.5,32.5,42.6
2026-02-17T06:00:00Z,52,52,,83,83,,25,21.4,28.7,34.3,29.6,38.9
2026-02-17T12:00:00Z,38,38,,97,97,,25.6,22.7,28.6,34.1,29.8,38.4
2026-02-17T18:00:00Z,43,43,,92,92,,21.1,23.9,18.3,28.3,32.1,24.4
2026-02-18T00:00:00Z,53,53,,85,85,,29.4,27.1,31.7,40.6,37.8,43.3
2026-02-18T06:00:00Z,58,58,,82,82,,31.9,29.6,34.1,43.8,40.7,46.8
2026-02-18T12:00:00Z,40,40,,95,95,,29.7,27.6,31.9,41.3,38.7,43.8
2026-02-18T18:00:00Z,46,46,,90,90,,18.4,16.8,20.1,23.4,21.4,25.3
2026-02-19T00:00:00Z,57,57,,82,82,,34.9,32.5,37.2,46.9,43.4,50.4
2026-02-19T06:00:00Z,59,59,,81,81,,33.9,31.7,36.1,46.2,43,49.3
2026-02-19T12:00:00Z,40,40,,96,96,,29.9,27.7,32,39.6,37.1,42.2
2026-02-19T18:00:00Z,42,42,,93,93,,12.1,11.7,12.5,15,14.3,15.7
2026-02-20T00:00:00Z,48,48,,88,88,,20.4,18,22.8,26.4,23.3,29.5
2026-02-20T06:00:00Z,54,54,,83,83,,21.8,19.5,24,29.8,26.9,32.7
2026-02-20T12:00:00Z,38,38,,98,98,,26.1,23.9,28.3,34.7,31.9,37.4
2026-02-20T18:00:00Z,40,40,,92,92,,11.7,11.6,11.7,15.5,15.4,15.5
2026-02-21T00:00:00Z,46,46,,87,87,,23.2,20.9,25.5,31.4,28.5,34.2
2026-02-21T06:00:00Z,59,59,,82,82,,30.3,28.1,32.5,42.4,39.6,45.2
2026-02-21T12:00:00Z,39,39,,97,97,,35.1,32.7,37.4,47.6,44.6,50.6
2026-02-21T18:00:00Z,41,41,,93,93,,12.1,11.4,12.8,14.9,14,15.8
2026-02-22T00:00:00Z,54,54,,85,85,,29.8,27.6,32.1,39.7,36.4,43
2026-02-22T06:00:00Z,58,58,,82,82,,28.7,26.4,30.9,37.9,34.7,41.1
2026-02-22T12:00:00Z,45,45,,92,92,,26.2,23.9,28.4,34.8,32,37.6
2026-02-22T18:00:00Z,38,38,,95,95,,11.7,10.4,13,14.5,13,16
2026-02-23T00:00:00Z,54,54,,85,85,,25,22.5,27.5,32.6,29.1,36.1
2026-02-23T06:00:00Z,58,58,,82,82,,24.5,22.2,26.8,33.7,30.6,36.8
2026-02-23T12:00:00Z,35,35,,100,100,,23.6,21.2,26,31.8,28.8,34.7
2026-02-23T18:00:00Z,41,41,,93,93,,12.9,12.1,13.7,16.1,14.8,17.3
2026-02-24T00:00:00Z,54,54,,85,85,,20.6,18.4,22.9,26.6,23.9,29.4
2026-02-24T06:00:00Z,55,55,,84,84,,31.1,29.1,33.1,42.6,40.2,45
2026-02-24T12:00:00Z,39,39,,98,98,,35.9,33.4,38.3,49.6,46.7,52.5
2026-02-24T18:00:00Z,39,39,,96,96,,19.2,17.4,20.9,26.3,24.3,28.4
2026-02-25T00:00:00Z,51,51,,87,87,,25.5,22.8,28.2,34.3,30.8,37.7
2026-02-25T06:00:00Z,53,53,,85,85,,19.6,17.6,21.5,26.5,24,29
2026-02-25T12:00:00Z,38,38,,97,97,,26.8,24.2,29.5,38.6,35.8,41.3
2026-02-25T18:00:00Z,41,41,,94,94,,27.1,25.5,28.6,40.5,38.8,42.2
2026-02-26T00:00:00Z,52,52,,88,88,,24.9,22.5,27.2,32.7,29.7,35.8
2026-02-26T06:00:00Z,56,56,,84,84,,28.9,26.3,31.5,41,38,43.9
2026-02-26T12:00:00Z,42,42,,97,97,,31.7,29.1,34.3,43.2,39.5,46.9
2026-02-26T18:00:00Z,42,42,,94,94,,29.5,28.1,31,43.6,42.9,44.4
2026-02-27T00:00:00Z,55,55,,85,85,,28.3,25.3,31.3,37.7,33.7,41.7
2026-02-27T06:00:00Z,57,57,,84,84,,26.9,24.7,29.2,36.8,34,39.6
2026-02-27T12:00:00Z,43,43,,94,94,,24.3,22.2,26.3,35.1,32.8,37.3
2026-02-27T18:00:00Z,43,43,,93,93,,19.2,19.4,19.1,25.5,25.7,25.2
2026-02-28T00:00:00Z,51,51,,87,87,,19.3,17.1,21.5,25.7,22.8,28.6
2026-02-28T06:00:00Z,59,59,,82,82,,24.8,22.9,26.8,33.4,30.7,36
2026-02-28T12:00:00Z,46,46,,91,91,,34.4,31.8,37.1,47.2,43.7,50.7
2026-02-28T18:00:00Z,45,45,,90,90,,17.3,15.1,19.5,21.5,18.7,24.4
2026-03-01T00:00:00Z,53,53,,85,85,,23.3,21,25.7,30.4,27.4,33.4
2026-03-01T06:00:00Z,56,56,,83,83,,25.6,22.9,28.4,34,30.3,37.8
2026-03-01T12:00:00Z,48,48,,89,89,,21.9,19.5,24.4,29.1,25.9,32.3
2026-03-01T18:00:00Z,45,45,,88,88,,14.5,11.9,17,17.9,14.5,21.4
2026-03-02T00:00:00Z,48,48,,85,85,,22.3,19.9,24.7,31.1,28.4,33.9
2026-03-02T06:00:00Z,54,54,,82,82,,24,21.6,26.4,33.7,30.6,36.7
2026-03-02T12:00:00Z,38,38,,97,97,,30.4,27.8,33,40.8,37.4,44.3
2026-03-02T18:00:00Z,40,40,,92,92,,24.8,24.6,25,32.6,32.2,32.9
2026-03-03T00:00:00Z,48,48,,84,84,,28.6,26,31.2,40.1,37,43.2
2026-03-03T06:00:00Z,54,54,,80,80,,29.6,27.3,31.8,42.2,39.5,44.9
2026-03-03T12:00:00Z,44,44,,90,90,,28.5,26.2,30.7,39.5,36.6,42.5
2026-03-03T18:00:00Z,41,41,,91,91,,22.2,21,23.5,30,28.5,31.5
2026-03-04T00:00:00Z,50,50,,84,84,,30.3,28,32.7,42.5,39.4,45.6
2026-03-04T06:00:00Z,54,54,,82,82,,30.3,28,32.6,42.9,40,45.8
2026-03-04T12:00:00Z,40,40,,93,93,,29.1,26.7,31.5,40.7,37.7,43.8
2026-03-04T18:00:00Z,40,40,,92,92,,16.5,15.8,17.3,22,21,23
2026-03-05T00:00:00Z,47,47,,85,85,,22,19.6,24.5,30.3,27.2,33.4
2026-03-05T06:00:00Z,54,54,,81,81,,22.6,20.4,24.8,30.9,28,33.9
2026-03-05T12:00:00Z,38,38,,95,95,,29,26.6,31.3,39.8,36.8,42.8
2026-03-05T18:00:00Z,41,41,,91,91,,18.6,20.7,16.5,24.1,27,21.1
2026-03-06T00:00:00Z,52,52,,83,83,,34.4,31.6,37.2,45.8,42.5,49.2
2026-03-06T06:00:00Z,57,57,,80,80,,20.7,19,22.5,27.3,24.8,29.8
2026-03-06T12:00:00Z,39,39,,94,94,,26,23.8,28.1,33.8,30.8,36.7
2026-03-06T18:00:00Z,36,36,,94,94,,17.7,20.2,15.3,22.6,25.9,19.4
2026-03-07T00:00:00Z,52,52,,84,84,,52.4,48.6,56.2,67.3,63,71.5
2026-03-07T06:00:00Z,57,57,,80,80,,43.8,41.3,46.2,59.7,56.8,62.7
2026-03-07T12:00:00Z,45,45,,91,91,,39.2,36.5,41.9,53.5,50,57
2026-03-07T18:00:00Z,42,42,,91,91,,13.7,12.2,15.2,17.6,15.6,19.5
2026-03-08T00:00:00Z,49,49,,85,85,,16.6,14.5,18.6,21,18.7,23.4
2026-03-08T06:00:00Z,53,53,,83,83,,14.8,13.2,16.3,19.3,17.5,21.1
2026-03-08T12:00:00Z,41,41,,93,93,,15.2,13.5,16.9,19.8,17.5,22.2
2026-03-08T18:00:00Z,43,43,,90,90,,10.6,9,12.3,13.2,11.4,15
2026-03-09T00:00:00Z,50,50,,85,85,,44.9,40.9,48.8,56.4,51.9,60.8
2026-03-09T06:00:00Z,58,58,,80,80,,27,24.5,29.5,37.6,34.3,41
2026-03-09T12:00:00Z,44,44,,91,91,,27.5,25.6,29.4,37.4,34.9,39.9
2026-03-09T18:00:00Z,44,44,,91,91,,15.5,13.9,17.2,19.3,17.3,21.4
2026-03-10T00:00:00Z,54,54,,83,83,,29,26.5,31.4,39.5,35.7,43.3
2026-03-10T06:00:00Z,60,60,,80,80,,30.8,28.5,33.2,42.6,39.3,45.9
2026-03-10T12:00:00Z,44,44,,91,91,,35.5,32.6,38.3,47.5,44,50.9
2026-03-10T18:00:00Z,45,45,,90,90,,26.1,23.2,29.1,34.3,30.4,38.3
2026-03-11T00:00:00Z,54,54,,83,83,,37.3,34.7,40,52.4,49.2,55.6
2026-03-11T06:00:00Z,57,57,,81,81,,23,20.8,25.3,32.3,29.4,35.2
2026-03-11T12:00:00Z,47,47,,89,89,,24.5,22.5,26.5,33.9,31.5,36.4
2026-03-11T18:00:00Z,43,43,,91,91,,24.3,21.7,26.9,32.9,29.4,36.4
2026-03-12T00:00:00Z,54,54,,83,83,,30.8,28.4,33.2,43.1,39.8,46.3
2026-03-12T06:00:00Z,58,58,,80,80,,25,23.4,26.6,35.6,33.4,37.7
2026-03-12T12:00:00Z,46,46,,89,89,,27.6,25.4,29.8,39.5,36.6,42.4
2026-03-12T18:00:00Z,42,42,,91,91,,20.8,18.3,23.3,27.9,24.6,31.2
2026-03-13T00:00:00Z,53,53,,84,84,,36.3,33.7,38.9,50.3,46.9,53.7
2026-03-13T06:00:00Z,57,57,,82,82,,28.4,26.1,30.6,38.6,35.7,41.5
2026-03-13T12:00:00Z,44,44,,91,91,,33.1,30,36.3,42.9,38.7,47.1
2026-03-13T18:00:00Z,40,40,,93,93,,26.9,24.2,29.7,35.1,32,38.2
2026-03-14T00:00:00Z,52,52,,84,84,,31.3,29,33.7,44.4,41.3,47.6
2026-03-14T06:00:00Z,55,55,,81,81,,35.5,33.1,37.9,51.9,49.3,54.5
2026-03-14T12:00:00Z,42,42,,92,92,,31.3,29,33.7,44.3,41.5,47.1
2026-03-14T18:00:00Z,45,45,,89,89,,20.8,19.3,22.2,27.8,26.1,29.5
2026-03-15T00:00:00Z,51,51,,84,84,,34.3,31.9,36.7,49.2,46.3,52
2026-03-15T06:00:00Z,56,56,,81,81,,38.7,36.4,41.1,56.3,53.6,59
2026-03-15T12:00:00Z,43,43,,91,91,,47.5,43.5,51.6,63.1,58.9,67.3
2026-03-15T18:00:00Z,41,41,,92,92,,17.7,15.9,19.6,22.8,20.2,25.4
2026-03-16T00:00:00Z,53,53,,83,83,,25.9,23.9,27.9,36,33.4,38.7
2026-03-16T06:00:00Z,56,56,,80,80,,27.7,25.6,29.7,40.1,37.2,43
2026-03-16T12:00:00Z,43,43,,92,92,,30.2,28.1,32.4,41.4,38.5,44.3
2026-03-16T18:00:00Z,43,43,,91,91,,18.3,16.4,20.2,23.5,21.1,25.8
2026-03-17T00:00:00Z,55,55,,83,83,,21.4,19.1,23.7,28.4,25.3,31.4
2026-03-17T06:00:00Z,57,57,,82,82,,21.5,19.8,23.3,29.4,27,31.8
2026-03-17T12:00:00Z,48,48,,89,89,,20.8,19.7,21.9,28.1,26.5,29.6
2026-03-17T18:00:00Z,43,43,,91,91,,22.2,22,22.5,30.3,29.8,30.8
2026-03-18T00:00:00Z,53,53,,84,84,,30.6,28,33.2,43.2,39.9,46.5
2026-03-18T06:00:00Z,57,57,,81,81,,24.2,22.9,25.6,33.6,31.7,35.5
2026-03-18T12:00:00Z,47,47,,90,90,,35,32.5,37.6,47.8,44.3,51.3
2026-03-18T18:00:00Z,40,40,,93,93,,30.2,29.5,30.8,40.2,39.1,41.4
2026-03-19T00:00:00Z,51,51,,85,85,,25.3,22.8,27.9,34,30.6,37.3
2026-03-19T06:00:00Z,54,54,,82,82,,26.3,23.8,28.8,36.1,32.7,39.5
2026-03-19T12:00:00Z,45,45,,90,90,,33.6,33.5,33.7,45.1,45.2,45
2026-03-19T18:00:00Z,44,44,,90,90,,24.9,29.4,20.3,33.9,41.1,26.8
2026-03-20T00:00:00Z,53,53,,83,83,,26.7,24,29.4,36.4,32.9,40
2026-03-20T06:00:00Z,57,57,,81,81,,25.9,24.1,27.7,34.9,32,37.8
2026-03-20T12:00:00Z,46,46,,90,90,,30.6,28.4,32.7,41.8,38.8,44.8
2026-03-20T18:00:00Z,46,46,,90,90,,22.8,20.3,25.3,29.4,26.3,32.5
2026-03-21T00:00:00Z,53,53,,84,84,,31.8,29.3,34.4,42.4,38.8,46.1
2026-03-21T06:00:00Z,58,58,,80,80,,31.4,29.7,33,42,39.8,44.2
2026-03-21T12:00:00Z,46,46,,89,89,,42,39.1,44.9,57.5,53.9,61.1
2026-03-21T18:00:00Z,46,46,,89,89,,30.2,27.5,32.8,39.7,35.9,43.4
2026-03-22T00:00:00Z,56,56,,82,82,,37.6,34.7,40.5,50.2,46.2,54.2
2026-03-22T06:00:00Z,56,56,,81,81,,40.3,37.8,42.8,54.6,51.3,57.9
2026-03-22T12:00:00Z,43,43,,91,91,,32,28.7,35.3,42.1,37.7,46.5
2026-03-22T18:00:00Z,46,46,,88,88,,18.2,15.6,20.8,22.6,19.3,25.9
2026-03-23T00:00:00Z,53,53,,83,83,,31.6,28.8,34.4,41.9,37.9,46
2026-03-23T06:00:00Z,57,57,,81,81,,39.4,36.6,42.2,53.1,49.2,56.9
2026-03-23T12:00:00Z,48,48,,87,87,,43.2,39.8,46.7,58.4,53.9,63
2026-03-23T18:00:00Z,48,48,,86,86,,21,18.3,23.8,27.2,23.4,31
2026-03-24T00:00:00Z,55,55,,82,82,,22.9,20.3,25.6,28.7,24.9,32.6
2026-03-24T06:00:00Z,57,57,,80,80,,31.8,29.1,34.4,42.9,38.9,46.8
2026-03-24T12:00:00Z,45,45,,90,90,,25.5,23.3,27.7,33.8,30.8,36.8
2026-03-24T18:00:00Z,47,47,,87,87,,18.6,16.3,20.9,23.6,20.5,26.6
2026-03-25T00:00:00Z,56,56,,82,82,,31.8,28.8,34.7,42.3,38.3,46.2
2026-03-25T06:00:00Z,58,58,,80,80,,38.4,35.6,41.2,52.8,49.1,56.5
2026-03-25T12:00:00Z,46,46,,90,90,,39.3,36.4,42.2,53.7,49.8,57.5
2026-03-25T18:00:00Z,46,46,,89,89,,24.2,21,27.4,31.2,27.1,35.3
2026-03-26T00:00:00Z,55,55,,83,83,,36.5,33.6,39.3,48.7,44.7,52.7
2026-03-26T06:00:00Z,58,58,,81,81,,42.4,39.3,45.5,56.9,53.2,60.6
2026-03-26T12:00:00Z,48,48,,89,89,,33.6,31.1,36.1,45.6,42.1,49.1
2026-03-26T18:00:00Z,46,46,,89,89,,20.2,17.1,23.4,26.1,22.2,30.1
2026-03-27T00:00:00Z,52,52,,84,84,,26.1,23.5,28.6,34.2,31,37.4
2026-03-27T06:00:00Z,57,57,,82,82,,21.5,19.3,23.7,27.6,24.7,30.5
2026-03-27T12:00:00Z,45,45,,91,91,,27.6,25,30.2,36.3,33.3,39.3
2026-03-27T18:00:00Z,43,43,,90,90,,14.1,12.1,16,18.4,16,20.8
2026-03-28T00:00:00Z,52,52,,85,85,,31.4,29.1,33.7,43.5,40.6,46.5
2026-03-28T06:00:00Z,58,58,,82,82,,29.2,26.6,31.7,40.7,37.5,43.9
2026-03-28T12:00:00Z,45,45,,91,91,,37.9,36.3,39.6,52,50.2,53.8
2026-03-28T18:00:00Z,46,46,,89,89,,22,19.4,24.6,28.3,25.2,31.3
2026-03-29T00:00:00Z,53,53,,83,83,,24.2,21.6,26.9,32.9,29.7,36.2
2026-03-29T06:00:00Z,57,57,,81,81,,27.3,24.8,29.7,37.6,34.2,41.1
2026-03-29T12:00:00Z,48,48,,88,88,,30.7,30,31.5,41.3,40.5,42.1
2026-03-29T18:00:00Z,47,47,,88,88,,20.2,17.3,23.2,25.5,21.8,29.3
2026-03-30T00:00:00Z,55,55,,83,83,,26.5,23.9,29,35.1,31.7,38.5
2026-03-30T06:00:00Z,58,58,,81,81,,29.2,26.6,31.8,39.1,35.5,42.7
2026-03-30T12:00:00Z,48,48,,89,89,,30.2,28,32.5,40.5,37.4,43.5
2026-03-30T18:00:00Z,47,47,,87,87,,17.8,15.5,20.1,22.6,19.6,25.5
2026-03-31T00:00:00Z,54,54,,82,82,,19.6,17.6,21.5,25.1,22.4,27.8
2026-03-31T06:00:00Z,57,57,,81,81,,21.4,19.5,23.2,27.5,24.9,30.1
2026-03-31T12:00:00Z,52,52,,86,86,,23.1,20.6,25.6,29.7,26.3,33.1
2026-03-31T18:00:00Z,47,47,,88,88,,18.4,15.7,21.1,23.1,19.5,26.6
2026-04-01T00:00:00Z,54,54,,84,84,,36.6,33.5,39.7,48.7,44.8,52.6
2026-04-01T06:00:00Z,57,57,,83,83,,31.6,29.4,33.9,42.6,39.1,46
2026-04-01T12:00:00Z,47,47,,91,91,,33.3,31.1,35.4,45.2,42.2,48.2
2026-04-01T18:00:00Z,46,46,,89,89,,23,19.4,26.5,30.1,25.5,34.8
2026-04-02T00:00:00Z,53,53,,84,84,,47.8,44.1,51.4,64.2,60.3,68.2
2026-04-02T06:00:00Z,58,58,,82,82,,39,36.8,41.1,54.5,52.1,57
2026-04-02T12:00:00Z,45,45,,90,90,,39.2,36.4,42,53.9,50.6,57.1
2026-04-02T18:00:00Z,46,46,,88,88,,18.3,16,20.6,23.5,20.6,26.4
2026-04-03T00:00:00Z,53,53,,83,83,,26.3,23.9,28.8,34.9,31.6,38.2
2026-04-03T06:00:00Z,57,57,,81,81,,32.4,30.1,34.6,44.3,41.3,47.3
2026-04-03T12:00:00Z,52,52,,85,85,,38.1,34.9,41.3,52.1,48,56.2
2026-04-03T18:00:00Z,48,48,,86,86,,21.8,18.9,24.8,27.3,23.2,31.4
2026-04-04T00:00:00Z,56,56,,81,81,,37.5,34.5,40.5,49.8,45.9,53.7
2026-04-04T06:00:00Z,60,60,,79,79,,35.8,33.3,38.4,49.4,46.2,52.7
2026-04-04T12:00:00Z,47,47,,89,89,,38.2,34.7,41.7,51.9,47.2,56.6
2026-04-04T18:00:00Z,48,48,,87,87,,24.1,20.1,28,30.4,24.8,35.9
2026-04-05T00:00:00Z,57,57,,81,81,,38.8,35.4,42.2,50.4,45.5,55.3
2026-04-05T06:00:00Z,60,60,,79,79,,40,37.6,42.4,54.3,51.4,57.2
2026-04-05T12:00:00Z,44,44,,92,92,,35.8,33,38.5,47.7,43.9,51.4
2026-04-05T18:00:00Z,45,45,,90,90,,24.3,21.7,26.8,31.8,28.5,35.1
2026-04-06T00:00:00Z,54,54,,84,84,,25.8,23.2,28.4,35.7,32.2,39.3
2026-04-06T06:00:00Z,57,57,,82,82,,27.5,24.9,30.1,38.3,34.9,41.8
2026-04-06T12:00:00Z,48,48,,89,89,,24.1,21.4,26.8,33.3,29.8,36.7
2026-04-06T18:00:00Z,44,44,,88,88,,15.3,12.5,18.1,21.1,17.3,24.9
2026-04-07T00:00:00Z,49,49,,83,83,,18.1,15.6,20.6,24.3,21,27.6
2026-04-07T06:00:00Z,56,56,,81,81,,17.9,16.2,19.7,24.3,22.1,26.6
2026-04-07T12:00:00Z,48,48,,87,87,,23.9,20.8,27,32.7,28.8,36.6
2026-04-07T18:00:00Z,44,44,,89,89,,16.1,13.3,19,21.4,18,24.9
2026-04-08T00:00:00Z,53,53,,83,83,,30.8,28.3,33.3,41.6,37.8,45.4
2026-04-08T06:00:00Z,58,58,,80,80,,34.2,31.5,36.9,47,43.3,50.6
2026-04-08T12:00:00Z,47,47,,89,89,,30.6,27.5,33.6,41.7,37.3,46
2026-04-08T18:00:00Z,48,48,,88,88,,29.1,25.5,32.7,39,33.8,44.2
