time_stamp,humidity,humidity_a,humidity_b,temperature,temperature_a,temperature_b,pm2.5_atm,pm2.5_atm_a,pm2.5_atm_b,pm10.0_atm,pm10.0_atm_a,pm10.0_atm_b
2024-03-12T12:00:00Z,43,43,,90,90,,31.4,30.9,32,35.6,35.3,36
2024-03-12T18:00:00Z,40,40,,90,90,,20.6,20.3,21,22.6,22.4,22.7
2024-03-13T00:00:00Z,46,46,,85,85,,19.8,19.3,20.3,21.6,21.2,21.9
2024-03-13T06:00:00Z,50,50,,83,83,,14.7,14.3,15.1,16.3,16,16.5
2024-03-13T12:00:00Z,41,41,,90,90,,36.6,36,37.1,44.3,44,44.6
2024-03-13T18:00:00Z,38,38,,92,92,,20.5,20.2,20.8,22.6,22.6,22.6
2024-03-14T00:00:00Z,46,46,,86,86,,17.2,16.8,17.7,18.8,18.6,19.1
2024-03-14T06:00:00Z,50,50,,83,83,,12.6,12.2,13,13.9,13.6,14.1
2024-03-14T12:00:00Z,48,48,,86,86,,26.3,25.8,26.8,29.3,29,29.5
2024-03-14T18:00:00Z,42,42,,89,89,,17.6,17.2,17.9,19.2,19.2,19.3
2024-03-15T00:00:00Z,47,47,,85,85,,18.7,18.3,19.2,20.4,20.2,20.6
2024-03-15T06:00:00Z,51,51,,83,83,,16.3,15.8,16.9,17.8,17.4,18.2
2024-03-15T12:00:00Z,45,45,,88,88,,30.7,30.2,31.3,35.6,35.3,36
2024-03-15T18:00:00Z,42,42,,89,89,,17.5,17.1,17.8,19.2,19.1,19.3
2024-03-16T00:00:00Z,48,48,,84,84,,16.6,16.3,17,18.2,18,18.4
2024-03-16T06:00:00Z,55,55,,82,82,,20.7,20,21.4,22.6,22,23.2
2024-03-16T12:00:00Z,47,47,,88,88,,34.3,33.5,35.1,40.4,39.7,41.1
2024-03-16T18:00:00Z,44,44,,89,89,,21.8,21.4,22.1,23.9,23.7,24
2024-03-17T00:00:00Z,48,48,,86,86,,20.6,20,21.1,22.2,21.9,22.6
2024-03-17T06:00:00Z,52,52,,84,84,,25.6,24.8,26.4,28.3,27.9,28.6
2024-03-17T12:00:00Z,49,49,,87,87,,39.3,38.5,40.1,47,46.3,47.8
2024-03-17T18:00:00Z,43,43,,89,89,,23.5,23.1,24,25.8,25.5,26.2
2024-03-18T00:00:00Z,52,52,,85,85,,22.3,21.6,23,24.3,23.9,24.7
2024-03-18T06:00:00Z,56,56,,82,82,,19,18.2,19.8,20.8,20.1,21.4
2024-03-18T12:00:00Z,46,46,,89,89,,36.9,36.1,37.7,44.5,43.8,45.1
2024-03-18T18:00:00Z,41,41,,91,91,,17.7,17.3,18,19.1,18.9,19.3
2024-03-19T00:00:00Z,49,49,,86,86,,21.1,20.5,21.7,22.8,22.5,23.1
2024-03-19T06:00:00Z,52,52,,84,84,,22.4,21.6,23.1,24.6,24.1,25.1
2024-03-19T12:00:00Z,46,46,,89,89,,29.2,28.8,29.7,34.5,34.3,34.8
2024-03-19T18:00:00Z,42,42,,91,91,,14.1,14,14.3,15.3,15.3,15.3
2024-03-20T00:00:00Z,47,47,,87,87,,19.3,19,19.7,20.7,20.6,20.9
2024-03-20T06:00:00Z,55,55,,83,83,,22.2,21.3,23,23.8,23.1,24.5
2024-03-20T12:00:00Z,49,49,,88,88,,32.3,31.5,33,37.5,36.8,38.1
2024-03-20T18:00:00Z,45,45,,89,89,,14.7,14.4,15.1,15.8,15.6,15.9
2024-03-21T00:00:00Z,52,52,,85,85,,31.6,30.7,32.4,35.8,34.8,36.8
2024-03-21T06:00:00Z,54,54,,84,84,,30.4,29.3,31.5,34.4,33.3,35.5
2024-03-21T12:00:00Z,47,47,,89,89,,37.5,36.6,38.4,45.2,44.4,46.1
2024-03-21T18:00:00Z,45,45,,90,90,,26.2,25.6,26.8,28.6,28.2,29
2024-03-22T00:00:00Z,51,51,,85,85,,21.9,21.2,22.6,23.5,23.1,24
2024-03-22T06:00:00Z,55,55,,83,83,,22.2,21.4,23,24.2,23.4,24.9
2024-03-22T12:00:00Z,50,50,,87,87,,38.6,37.6,39.5,47.1,46.3,48
2024-03-22T18:00:00Z,41,41,,90,90,,14,13.7,14.3,15.1,14.9,15.2
2024-03-23T00:00:00Z,47,47,,87,87,,21.3,20.7,21.8,22.5,22.1,22.8
2024-03-23T06:00:00Z,52,52,,84,84,,23.8,23.1,24.6,26.3,25.5,27
2024-03-23T12:00:00Z,48,48,,88,88,,38.5,37.8,39.2,46.1,45.5,46.8
2024-03-23T18:00:00Z,44,44,,89,89,,15.7,15.4,16.1,16.8,16.6,17
2024-03-24T00:00:00Z,49,49,,86,86,,18,17.6,18.4,19.3,19.1,19.5
2024-03-24T06:00:00Z,52,52,,84,84,,11.9,11.7,12.2,13,12.9,13.2
2024-03-24T12:00:00Z,48,48,,88,88,,30.1,29.5,30.7,34.7,34.2,35.2
2024-03-24T18:00:00Z,44,44,,89,89,,15.6,15.3,15.8,17,17,17.1
2024-03-25T00:00:00Z,51,51,,84,84,,13.2,12.9,13.6,14.2,13.9,14.4
2024-03-25T06:00:00Z,54,54,,83,83,,13.1,12.7,13.5,14,13.7,14.3
2024-03-25T12:00:00Z,48,48,,88,88,,35.3,34.5,36.1,41.3,40.5,42.1
2024-03-25T18:00:00Z,42,42,,90,90,,14.7,14.4,15.1,15.8,15.7,16
2024-03-26T00:00:00Z,48,48,,86,86,,16,15.6,16.4,17.2,16.9,17.5
2024-03-26T06:00:00Z,52,52,,84,84,,11.4,11,11.8,12.3,12,12.6
2024-03-26T12:00:00Z,50,50,,86,86,,22.1,21.6,22.6,24,23.8,24.2
2024-03-26T18:00:00Z,49,49,,86,86,,17.6,17.1,18.1,18.9,18.5,19.3
2024-03-27T00:00:00Z,53,53,,84,84,,21.2,20.6,21.9,22.6,22.1,23
2024-03-27T06:00:00Z,54,54,,83,83,,18.6,17.9,19.2,20,19.5,20.4
2024-03-27T12:00:00Z,48,48,,87,87,,25.4,24.7,26.1,28.1,27.5,28.7
2024-03-27T18:00:00Z,43,43,,90,90,,14,13.7,14.2,15.1,15,15.2
2024-03-28T00:00:00Z,48,48,,86,86,,22.7,22.1,23.2,24.4,24.1,24.7
2024-03-28T06:00:00Z,54,54,,83,83,,16.4,15.8,16.9,17.6,17.3,18
2024-03-28T12:00:00Z,47,47,,88,88,,32.8,32.3,33.4,38,37.5,38.4
2024-03-28T18:00:00Z,44,44,,89,89,,16.3,16,16.6,17.2,17,17.4
2024-03-29T00:00:00Z,53,53,,84,84,,23.1,22.5,23.7,25,24.5,25.4
2024-03-29T06:00:00Z,54,54,,83,83,,37.3,36.2,38.4,43.8,42.5,45.1
2024-03-29T12:00:00Z,47,47,,88,88,,36.7,35.9,37.5,43.9,43.2,44.7
2024-03-29T18:00:00Z,42,42,,90,90,,15.8,15.5,16.1,16.4,16.3,16.6
2024-03-30T00:00:00Z,47,47,,86,86,,19.7,19.1,20.4,20.8,20.3,21.3
2024-03-30T06:00:00Z,54,54,,83,83,,25.2,24.4,26,27.6,26.8,28.3
2024-03-30T12:00:00Z,47,47,,88,88,,34.1,33.4,34.7,39.7,39.2,40.3
2024-03-30T18:00:00Z,40,40,,90,90,,14.8,14.5,15.1,16,15.8,16.1
2024-03-31T00:00:00Z,46,46,,86,86,,21.1,20.6,21.6,22.5,22.2,22.7
2024-03-31T06:00:00Z,54,54,,83,83,,13,12.6,13.4,13.9,13.6,14.2
2024-03-31T12:00:00Z,45,45,,89,89,,22.3,21.8,22.8,24.1,23.8,24.4
2024-03-31T18:00:00Z,39,39,,90,90,,13.4,13.1,13.7,14.8,14.7,15
2024-04-01T00:00:00Z,48,48,,85,85,,16.3,15.9,16.7,17.7,17.5,17.9
2024-04-01T06:00:00Z,54,54,,83,83,,15.8,15.2,16.3,16.8,16.4,17.2
2024-04-01T12:00:00Z,47,47,,87,87,,28.3,27.8,28.9,32.3,31.8,32.7
2024-04-01T18:00:00Z,42,42,,88,88,,12.3,12.1,12.5,13.4,13.4,13.4
2024-04-02T00:00:00Z,46,46,,84,84,,14.2,14,14.5,15.2,15.1,15.4
2024-04-02T06:00:00Z,48,48,,83,83,,10,9.7,10.3,10.6,10.3,10.8
2024-04-02T12:00:00Z,45,45,,86,86,,16,15.7,16.3,17.2,17,17.3
2024-04-02T18:00:00Z,42,42,,87,87,,11.2,11,11.4,12.1,12,12.1
2024-04-03T00:00:00Z,46,46,,84,84,,15.4,15,15.8,16.4,16.1,16.6
2024-04-03T06:00:00Z,49,49,,82,82,,11.2,10.8,11.5,11.9,11.7,12.1
2024-04-03T12:00:00Z,44,44,,86,86,,23.3,22.8,23.7,25.5,25.3,25.7
2024-04-03T18:00:00Z,38,38,,89,89,,13,12.8,13.2,14,13.9,14
2024-04-04T00:00:00Z,43,43,,85,85,,16.4,16.2,16.7,17.5,17.4,17.6
2024-04-04T06:00:00Z,50,50,,82,82,,16.6,16.2,17.1,17.6,17.3,17.9
2024-04-04T12:00:00Z,44,44,,88,88,,27.4,27,27.9,30.5,30.3,30.7
2024-04-04T18:00:00Z,39,39,,90,90,,17,16.7,17.2,18.3,18.3,18.3
2024-04-05T00:00:00Z,48,48,,85,85,,20.8,20.3,21.4,22.5,22.1,22.8
2024-04-05T06:00:00Z,54,54,,83,83,,17.5,16.9,18.1,18.6,18.1,19
2024-04-05T12:00:00Z,48,48,,87,87,,32.5,31.8,33.3,36.1,35.5,36.7
2024-04-05T18:00:00Z,42,42,,89,89,,15,14.8,15.3,16.3,16.2,16.4
2024-04-06T00:00:00Z,50,50,,84,84,,22.8,22.2,23.3,24.5,24.2,24.9
2024-04-06T06:00:00Z,55,55,,82,82,,25.4,24.5,26.3,27.5,26.6,28.4
2024-04-06T12:00:00Z,51,51,,85,85,,45.1,44.1,46.1,55.4,54.5,56.3
2024-04-06T18:00:00Z,43,43,,88,88,,15.1,14.8,15.4,16.3,16.1,16.4
2024-04-07T00:00:00Z,51,51,,83,83,,21.6,21,22.2,23.7,23.2,24.1
2024-04-07T06:00:00Z,55,55,,81,81,,14.4,14,14.8,15.5,15.2,15.8
2024-04-07T12:00:00Z,48,48,,86,86,,36,35.2,36.8,42.2,41.5,43
2024-04-07T18:00:00Z,44,44,,88,88,,18.2,17.8,18.7,19.8,19.4,20.1
2024-04-08T00:00:00Z,50,50,,83,83,,18.8,18.2,19.4,20.1,19.7,20.6
2024-04-08T06:00:00Z,55,55,,81,81,,17,16.3,17.7,18.5,17.9,19
2024-04-08T12:00:00Z,47,47,,86,86,,33,32.1,33.9,38.6,37.8,39.5
2024-04-08T18:00:00Z,40,40,,89,89,,12.3,12,12.6,13.5,13.4,13.7
2024-04-09T00:00:00Z,47,47,,85,85,,23.2,22.5,23.9,25.4,25,25.9
2024-04-09T06:00:00Z,52,52,,82,82,,20.5,19.7,21.2,22.4,21.8,23
2024-04-09T12:00:00Z,46,46,,87,87,,36.8,36,37.5,44,43.3,44.6
2024-04-09T18:00:00Z,41,41,,89,89,,15,14.7,15.4,16.5,16.4,16.7
2024-04-10T00:00:00Z,49,49,,84,84,,18.4,17.8,19,20.1,19.6,20.5
2024-04-10T06:00:00Z,53,53,,82,82,,17.6,16.8,18.3,19.2,18.6,19.8
2024-04-10T12:00:00Z,46,46,,87,87,,36.6,35.9,37.3,43.7,43.1,44.4
2024-04-10T18:00:00Z,43,43,,88,88,,17.7,17.2,18.2,19.4,19.1,19.7
2024-04-11T00:00:00Z,49,49,,85,85,,29.4,28.4,30.3,32.7,31.8,33.6
2024-04-11T06:00:00Z,53,53,,82,82,,22,21.2,22.9,24.2,23.5,25
2024-04-11T12:00:00Z,48,48,,86,86,,42,41.2,42.8,51.1,50.3,52
2024-04-11T18:00:00Z,38,38,,90,90,,18.2,17.9,18.5,19.7,19.5,19.8
2024-04-12T00:00:00Z,48,48,,84,84,,26.2,25.3,27,28.5,27.8,29.3
2024-04-12T06:00:00Z,53,53,,82,82,,31.4,30.5,32.3,35,34.1,35.9
2024-04-12T12:00:00Z,47,47,,87,87,,35.3,34.6,36.1,41.6,40.9,42.3
2024-04-12T18:00:00Z,41,41,,89,89,,15.3,14.9,15.7,16.7,16.5,16.9
2024-04-13T00:00:00Z,47,47,,84,84,,24.8,24,25.6,26.7,26.1,27.4
2024-04-13T06:00:00Z,54,54,,81,81,,22.8,21.8,23.7,24.4,23.7,25.1
2024-04-13T12:00:00Z,48,48,,86,86,,31.6,30.7,32.4,36.3,35.4,37.2
2024-04-13T18:00:00Z,41,41,,89,89,,16.5,16.1,16.8,17.6,17.4,17.9
2024-04-14T00:00:00Z,50,50,,83,83,,24.1,23.4,24.8,26.5,25.8,27.1
2024-04-14T06:00:00Z,55,55,,81,81,,37.8,36.5,39.1,45.4,44.1,46.8
2024-04-14T12:00:00Z,47,47,,86,86,,27.4,26.6,28.2,33.1,32.4,33.8
2024-04-14T18:00:00Z,42,42,,88,88,,13,12.6,13.3,14,13.8,14.2
2024-04-15T00:00:00Z,51,51,,83,83,,21,20.1,21.9,22.2,21.4,23
2024-04-15T06:00:00Z,55,55,,80,80,,23.9,22.9,24.9,26.5,25.5,27.5
2024-04-15T12:00:00Z,51,51,,83,83,,35.1,34,36.2,42.6,41.5,43.6
2024-04-15T18:00:00Z,45,45,,86,86,,12.8,12.6,13.1,14.4,14.3,14.5
2024-04-16T00:00:00Z,51,51,,81,81,,13.4,13.2,13.7,15.1,15,15.3
2024-04-16T06:00:00Z,56,56,,78,78,,20,19.1,20.9,22,21.1,22.9
2024-04-16T12:00:00Z,49,49,,83,83,,36.3,35.3,37.3,43.2,42.2,44.3
2024-04-16T18:00:00Z,46,46,,84,84,,25.1,24.3,25.9,27.5,27,28
2024-04-17T00:00:00Z,52,52,,80,80,,23.7,23,24.3,26.2,25.6,26.7
2024-04-17T06:00:00Z,56,56,,77,77,,33.8,32.6,35,40.2,38.9,41.5
2024-04-17T12:00:00Z,48,48,,83,83,,44.6,43.7,45.5,55.8,55,56.7
2024-04-17T18:00:00Z,44,44,,85,85,,32.6,31.7,33.5,38.1,37.3,39
2024-04-18T00:00:00Z,53,53,,79,79,,28.5,27.5,29.4,32.2,31.3,33.1
2024-04-18T06:00:00Z,55,55,,78,78,,35.9,34.5,37.3,42.9,41.5,44.3
2024-04-18T12:00:00Z,53,53,,80,80,,61,58.1,63.8,73,71.7,74.3
2024-04-18T18:00:00Z,48,48,,82,82,,31.3,30.4,32.2,35.5,34.5,36.5
2024-04-19T00:00:00Z,51,51,,80,80,,38.6,37.6,39.6,46.5,45.5,47.6
2024-04-19T06:00:00Z,53,53,,78,78,,36.5,35.4,37.6,43.8,42.6,45
2024-04-19T12:00:00Z,48,48,,83,83,,40.4,39.5,41.4,49.1,48.2,50
2024-04-19T18:00:00Z,40,40,,86,86,,22.8,22.1,23.5,24.5,24,25
2024-04-20T00:00:00Z,43,43,,84,84,,38.6,37.7,39.5,46.7,45.8,47.5
2024-04-20T06:00:00Z,49,49,,81,81,,29,28.1,29.9,33.4,32.6,34.2
2024-04-20T12:00:00Z,43,43,,86,86,,34.5,33.7,35.3,40.5,39.8,41.2
2024-04-20T18:00:00Z,40,40,,88,88,,15.5,15.1,16,16.6,16.3,17
2024-04-21T00:00:00Z,43,43,,84,84,,18.1,17.4,18.8,19.4,18.9,19.9
2024-04-21T06:00:00Z,48,48,,82,82,,18.2,17.4,19.1,19.7,19,20.4
2024-04-21T12:00:00Z,45,45,,86,86,,36.5,35.6,37.4,43.1,42.1,44
2024-04-21T18:00:00Z,41,41,,88,88,,16.1,15.6,16.6,17.2,16.8,17.6
2024-04-22T00:00:00Z,45,45,,84,84,,22.5,21.7,23.4,24.5,23.8,25.2
2024-04-22T06:00:00Z,47,47,,83,83,,20.7,19.8,21.7,22.5,21.6,23.3
2024-04-22T12:00:00Z,40,40,,89,89,,28.8,28.1,29.6,33,32.4,33.7
2024-04-22T18:00:00Z,40,40,,90,90,,16.2,15.6,16.7,17.5,17.2,17.8
2024-04-23T00:00:00Z,50,50,,84,84,,17.4,16.7,18.1,18.9,18.4,19.5
2024-04-23T06:00:00Z,55,55,,81,81,,32.1,30.6,33.6,37.5,35.8,39.3
2024-04-23T12:00:00Z,49,49,,85,85,,39.5,38.3,40.7,48.2,46.9,49.5
2024-04-23T18:00:00Z,44,44,,87,87,,20.7,19.8,21.6,22.4,21.7,23
2024-04-24T00:00:00Z,51,51,,82,82,,24,23,25,26,25.2,26.8
2024-04-24T06:00:00Z,56,56,,80,80,,30.9,29.7,32.1,34.8,33.4,36.2
2024-04-24T12:00:00Z,52,52,,82,82,,48.4,46.6,50.1,59.2,57.9,60.4
2024-04-24T18:00:00Z,48,48,,83,83,,32.5,31.5,33.4,37.7,36.7,38.7
2024-04-25T00:00:00Z,53,53,,80,80,,22,21.2,22.9,23.6,22.9,24.3
2024-04-25T06:00:00Z,53,53,,79,79,,35.6,34.4,36.9,42,40.7,43.3
2024-04-25T12:00:00Z,51,51,,81,81,,42.4,41.1,43.6,51.8,50.5,53.1
2024-04-25T18:00:00Z,48,48,,83,83,,30.1,29.2,31.1,33.3,32.2,34.3
2024-04-26T00:00:00Z,53,53,,80,80,,36.5,35.3,37.7,43.4,42,44.7
2024-04-26T06:00:00Z,55,55,,78,78,,40.2,38.9,41.6,48.9,47.4,50.3
2024-04-26T12:00:00Z,49,49,,83,83,,55.4,53.6,57.2,66.7,65.6,67.9
2024-04-26T18:00:00Z,44,44,,86,86,,30.4,29.5,31.2,34.5,33.7,35.2
2024-04-27T00:00:00Z,51,51,,82,82,,28.4,27.5,29.4,31.1,30.2,32
2024-04-27T06:00:00Z,53,53,,79,79,,23.7,22.5,24.8,25.5,24.5,26.5
2024-04-27T12:00:00Z,47,47,,85,85,,42.8,41.8,43.9,52.2,51.4,53.1
2024-04-27T18:00:00Z,43,43,,86,86,,23.8,23,24.6,26.4,25.8,27
2024-04-28T00:00:00Z,49,49,,81,81,,28.3,27.5,29.2,31.5,30.7,32.2
2024-04-28T06:00:00Z,55,55,,78,78,,28.7,27.8,29.7,32.4,31.5,33.3
2024-04-28T12:00:00Z,47,47,,84,84,,37.4,36.5,38.3,44.8,43.9,45.7
2024-04-28T18:00:00Z,45,45,,85,85,,21.9,21.2,22.7,23.7,23.1,24.2
2024-04-29T00:00:00Z,52,52,,81,81,,24.4,23.5,25.3,26.4,25.7,27.2
2024-04-29T06:00:00Z,55,55,,78,78,,28,27,29,32.3,31.3,33.2
2024-04-29T12:00:00Z,49,49,,83,83,,45.1,44,46.1,56,55.1,57
2024-04-29T18:00:00Z,43,43,,86,86,,23,22.4,23.6,25.9,25.4,26.4
2024-04-30T00:00:00Z,49,49,,82,82,,27.3,26.6,28,30.8,30.2,31.5
2024-04-30T06:00:00Z,55,55,,80,80,,25.2,24.2,26.2,27.6,26.9,28.4
2024-04-30T12:00:00Z,48,48,,84,84,,31.8,30.9,32.6,37,36.2,37.7
2024-04-30T18:00:00Z,42,42,,87,87,,18.7,18,19.3,20.6,20.2,21
2024-05-01T00:00:00Z,50,50,,82,82,,22.8,22.1,23.5,24.8,24.3,25.3
2024-05-01T06:00:00Z,55,55,,79,79,,30.1,29,31.1,33.5,32.4,34.7
2024-05-01T12:00:00Z,50,50,,83,83,,44.1,42.9,45.2,54.2,53.1,55.3
2024-05-01T18:00:00Z,48,48,,84,84,,27,26.1,27.9,29,28.1,29.8
2024-05-02T00:00:00Z,54,54,,79,79,,38.1,37,39.2,44.7,43.5,45.9
2024-05-02T06:00:00Z,55,55,,79,79,,45.7,44.3,47.1,57.4,56.1,58.7
2024-05-02T12:00:00Z,53,53,,80,80,,47.1,45.7,48.6,58.3,57.2,59.4
2024-05-02T18:00:00Z,49,49,,82,82,,34.7,33.7,35.8,40.9,39.8,42
2024-05-03T00:00:00Z,55,55,,78,78,,39,37.8,40.2,47.5,46.3,48.8
2024-05-03T06:00:00Z,57,57,,77,77,,19.5,18.8,20.2,23,22.2,23.7
2024-05-03T12:00:00Z,54,54,,79,79,,35.2,34.2,36.1,42.2,41.3,43
2024-05-03T18:00:00Z,50,50,,81,81,,38.3,37.2,39.4,45.4,44.4,46.4
2024-05-04T00:00:00Z,55,55,,78,78,,32,31,33,36.6,35.4,37.8
2024-05-04T06:00:00Z,55,55,,78,78,,39.7,38.4,41,48.8,47.5,50.1
2024-05-04T12:00:00Z,55,55,,78,78,,44.4,43.1,45.6,55.3,54.2,56.5
2024-05-04T18:00:00Z,51,51,,80,80,,26.4,25.6,27.3,28.9,28.2,29.5
2024-05-05T00:00:00Z,54,54,,77,77,,44,42.8,45.2,55.7,54.6,56.8
2024-05-05T06:00:00Z,57,57,,76,76,,51.1,49.6,52.7,66.9,65.6,68.3
2024-05-05T12:00:00Z,53,53,,79,79,,58.4,55.8,61,72.6,71.4,73.8
2024-05-05T18:00:00Z,49,49,,80,80,,40.3,39,41.5,48.2,47.3,49.2
2024-05-06T00:00:00Z,54,54,,77,77,,34.6,33.6,35.5,40.8,39.8,41.7
2024-05-06T06:00:00Z,56,56,,75,75,,38.2,37,39.4,46.1,45,47.3
2024-05-06T12:00:00Z,51,51,,80,80,,53.3,51.3,55.3,65.9,64.9,67
2024-05-06T18:00:00Z,48,48,,81,81,,27.8,26.9,28.6,31,30.4,31.6
2024-05-07T00:00:00Z,52,52,,78,78,,24.5,23.7,25.3,26.9,26.2,27.6
2024-05-07T06:00:00Z,56,56,,76,76,,30.2,29,31.3,34.4,33.2,35.5
2024-05-07T12:00:00Z,53,53,,79,79,,46,44.7,47.2,57.2,56.1,58.2
2024-05-07T18:00:00Z,48,48,,81,81,,25.5,24.6,26.4,28.1,27.4,28.9
2024-05-08T00:00:00Z,54,54,,77,77,,33.6,32.6,34.7,38.8,37.8,39.8
2024-05-08T06:00:00Z,56,56,,76,76,,40.3,39,41.7,49.6,48.3,50.8
2024-05-08T12:00:00Z,53,53,,78,78,,50.6,48.9,52.4,63.9,62.8,65
2024-05-08T18:00:00Z,50,50,,80,80,,45.3,44.1,46.5,57.2,56.1,58.3
2024-05-09T00:00:00Z,56,56,,75,75,,51.8,50.2,53.4,66.1,65,67.1
2024-05-09T06:00:00Z,59,59,,74,74,,58.3,55.8,60.8,74.9,73.6,76.2
2024-05-09T12:00:00Z,55,55,,76,76,,71.2,68.2,74.2,85.1,83,87.1
2024-05-09T18:00:00Z,51,51,,79,79,,36.9,36,37.8,44.4,43.6,45.2
2024-05-10T00:00:00Z,55,55,,76,76,,39,38.2,39.9,47.1,46.3,47.9
2024-05-10T06:00:00Z,57,57,,75,75,,32.7,31.8,33.6,37.9,37,38.8
2024-05-10T12:00:00Z,51,51,,80,80,,42,41.3,42.7,51.3,50.7,51.8
2024-05-10T18:00:00Z,44,44,,83,83,,20.9,20.4,21.4,22.9,22.7,23.1
2024-05-11T00:00:00Z,50,50,,78,78,,26.1,25.5,26.7,29.1,28.7,29.5
2024-05-11T06:00:00Z,55,55,,75,75,,23.7,23,24.4,26.6,26.1,27.1
2024-05-11T12:00:00Z,50,50,,79,79,,40.6,40,41.3,49.2,48.6,49.7
2024-05-11T18:00:00Z,46,46,,80,80,,23.7,23.1,24.2,26.6,26.2,27
2024-05-12T00:00:00Z,53,53,,76,76,,22.5,21.9,23.1,24.7,24.4,25
2024-05-12T06:00:00Z,56,56,,75,75,,37.7,36.6,38.7,45.6,44.8,46.4
2024-05-12T12:00:00Z,52,52,,78,78,,44.8,43.6,45.9,55.2,54.3,56.1
2024-05-12T18:00:00Z,48,48,,79,79,,29.1,28.4,29.8,32.3,31.8,32.8
2024-05-13T00:00:00Z,55,55,,75,75,,39.9,39,40.9,48.6,47.8,49.4
2024-05-13T06:00:00Z,57,57,,74,74,,43.5,42.2,44.8,52.6,51.7,53.6
2024-05-13T12:00:00Z,53,53,,77,77,,57,55,58.9,71.1,70.1,72.1
2024-05-13T18:00:00Z,47,47,,80,80,,37.8,37.1,38.5,46,45.4,46.5
2024-05-14T00:00:00Z,53,53,,76,76,,32.7,32.1,33.3,38.2,37.9,38.5
2024-05-14T06:00:00Z,55,55,,75,75,,27.2,26.5,27.9,30.7,30.3,31.2
2024-05-14T12:00:00Z,52,52,,78,78,,47.9,46.8,49.1,58.7,58.1,59.3
2024-05-14T18:00:00Z,51,51,,78,78,,32.9,32.2,33.6,38.4,37.9,38.9
2024-05-15T00:00:00Z,55,55,,74,74,,31.1,30.3,31.8,35.1,34.4,35.8
2024-05-15T06:00:00Z,57,57,,74,74,,40.7,39.7,41.8,49.1,48.2,50
2024-05-15T12:00:00Z,53,53,,77,77,,57.6,55.7,59.5,70.7,69.9,71.4
2024-05-15T18:00:00Z,48,48,,80,80,,32.7,32.1,33.4,37.5,36.9,38.1
2024-05-16T00:00:00Z,53,53,,76,76,,40,39.3,40.6,48.4,47.8,49
2024-05-16T06:00:00Z,56,56,,74,74,,49.6,48.5,50.7,62,61.2,62.8
2024-05-16T12:00:00Z,51,51,,79,79,,49.3,48.1,50.5,57.6,57.1,58
2024-05-16T18:00:00Z,46,46,,81,81,,23.6,23.1,24.1,25.2,24.9,25.4
2024-05-17T00:00:00Z,52,52,,77,77,,28.7,28.1,29.2,31.4,31,31.9
2024-05-17T06:00:00Z,57,57,,74,74,,40.6,39.6,41.5,49.6,48.7,50.5
2024-05-17T12:00:00Z,53,53,,77,77,,46.8,45.9,47.6,58.2,57.6,58.8
2024-05-17T18:00:00Z,50,50,,79,79,,27,26.3,27.6,29.2,28.8,29.6
2024-05-18T00:00:00Z,56,56,,75,75,,40,39.1,40.9,48,47.1,48.9
2024-05-18T06:00:00Z,57,57,,75,75,,50.7,49.2,52.2,63.2,62.2,64.1
2024-05-18T12:00:00Z,56,56,,76,76,,52.4,50.8,53.9,64.3,63.4,65.3
2024-05-18T18:00:00Z,52,52,,78,78,,33.9,33,34.8,39.1,38.3,39.9
2024-05-19T00:00:00Z,57,57,,74,74,,41.9,40.7,43.1,51,49.9,52
2024-05-19T06:00:00Z,56,56,,74,74,,48.7,47.3,50.1,61.3,60.2,62.4
2024-05-19T12:00:00Z,54,54,,76,76,,60.8,58.5,63,72.6,71.4,73.7
2024-05-19T18:00:00Z,50,50,,78,78,,47,45.7,48.2,56.5,55.5,57.6
2024-05-20T00:00:00Z,56,56,,74,74,,42.8,41.6,44,52.6,51.5,53.7
2024-05-20T06:00:00Z,58,58,,72,72,,44.3,42.9,45.7,55.7,54.3,57
2024-05-20T12:00:00Z,56,56,,73,73,,35.1,33.7,36.5,41.3,39.8,42.8
2024-05-20T18:00:00Z,54,54,,74,74,,46.3,44.9,47.7,56.9,55.5,58.2
2024-05-21T00:00:00Z,57,57,,73,73,,45.1,43.7,46.5,55.6,54.2,57.1
2024-05-21T06:00:00Z,62,62,,71,71,,31.7,30.2,33.1,36.1,34.5,37.8
2024-05-21T12:00:00Z,62,62,,71,71,,40.9,39.3,42.4,48.4,46.9,49.9
2024-05-21T18:00:00Z,57,57,,72,72,,44.7,43.1,46.3,54.8,53.2,56.3
2024-05-22T00:00:00Z,59,59,,72,72,,43.1,41.7,44.6,53.3,51.6,54.9
2024-05-22T06:00:00Z,60,60,,71,71,,46.7,44.8,48.5,58.8,56.9,60.7
2024-05-22T12:00:00Z,61,61,,71,71,,42,40.4,43.6,51,49.3,52.7
2024-05-22T18:00:00Z,56,56,,73,73,,44.3,42.7,45.9,54.1,52.6,55.5
2024-05-23T00:00:00Z,57,57,,72,72,,41,39.6,42.4,49.8,48.2,51.3
2024-05-23T06:00:00Z,59,59,,71,71,,57.7,54.3,61,71.7,69.5,73.8
2024-05-23T12:00:00Z,58,58,,73,73,,64.9,60.9,68.9,77.3,75,79.7
2024-05-23T18:00:00Z,53,53,,75,75,,54,51.8,56.3,66.3,64.9,67.8
2024-05-24T00:00:00Z,57,57,,73,73,,59,56.3,61.6,72.3,70.8,73.9
2024-05-24T06:00:00Z,59,59,,71,71,,68.1,64.5,71.8,81.8,79.2,84.4
2024-05-24T12:00:00Z,57,57,,74,74,,77,73.1,80.8,88.9,86,91.8
2024-05-24T18:00:00Z,52,52,,76,76,,55.3,53.2,57.3,67.1,66,68.2
2024-05-25T00:00:00Z,57,57,,73,73,,46.4,45.3,47.5,57.5,56.5,58.5
2024-05-25T06:00:00Z,58,58,,73,73,,54.8,52.9,56.7,67.4,65.9,68.8
2024-05-25T12:00:00Z,55,55,,75,75,,71.6,68.2,75.1,83.9,81.4,86.4
2024-05-25T18:00:00Z,52,52,,77,77,,37.6,36.5,38.7,45,43.9,46.2
2024-05-26T00:00:00Z,57,57,,73,73,,53.9,51.9,55.9,66.4,65.1,67.7
2024-05-26T06:00:00Z,56,56,,73,73,,50.7,49.1,52.3,63.9,62.6,65.3
2024-05-26T12:00:00Z,55,55,,74,74,,54.3,52.2,56.5,67.7,66.4,69.1
2024-05-26T18:00:00Z,54,54,,74,74,,44,42.7,45.3,54.3,53,55.5
2024-05-27T00:00:00Z,56,56,,72,72,,41.3,40.2,42.4,50.4,49.4,51.5
2024-05-27T06:00:00Z,56,56,,72,72,,48.8,47.4,50.3,61.3,59.9,62.7
2024-05-27T12:00:00Z,52,52,,74,74,,50.6,49,52.1,63.4,62.3,64.5
2024-05-27T18:00:00Z,51,51,,75,75,,58.1,55.5,60.7,72.6,71.3,73.9
2024-05-28T00:00:00Z,55,55,,72,72,,52.1,50.4,53.8,66.4,65,67.7
2024-05-28T06:00:00Z,55,55,,72,72,,59.1,56.4,61.8,73.9,72.5,75.4
2024-05-28T12:00:00Z,52,52,,75,75,,54.4,52.5,56.2,68,66.6,69.5
2024-05-28T18:00:00Z,51,51,,75,75,,34,32.9,35,39.5,38.4,40.5
2024-05-29T00:00:00Z,55,55,,72,72,,39.3,38.3,40.4,47.7,46.7,48.7
2024-05-29T06:00:00Z,56,56,,72,72,,45.7,44.4,47,57.5,56.2,58.8
2024-05-29T12:00:00Z,54,54,,74,74,,53.1,51.2,55,66.5,65.3,67.6
2024-05-29T18:00:00Z,50,50,,76,76,,50.7,49.1,52.3,64.2,63.2,65.2
2024-05-30T00:00:00Z,55,55,,73,73,,50.4,49,51.9,64.9,63.7,66.1
2024-05-30T06:00:00Z,60,60,,70,70,,35,33.7,36.4,40.9,39.8,42
2024-05-30T12:00:00Z,58,58,,71,71,,44.2,42.9,45.6,54.2,52.8,55.5
2024-05-30T18:00:00Z,56,56,,72,72,,49.3,47.9,50.7,61.9,60.7,63.1
2024-05-31T00:00:00Z,58,58,,71,71,,41.5,40,42.9,50.7,49.4,52.1
2024-05-31T06:00:00Z,59,59,,70,70,,49.7,47.6,51.8,63.4,61.5,65.4
2024-05-31T12:00:00Z,57,57,,71,71,,54.2,51.9,56.4,69.5,67.8,71.2
2024-05-31T18:00:00Z,55,55,,72,72,,47.9,46.4,49.3,60.2,59,61.5
2024-06-01T00:00:00Z,58,58,,71,71,,54.6,52.2,57,68.1,66.4,69.8
2024-06-01T06:00:00Z,61,61,,69,69,,42,40.2,43.7,52,50.1,53.9
2024-06-01T12:00:00Z,58,58,,70,70,,47.8,45.8,49.8,59,57.3,60.7
2024-06-01T18:00:00Z,56,56,,71,71,,49.8,48.2,51.5,62.7,61.3,64.2
2024-06-02T00:00:00Z,59,59,,70,70,,49.6,47.6,51.5,62.5,60.6,64.4
2024-06-02T06:00:00Z,59,59,,68,68,,33.5,32.1,35,38.5,37.1,39.9
2024-06-02T12:00:00Z,54,54,,70,70,,35.8,34.6,37.1,41.9,40.5,43.3
2024-06-02T18:00:00Z,50,50,,72,72,,26.9,25.9,27.8,29,28.3,29.7
2024-06-03T00:00:00Z,54,54,,70,70,,40.7,39.4,41.9,49,47.8,50.2
2024-06-03T06:00:00Z,56,56,,70,70,,37.5,36.1,38.8,44.5,43.1,45.9
2024-06-03T12:00:00Z,54,54,,72,72,,52.8,51,54.6,64.9,63.6,66.2
2024-06-03T18:00:00Z,48,48,,75,75,,44.1,42.6,45.6,53.6,52.6,54.6
2024-06-04T00:00:00Z,53,53,,72,72,,38.2,37,39.4,46,44.7,47.3
2024-06-04T06:00:00Z,54,54,,71,71,,58.2,55.4,61.1,70.8,68.8,72.8
2024-06-04T12:00:00Z,54,54,,71,71,,55.6,53.3,58,69,67.2,70.8
2024-06-04T18:00:00Z,50,50,,74,74,,39,37.7,40.3,46.3,45.2,47.5
2024-06-05T00:00:00Z,54,54,,72,72,,42.2,41.1,43.4,52,50.8,53.1
2024-06-05T06:00:00Z,57,57,,70,70,,43,41.1,44.8,53.7,51.8,55.6
2024-06-05T12:00:00Z,53,53,,73,73,,63.8,60.6,67.1,76,74.2,77.9
2024-06-05T18:00:00Z,51,51,,75,75,,42.9,41.4,44.3,53.1,51.8,54.3
2024-06-06T00:00:00Z,57,57,,71,71,,41.4,40,42.8,50.5,48.9,52
2024-06-06T06:00:00Z,59,59,,71,71,,59.2,55.8,62.6,73.6,71,76.2
2024-06-06T12:00:00Z,53,53,,74,74,,70.5,66.4,74.7,84.4,81.6,87.1
2024-06-06T18:00:00Z,49,49,,77,77,,33.5,32.2,34.7,38.8,37.5,40
2024-06-07T00:00:00Z,56,56,,72,72,,47.6,45.8,49.3,59.9,58.3,61.4
2024-06-07T06:00:00Z,59,59,,71,71,,42.2,40.5,43.9,52.5,50.8,54.2
2024-06-07T12:00:00Z,53,53,,75,75,,56.4,53.6,59.3,69,67,71
2024-06-07T18:00:00Z,49,49,,77,77,,32.2,31,33.5,36.5,35.2,37.8
2024-06-08T00:00:00Z,56,56,,72,72,,42,40.5,43.6,51.6,50.1,53.1
2024-06-08T06:00:00Z,59,59,,71,71,,42.3,40.4,44.1,53,51.1,54.8
2024-06-08T12:00:00Z,57,57,,72,72,,47,45.3,48.8,60.5,58.8,62.2
2024-06-10T12:00:00Z,54,54,,73,73,,46.4,44.8,48,58.9,57.3,60.5
2024-06-10T18:00:00Z,49,49,,75,75,,38.6,37,40.2,46.7,45.1,48.3
2024-06-11T00:00:00Z,54,54,,71,71,,29.3,28,30.5,32.6,31.3,33.8
2024-06-11T06:00:00Z,56,56,,70,70,,45.4,43.7,47.1,56.3,54.3,58.3
2024-06-11T12:00:00Z,53,53,,74,74,,66.4,62.5,70.2,78.1,75.5,80.7
2024-06-11T18:00:00Z,50,50,,76,76,,51.2,49.1,53.4,63.9,62.5,65.3
2024-06-12T00:00:00Z,56,56,,72,72,,45.6,44.2,47.1,56.9,55.4,58.3
2024-06-12T06:00:00Z,58,58,,71,71,,46.6,44.8,48.3,58.4,56.7,60.2
2024-06-12T12:00:00Z,55,55,,74,74,,57.1,54.3,59.8,70.8,69.2,72.4
2024-06-12T18:00:00Z,52,52,,76,76,,45.4,44,46.9,57.2,55.9,58.5
2024-06-13T00:00:00Z,58,58,,72,72,,50.3,48.4,52.3,64.1,62.7,65.6
2024-06-13T06:00:00Z,57,57,,72,72,,44.5,43,46,56.4,54.9,58
2024-06-13T12:00:00Z,55,55,,73,73,,48.4,46.8,50.1,61.2,59.9,62.6
2024-06-13T18:00:00Z,51,51,,75,75,,34.6,33.4,35.8,41,39.7,42.3
2024-06-14T00:00:00Z,55,55,,72,72,,39.6,38.4,40.9,48.5,47.3,49.8
2024-06-14T06:00:00Z,57,57,,71,71,,47.2,45.4,49,60.2,58.6,61.7
2024-06-14T12:00:00Z,51,51,,75,75,,58.1,55.2,60.9,71.2,69.2,73.2
2024-06-14T18:00:00Z,48,48,,76,76,,42.2,40.8,43.7,52.4,51,53.8
2024-06-15T00:00:00Z,54,54,,73,73,,50.3,48.6,51.9,63.8,62.3,65.3
2024-06-15T06:00:00Z,55,55,,72,72,,43.2,41.6,44.7,54.3,52.8,55.7
2024-06-15T12:00:00Z,54,54,,73,73,,61.7,58.4,65,74,72.3,75.7
2024-06-15T18:00:00Z,52,52,,74,74,,44.3,42.7,45.9,54.8,53.5,56.1
2024-06-16T00:00:00Z,55,55,,72,72,,45.8,44.4,47.1,57.2,55.8,58.5
2024-06-16T06:00:00Z,58,58,,71,71,,49.7,47.6,51.7,62.6,60.9,64.4
2024-06-16T12:00:00Z,55,55,,73,73,,52.8,50.7,54.9,66.8,65.2,68.3
2024-06-16T18:00:00Z,52,52,,74,74,,46.2,44.7,47.7,57.2,55.7,58.6
2024-06-17T00:00:00Z,57,57,,71,71,,45.9,44.1,47.6,57.7,56.1,59.3
2024-06-17T06:00:00Z,58,58,,71,71,,43.6,41.8,45.4,54.7,52.9,56.6
2024-06-17T12:00:00Z,54,54,,74,74,,49.1,47.4,50.8,62.4,60.8,63.9
2024-06-17T18:00:00Z,53,53,,74,74,,39.1,37.8,40.3,48.2,47.1,49.3
2024-06-18T00:00:00Z,59,59,,71,71,,28.1,27.1,29.2,31.2,30.2,32.2
2024-06-18T06:00:00Z,58,58,,71,71,,38.1,36.7,39.4,45.9,44.4,47.4
2024-06-18T12:00:00Z,61,61,,70,70,,41,39.5,42.5,49.9,48.4,51.4
2024-06-18T18:00:00Z,61,61,,70,70,,47.8,46,49.6,59.2,57.4,60.9
2024-06-19T00:00:00Z,59,59,,70,70,,45.3,43.7,46.9,56.8,55.3,58.3
2024-06-19T06:00:00Z,60,60,,70,70,,47.2,45.5,48.8,61,59.2,62.7
2024-06-19T12:00:00Z,61,61,,70,70,,41.6,40,43.1,50.9,49.3,52.4
2024-06-19T18:00:00Z,59,59,,71,71,,62.8,59.9,65.8,74.2,72.3,76.2
2024-06-20T00:00:00Z,61,61,,70,70,,52.5,50.5,54.5,66.1,64.3,67.9
2024-06-20T06:00:00Z,63,63,,69,69,,45.6,43.9,47.3,58.1,56.3,59.9
2024-06-20T12:00:00Z,59,59,,71,71,,58.5,56,61,72.8,71.3,74.4
2024-06-20T18:00:00Z,56,56,,72,72,,60.4,57.9,63,75.2,73.9,76.4
2024-06-21T00:00:00Z,58,58,,71,71,,56.6,54.4,58.8,71.9,70.5,73.2
2024-06-21T06:00:00Z,60,60,,70,70,,54.9,52.9,57,69.7,67.8,71.5
2024-06-21T12:00:00Z,58,58,,72,72,,72.3,69.3,75.3,86.9,84.8,88.9
2024-06-21T18:00:00Z,55,55,,74,74,,47.2,45.7,48.6,58.6,57.4,59.8
2024-06-22T00:00:00Z,59,59,,71,71,,59.5,57.1,62,71.6,69.6,73.5
2024-06-22T06:00:00Z,61,61,,70,70,,76.8,73.1,80.5,88.8,85.8,91.8
2024-06-22T12:00:00Z,61,61,,70,70,,61.9,59.4,64.4,73.7,71.7,75.7
2024-06-22T18:00:00Z,56,56,,72,72,,54.2,52.7,55.8,67.2,66.3,68.1
2024-06-23T00:00:00Z,60,60,,70,70,,60.8,60.2,61.4,73.6,73.6,73.7
2024-06-23T06:00:00Z,61,61,,69,69,,48.9,48.4,49.4,62,61.8,62.2
2024-06-23T12:00:00Z,59,59,,70,70,,37.8,37.4,38.2,45.5,45.3,45.7
2024-06-23T18:00:00Z,56,56,,71,71,,34.3,34.1,34.5,39.9,40,39.9
2024-06-24T00:00:00Z,57,57,,70,70,,48.1,47.5,48.7,60.3,59.9,60.7
2024-06-24T06:00:00Z,60,60,,69,69,,43.8,43.2,44.4,54.6,54.3,54.9
2024-06-24T12:00:00Z,58,58,,71,71,,56.8,56.4,57.3,71.3,71.3,71.4
2024-06-24T18:00:00Z,57,57,,71,71,,42.6,42.2,43.1,52.4,52.3,52.5
2024-06-25T00:00:00Z,57,57,,70,70,,44.1,43.7,44.5,54,54,53.9
2024-06-25T06:00:00Z,59,59,,69,69,,45.1,44.7,45.5,56.3,56.1,56.5
2024-06-25T12:00:00Z,60,60,,70,70,,55.9,55.5,56.3,67.5,67.6,67.4
2024-06-25T18:00:00Z,56,56,,72,72,,54.3,53.9,54.7,66.3,66.4,66.3
2024-06-26T00:00:00Z,60,60,,70,70,,49.7,49.2,50.1,63.4,63.3,63.4
2024-06-26T06:00:00Z,62,62,,69,69,,50.4,50,50.9,65.1,65,65.1
2024-06-26T12:00:00Z,62,62,,70,70,,55.3,55.1,55.6,68.3,68.3,68.3
2024-06-26T18:00:00Z,59,59,,71,71,,63.9,63.8,64.1,76.2,76.3,76
2024-06-27T00:00:00Z,60,60,,70,70,,68.1,68,68.2,80.8,81.1,80.4
2024-06-27T06:00:00Z,62,62,,69,69,,74.3,74.4,74.2,86.8,87.6,85.9
2024-06-27T12:00:00Z,61,61,,70,70,,77.8,78,77.6,91.3,92.5,90.2
2024-06-27T18:00:00Z,60,60,,71,71,,64.4,64.5,64.4,77.2,77.6,76.8
2024-06-28T00:00:00Z,62,62,,69,69,,51.6,51.5,51.8,66,66.2,65.8
2024-06-28T06:00:00Z,63,63,,69,69,,40.9,40.7,41.2,51.3,51.4,51.2
2024-06-28T12:00:00Z,62,62,,70,70,,67.1,67.2,66.9,81.9,82.5,81.2
2024-06-28T18:00:00Z,59,59,,71,71,,63.5,63.7,63.3,75.4,76.2,74.6
2024-06-29T00:00:00Z,61,61,,69,69,,48.7,48.6,48.8,62.1,62.3,62
2024-06-29T06:00:00Z,63,63,,68,68,,41.3,40.9,41.7,51.4,51.4,51.3
2024-06-29T12:00:00Z,61,61,,70,70,,47.4,47.2,47.5,60.2,60.5,59.9
2024-06-29T18:00:00Z,57,57,,71,71,,44.9,44.7,45.1,56.2,56.5,56
2024-06-30T00:00:00Z,59,59,,70,70,,56.2,56.2,56.2,70.5,70.6,70.4
2024-06-30T06:00:00Z,60,60,,69,69,,55,54.7,55.2,69.7,69.6,69.8
2024-06-30T12:00:00Z,56,56,,71,71,,61.1,61,61.2,76.2,76.3,76
2024-06-30T18:00:00Z,52,52,,74,74,,42.3,42.2,42.4,52.2,52.5,52
2024-07-01T00:00:00Z,57,57,,71,71,,52.7,52.5,52.8,66.6,66.9,66.4
2024-07-01T06:00:00Z,61,61,,69,69,,42.9,42.6,43.1,54.5,54.6,54.3
2024-07-01T12:00:00Z,60,60,,69,69,,37.5,37.5,37.5,44.6,45.2,44
2024-07-01T18:00:00Z,55,55,,72,72,,34.7,34.8,34.6,40.5,41.1,39.9
2024-07-02T00:00:00Z,58,58,,69,69,,40,39.9,40,45.4,45.9,44.8
2024-07-02T06:00:00Z,60,60,,68,68,,44.1,43.9,44.4,55.5,55.6,55.5
2024-07-02T12:00:00Z,59,59,,69,69,,56.8,56.7,57,72.5,72.5,72.5
2024-07-02T18:00:00Z,57,57,,70,70,,50.9,50.7,51.1,64.8,65,64.5
2024-07-03T00:00:00Z,62,62,,69,69,,40.8,40.5,41,50.1,50.2,50
2024-07-03T06:00:00Z,63,63,,68,68,,51.7,51.3,52.1,64.8,64.5,65.1
2024-07-03T12:00:00Z,62,62,,68,68,,41.1,40.9,41.3,50.6,50.8,50.4
2024-07-03T18:00:00Z,60,60,,69,69,,55.8,55.6,55.9,68.1,68,68.1
2024-07-04T00:00:00Z,60,60,,69,69,,43.4,43,43.8,52.9,53,52.9
2024-07-04T06:00:00Z,62,62,,69,69,,46,45.7,46.4,57.1,57,57.1
2024-07-04T12:00:00Z,58,58,,71,71,,51.7,51.7,51.7,63,63.3,62.6
2024-07-04T18:00:00Z,54,54,,74,74,,49.3,49.4,49.1,59.2,59.8,58.6
2024-07-05T00:00:00Z,59,59,,71,71,,39.7,39.7,39.6,49.1,49.5,48.6
2024-07-05T06:00:00Z,59,59,,71,71,,46.2,46.2,46.2,57.6,58,57.3
2024-07-05T12:00:00Z,54,54,,75,75,,51.1,51.1,51.1,63.5,63.9,63.1
2024-07-05T18:00:00Z,49,49,,78,78,,42,41.8,42.3,50.2,50.3,50
2024-07-06T00:00:00Z,55,55,,73,73,,42.6,42.2,42.9,52.4,52.4,52.4
2024-07-06T06:00:00Z,58,58,,72,72,,49.2,48.6,49.8,62.9,62.6,63.1
2024-07-06T12:00:00Z,54,54,,74,74,,52.4,51.7,53,67.2,67.1,67.2
2024-07-06T18:00:00Z,51,51,,76,76,,39.8,39.3,40.3,48.2,47.9,48.4
2024-07-07T00:00:00Z,56,56,,73,73,,50.8,50.1,51.6,64.2,64,64.5
2024-07-07T06:00:00Z,59,59,,71,71,,44,43.3,44.7,55.9,55.7,56.2
2024-07-07T12:00:00Z,56,56,,72,72,,36.1,35.6,36.6,43.8,43.6,44
2024-07-07T18:00:00Z,54,54,,73,73,,39.2,38.6,39.9,47.6,47.2,48
2024-07-08T00:00:00Z,58,58,,71,71,,48.7,47.8,49.5,62.8,62.2,63.5
2024-07-08T06:00:00Z,62,62,,69,69,,41.6,40.8,42.5,52.8,52.2,53.4
2024-07-08T12:00:00Z,59,59,,71,71,,33.1,32.5,33.8,39.2,38.5,39.9
2024-07-08T18:00:00Z,55,55,,73,73,,34.8,34.1,35.4,41.2,40.7,41.6
2024-07-09T00:00:00Z,59,59,,71,71,,45.6,44.7,46.5,58.2,57.6,58.8
2024-07-09T06:00:00Z,62,62,,69,69,,29.6,28.8,30.4,33.7,33.2,34.3
2024-07-09T12:00:00Z,61,61,,70,70,,31.9,31.2,32.6,35.8,35.2,36.4
2024-07-09T18:00:00Z,58,58,,71,71,,37.5,36.9,38.2,44.9,44.4,45.4
2024-07-10T00:00:00Z,61,61,,70,70,,38.3,37.5,39.2,46.2,45.6,46.7
2024-07-10T06:00:00Z,64,64,,67,67,,21.7,21.2,22.2,23.2,22.9,23.5
2024-07-10T12:00:00Z,58,58,,70,70,,37.9,37.2,38.7,45,44.4,45.6
2024-07-10T18:00:00Z,54,54,,72,72,,36.6,36.1,37.1,43.3,43.1,43.6
2024-07-11T00:00:00Z,56,56,,71,71,,50,49,51.1,63.2,62.5,63.8
2024-07-11T06:00:00Z,57,57,,70,70,,43.8,42.7,44.8,55.1,54.2,55.9
2024-07-11T12:00:00Z,60,60,,69,69,,38.6,37.7,39.5,46.4,45.7,47.1
2024-07-11T18:00:00Z,59,59,,70,70,,42.1,41.2,43,51.1,50.3,51.8
2024-07-12T00:00:00Z,60,60,,69,69,,48.2,47,49.3,58.6,57.7,59.6
2024-07-12T06:00:00Z,61,61,,69,69,,51,49.6,52.4,64.4,63.2,65.6
2024-07-12T12:00:00Z,60,60,,70,70,,52.6,51.4,53.9,66.9,66,67.9
2024-07-12T18:00:00Z,58,58,,71,71,,52.8,51.9,53.7,65.9,65.4,66.4
2024-07-13T00:00:00Z,60,60,,70,70,,48,47,49.1,61.1,60.2,61.9
2024-07-13T06:00:00Z,63,63,,69,69,,49.9,48.5,51.3,64.7,63.5,65.8
2024-07-13T12:00:00Z,63,63,,70,70,,50.2,48.8,51.6,62.7,61.6,63.7
2024-07-13T18:00:00Z,57,57,,72,72,,52.7,51.7,53.7,65.3,64.8,65.8
2024-07-14T00:00:00Z,60,60,,70,70,,57.3,55.7,58.8,71.8,70.8,72.8
2024-07-14T06:00:00Z,63,63,,68,68,,41.3,40.1,42.5,51.7,50.7,52.6
2024-07-14T12:00:00Z,61,61,,69,69,,36.1,35.1,37,43,42.1,43.8
2024-07-14T18:00:00Z,60,60,,69,69,,38.3,37.4,39.2,46.1,45.4,46.8
2024-07-15T00:00:00Z,59,59,,69,69,,44.5,43.3,45.8,55.5,54.4,56.6
2024-07-15T06:00:00Z,62,62,,67,67,,34.2,33.1,35.4,39.9,39,40.8
2024-07-15T12:00:00Z,57,57,,69,69,,42.6,41.5,43.7,52,51.1,52.9
2024-07-15T18:00:00Z,56,56,,70,70,,34.3,33.6,34.9,39.9,39.5,40.3
2024-07-16T00:00:00Z,60,60,,68,68,,38.9,38,39.8,47.1,46.3,47.8
2024-07-16T06:00:00Z,60,60,,68,68,,45.1,43.8,46.5,57.8,56.5,59
2024-07-16T12:00:00Z,56,56,,69,69,,43.2,42.3,44.1,54.5,53.8,55.2
2024-07-16T18:00:00Z,49,49,,73,73,,43.5,42.5,44.5,55,54.3,55.6
2024-07-17T00:00:00Z,54,54,,70,70,,43.8,42.3,45.3,54.9,53.5,56.4
2024-07-17T06:00:00Z,57,57,,69,69,,48.6,46.6,50.5,62.5,60.7,64.4
2024-07-17T12:00:00Z,59,59,,69,69,,50.2,48.2,52.3,64.1,62.2,65.9
2024-07-17T18:00:00Z,54,54,,70,70,,40,38.7,41.3,48.6,47.4,49.8
2024-07-18T00:00:00Z,55,55,,69,69,,39.2,37.8,40.7,47.6,46.2,49
2024-07-18T06:00:00Z,55,55,,68,68,,65,61.5,68.5,79.2,76.7,81.7
2024-07-18T12:00:00Z,53,53,,71,71,,77.4,73.5,81.3,92.1,89.4,94.9
2024-07-18T18:00:00Z,50,50,,73,73,,40.2,38.8,41.5,49.4,48.3,50.6
2024-07-19T00:00:00Z,55,55,,70,70,,46.4,44.7,48.2,58.5,56.8,60.1
2024-07-19T06:00:00Z,57,57,,69,69,,53.7,50.9,56.5,69.2,67,71.3
2024-07-19T12:00:00Z,54,54,,71,71,,61.2,58.4,64,76.8,74.5,79
2024-07-19T18:00:00Z,47,47,,74,74,,34.9,33.8,35.9,41.7,40.7,42.7
2024-07-20T00:00:00Z,53,53,,70,70,,40.2,38.7,41.6,49.2,48,50.4
2024-07-20T06:00:00Z,54,54,,70,70,,55,52.2,57.9,70.1,68,72.3
2024-07-20T12:00:00Z,51,51,,71,71,,53.4,50.8,55.9,65.7,63.9,67.6
2024-07-20T18:00:00Z,48,48,,73,73,,22.7,21.7,23.7,24.4,23.7,25.1
2024-07-21T00:00:00Z,53,53,,70,70,,46.3,44.3,48.3,56.7,55.1,58.2
2024-07-21T06:00:00Z,54,54,,69,69,,27.5,26.3,28.7,31.8,30.8,32.9
2024-07-21T12:00:00Z,51,51,,71,71,,47,45.3,48.7,59,57.6,60.4
2024-07-21T18:00:00Z,50,50,,72,72,,37.6,36.6,38.5,45.3,44.6,46.1
2024-07-22T00:00:00Z,54,54,,70,70,,37.6,36.6,38.7,45.8,44.9,46.6
2024-07-22T06:00:00Z,55,55,,69,69,,41.4,40.3,42.5,51.7,50.7,52.7
2024-07-22T12:00:00Z,51,51,,71,71,,47.8,46.8,48.8,60.8,60,61.6
2024-07-22T18:00:00Z,48,48,,74,74,,31.3,30.6,32,35.8,35.5,36.2
2024-07-23T00:00:00Z,54,54,,71,71,,43.1,42.2,44,53.6,52.9,54.4
2024-07-23T06:00:00Z,55,55,,70,70,,52.7,51.2,54.2,66.7,65.6,67.9
2024-07-23T12:00:00Z,51,51,,73,73,,55.5,53.8,57.2,69.2,68.4,69.9
2024-07-23T18:00:00Z,50,50,,74,74,,42.2,41.3,43,52.7,52.2,53.3
2024-07-24T00:00:00Z,55,55,,71,71,,49.1,48.2,50.1,63.2,62.4,64
2024-07-24T06:00:00Z,58,58,,70,70,,36,34.7,37.2,43.4,42.4,44.5
2024-07-24T12:00:00Z,55,55,,71,71,,35.6,34.8,36.5,41.9,41.2,42.6
2024-07-24T18:00:00Z,55,55,,71,71,,32.2,31.5,32.9,36.9,36.4,37.4
2024-07-25T00:00:00Z,59,59,,70,70,,37.8,36.9,38.8,45.6,44.9,46.3
2024-07-25T06:00:00Z,63,63,,68,68,,24,23.5,24.6,27.3,26.9,27.6
2024-07-25T12:00:00Z,60,60,,69,69,,35.9,35.5,36.4,42.4,42.2,42.6
2024-07-25T18:00:00Z,56,56,,71,71,,47.7,47.2,48.2,59.8,59.6,60
2024-07-26T00:00:00Z,59,59,,69,69,,47.1,46.3,47.8,58.7,58.1,59.2
2024-07-26T06:00:00Z,60,60,,68,68,,33.6,33,34.3,39.9,39.6,40.2
2024-07-26T12:00:00Z,57,57,,69,69,,43.5,42.9,44.1,53.7,53.4,53.9
2024-07-26T18:00:00Z,53,53,,71,71,,40.2,39.8,40.5,49.2,49.3,49.1
2024-07-27T00:00:00Z,56,56,,70,70,,46.1,45.5,46.7,58.2,57.9,58.5
2024-07-27T06:00:00Z,61,61,,68,68,,51.6,50.5,52.7,66.9,65.9,67.9
2024-07-27T12:00:00Z,61,61,,68,68,,47.5,46.5,48.4,59.8,59,60.5
2024-07-27T18:00:00Z,54,54,,70,70,,38.6,38.3,39,46.7,46.8,46.7
2024-07-28T00:00:00Z,58,58,,69,69,,45.9,45.3,46.5,58.2,57.8,58.6
2024-07-28T06:00:00Z,62,62,,68,68,,44.3,43.2,45.4,55.7,54.8,56.5
2024-07-28T12:00:00Z,62,62,,68,68,,44.8,43.8,45.8,55.8,54.9,56.7
2024-07-28T18:00:00Z,56,56,,70,70,,41.8,41.2,42.4,50.5,50.1,50.9
2024-07-29T00:00:00Z,59,59,,69,69,,45.1,44.2,46,55.4,54.7,56.1
2024-07-29T06:00:00Z,58,58,,69,69,,52.5,51.3,53.6,67.1,66.1,68
2024-07-29T12:00:00Z,60,60,,69,69,,54.7,53.6,55.8,69.6,68.8,70.3
2024-07-29T18:00:00Z,58,58,,70,70,,45.5,45,46,55.1,54.9,55.3
2024-07-30T00:00:00Z,57,57,,70,70,,36.8,36.4,37.1,43,43,43.1
2024-07-30T06:00:00Z,60,60,,69,69,,53.8,52.9,54.6,70.2,69.5,70.9
2024-07-30T12:00:00Z,60,60,,69,69,,53.3,52.5,54.1,70.5,70,71.1
2024-07-30T18:00:00Z,55,55,,72,72,,42.9,42.5,43.3,53.6,53.6,53.5
2024-07-31T00:00:00Z,58,58,,70,70,,46.4,45.7,47.1,58.2,58,58.5
2024-07-31T06:00:00Z,61,61,,69,69,,50.1,49.1,51.1,64.4,63.7,65.1
2024-07-31T12:00:00Z,62,62,,69,69,,43.5,42.8,44.1,53,52.7,53.3
2024-07-31T18:00:00Z,53,53,,74,74,,38.6,38.3,39,45.1,45.2,45.1
2024-08-01T00:00:00Z,58,58,,70,70,,40.2,39.6,40.7,47.2,47,47.5
2024-08-01T06:00:00Z,59,59,,70,70,,56.2,55.1,57.3,70.2,69.4,71
2024-08-01T12:00:00Z,56,56,,71,71,,62.8,61.7,63.9,77,76.7,77.4
2024-08-01T18:00:00Z,51,51,,74,74,,40.2,39.8,40.5,49.5,49.6,49.4
2024-08-02T00:00:00Z,56,56,,71,71,,54.1,53.3,54.9,66.9,66.7,67.2
2024-08-02T06:00:00Z,59,59,,70,70,,52.6,51.8,53.4,66.4,66,66.8
2024-08-02T12:00:00Z,54,54,,72,72,,49.8,49.3,50.3,64,63.9,64.1
2024-08-02T18:00:00Z,49,49,,74,74,,29.5,29.5,29.5,32.9,33.2,32.6
2024-08-03T00:00:00Z,55,55,,71,71,,47,46.6,47.4,58.9,58.8,58.9
2024-08-03T06:00:00Z,57,57,,70,70,,57.7,57.1,58.2,72.3,72,72.7
2024-08-03T12:00:00Z,56,56,,70,70,,37.9,37.6,38.3,46.4,46.5,46.3
2024-08-03T18:00:00Z,52,52,,72,72,,25.9,26,25.9,28.5,28.9,28.2
2024-08-04T00:00:00Z,54,54,,70,70,,35.7,35.5,36,42.5,42.6,42.4
2024-08-04T06:00:00Z,55,55,,69,69,,45.2,44.7,45.6,56.5,56.2,56.7
2024-08-04T12:00:00Z,54,54,,71,71,,49.9,49.5,50.3,63.3,63.3,63.4
2024-08-04T18:00:00Z,49,49,,74,74,,37.3,37.2,37.3,44.9,45.3,44.5
2024-08-05T00:00:00Z,55,55,,71,71,,46.1,45.8,46.3,58,58.1,57.9
2024-08-05T06:00:00Z,57,57,,70,70,,49.8,49.4,50.2,64,63.9,64
2024-08-05T12:00:00Z,56,56,,71,71,,48.7,48.6,48.8,63.5,63.9,63.2
2024-08-05T18:00:00Z,53,53,,71,71,,30.7,30.8,30.5,36.2,36.8,35.6
2024-08-06T00:00:00Z,56,56,,70,70,,48.7,48.6,48.8,59.5,59.7,59.3
2024-08-06T06:00:00Z,60,60,,68,68,,23.2,23.3,23.2,26.8,27.1,26.4
2024-08-06T12:00:00Z,58,58,,69,69,,38.9,38.6,39.2,46.6,46.7,46.4
2024-08-06T18:00:00Z,55,55,,71,71,,39.1,38.9,39.3,46.8,47.1,46.4
2024-08-07T00:00:00Z,59,59,,69,69,,41.8,41.4,42.1,51.8,51.8,51.8
2024-08-07T06:00:00Z,61,61,,68,68,,30.1,29.9,30.4,35.2,35.3,35
2024-08-07T12:00:00Z,62,62,,68,68,,31.6,31.4,31.9,36.4,36.4,36.3
2024-08-07T18:00:00Z,56,56,,70,70,,39.2,39,39.4,46.9,47.2,46.6
2024-08-08T00:00:00Z,57,57,,69,69,,36.5,36.3,36.7,43.1,43.3,42.8
2024-08-08T06:00:00Z,60,60,,68,68,,37,36.5,37.4,44.2,44,44.3
2024-08-08T12:00:00Z,58,58,,69,69,,41.3,40.8,41.7,50.4,50.2,50.6
2024-08-08T18:00:00Z,56,56,,70,70,,37.5,37.2,37.8,45.5,45.6,45.4
2024-08-09T00:00:00Z,57,57,,69,69,,45.8,45.2,46.3,57.3,57.1,57.6
2024-08-09T06:00:00Z,58,58,,68,68,,54.6,53.9,55.2,69.9,69.3,70.4
2024-08-09T12:00:00Z,60,60,,68,68,,42.6,42,43.2,52.5,52.3,52.8
2024-08-09T18:00:00Z,54,54,,71,71,,40.2,40.1,40.3,49.1,49.5,48.7
2024-08-10T00:00:00Z,58,58,,70,70,,50.8,50.4,51.2,63.6,63.3,63.8
2024-08-10T06:00:00Z,62,62,,68,68,,45.1,44.4,45.8,57.2,57,57.4
2024-08-10T12:00:00Z,59,59,,70,70,,50.6,50,51.1,61.5,61.3,61.6
2024-08-10T18:00:00Z,53,53,,73,73,,47.4,47.4,47.4,61.4,62,60.9
2024-08-11T00:00:00Z,59,59,,69,69,,49.2,49,49.4,62.9,63.1,62.7
2024-08-11T06:00:00Z,63,63,,67,67,,33.1,32.7,33.4,38.5,38.5,38.4
2024-08-11T12:00:00Z,62,62,,67,67,,43,42.4,43.6,52.5,52.2,52.8
2024-08-11T18:00:00Z,56,56,,70,70,,37,36.9,37,43.9,44.2,43.6
2024-08-12T00:00:00Z,58,58,,69,69,,49.3,49.1,49.5,62.6,62.7,62.5
2024-08-12T06:00:00Z,61,61,,67,67,,45.3,44.8,45.9,58.3,58.3,58.3
2024-08-12T12:00:00Z,58,58,,68,68,,40.4,40.1,40.8,49.9,49.9,49.8
2024-08-12T18:00:00Z,52,52,,70,70,,36.4,36.6,36.1,43.3,44,42.5
2024-08-13T00:00:00Z,55,55,,68,68,,36.2,36.1,36.3,42.8,43.1,42.4
2024-08-13T06:00:00Z,56,56,,68,68,,45.8,45.4,46.2,57,56.9,57.1
2024-08-13T12:00:00Z,56,56,,69,69,,62.6,63,62.3,78.6,79.2,78.1
2024-08-13T18:00:00Z,51,51,,72,72,,37.7,37.8,37.7,45.8,46.4,45.2
2024-08-14T00:00:00Z,55,55,,69,69,,49.5,49.2,49.8,61.6,61.5,61.6
2024-08-14T06:00:00Z,56,56,,68,68,,53.5,53,54,68,67.8,68.1
2024-08-14T12:00:00Z,54,54,,71,71,,67.7,67.7,67.6,82.9,83.6,82.2
2024-08-14T18:00:00Z,50,50,,73,73,,40.6,40.5,40.7,50.4,50.8,50
2024-08-15T00:00:00Z,55,55,,70,70,,47.9,47.5,48.4,60.2,60.2,60.2
2024-08-15T06:00:00Z,57,57,,68,68,,54.9,54.3,55.5,69.3,68.8,69.7
2024-08-15T12:00:00Z,53,53,,71,71,,70.7,70.7,70.6,86.8,87.6,85.9
2024-08-15T18:00:00Z,48,48,,74,74,,34.6,34.8,34.5,40.9,41.6,40.3
2024-08-16T00:00:00Z,54,54,,70,70,,50.7,50.9,50.6,62.5,63,62.1
2024-08-16T06:00:00Z,58,58,,68,68,,44.4,44.4,44.3,54.7,55.1,54.3
2024-08-16T12:00:00Z,56,56,,69,69,,47.5,47.6,47.5,60.3,60.7,59.9
2024-08-16T18:00:00Z,53,53,,71,71,,30.6,31.1,30.1,35.1,36.1,34.1
2024-08-17T00:00:00Z,55,55,,69,69,,32.6,32.9,32.3,37.4,38.3,36.6
2024-08-17T06:00:00Z,55,55,,68,68,,49.2,49.1,49.2,62.4,62.7,62.1
2024-08-17T12:00:00Z,53,53,,71,71,,49.6,49.8,49.3,63.4,64.1,62.7
2024-08-17T18:00:00Z,47,47,,74,74,,32,32.4,31.5,37.3,38.2,36.4
2024-08-18T00:00:00Z,55,55,,70,70,,36.4,37,35.9,43.1,44.1,42.2
2024-08-18T06:00:00Z,54,54,,70,70,,51.8,52.2,51.4,65.2,65.8,64.5
2024-08-18T12:00:00Z,56,56,,69,69,,51.2,51.5,50.9,65.8,66.3,65.3
2024-08-18T18:00:00Z,54,54,,71,71,,37.2,37.7,36.7,44.2,45.2,43.2
2024-08-19T00:00:00Z,55,55,,69,69,,38.4,38.6,38.2,47,47.7,46.3
2024-08-19T06:00:00Z,57,57,,69,69,,53.8,54.1,53.5,69.6,69.9,69.2
2024-08-19T12:00:00Z,52,52,,72,72,,52.1,52.6,51.6,67.2,68,66.4
2024-08-19T18:00:00Z,49,49,,74,74,,36,36.2,35.7,43.5,44.4,42.6
2024-08-20T00:00:00Z,55,55,,70,70,,42.2,42.5,41.9,52.9,53.7,52
2024-08-20T06:00:00Z,57,57,,69,69,,37.6,37.6,37.7,46.1,46.7,45.5
2024-08-20T12:00:00Z,53,53,,72,72,,49.6,49.9,49.2,62.8,63.6,61.9
2024-08-20T18:00:00Z,50,50,,74,74,,40.8,41.3,40.3,50.5,51.6,49.4
2024-08-21T00:00:00Z,56,56,,70,70,,41.2,41.5,41,51.4,52.2,50.5
2024-08-21T06:00:00Z,58,58,,69,69,,37.4,37.7,37.2,45.7,46.5,44.8
2024-08-21T12:00:00Z,60,60,,69,69,,43.7,43.7,43.7,54.4,54.9,53.9
2024-08-21T18:00:00Z,56,56,,71,71,,41.2,41.5,40.9,50.3,51.2,49.4
2024-08-22T00:00:00Z,60,60,,69,69,,31.1,31.3,31,36.6,37.2,36
2024-08-22T06:00:00Z,63,63,,68,68,,30.2,30.2,30.2,34.7,35.2,34.3
2024-08-22T12:00:00Z,63,63,,68,68,,36.5,36.3,36.7,43.1,43.4,42.8
2024-08-22T18:00:00Z,59,59,,69,69,,40.8,40.7,40.8,50,50.3,49.7
2024-08-23T00:00:00Z,62,62,,68,68,,31.6,31.5,31.7,37.2,37.6,36.8
2024-08-23T06:00:00Z,64,64,,66,66,,13.5,13.9,13.1,14.9,15.5,14.4
2024-08-23T12:00:00Z,61,61,,68,68,,35.5,35.4,35.6,42.1,42.4,41.8
2024-08-23T18:00:00Z,57,57,,70,70,,46.4,46.3,46.5,57.2,57.5,56.9
2024-08-24T00:00:00Z,63,63,,67,67,,37.7,37.7,37.8,44.2,44.7,43.7
2024-08-24T06:00:00Z,64,64,,67,67,,32.8,32.6,32.9,38.2,38.5,38
2024-08-24T12:00:00Z,64,64,,68,68,,41.2,40.9,41.5,50.9,50.9,50.9
2024-08-24T18:00:00Z,58,58,,70,70,,46.5,46.6,46.4,57.2,57.7,56.8
2024-08-25T00:00:00Z,60,60,,69,69,,48.8,48.8,48.7,61.2,61.6,60.7
2024-08-25T06:00:00Z,62,62,,68,68,,55.6,55.7,55.5,71.5,71.8,71.2
2024-08-25T12:00:00Z,58,58,,72,72,,58.3,58.6,58,72.6,73.2,72
2024-08-25T18:00:00Z,51,51,,74,74,,39.2,39.5,39,48.1,48.8,47.3
2024-08-26T00:00:00Z,58,58,,71,71,,34.7,35.1,34.3,41.7,42.8,40.5
2024-08-26T06:00:00Z,60,60,,69,69,,39.7,39.8,39.6,48.3,49.2,47.4
2024-08-26T12:00:00Z,54,54,,74,74,,45.7,45.8,45.6,57.5,58.1,56.9
2024-08-26T18:00:00Z,49,49,,76,76,,32.6,32.8,32.4,38.6,39.7,37.6
2024-08-27T00:00:00Z,56,56,,71,71,,45.4,45.5,45.3,57.2,58,56.5
2024-08-27T06:00:00Z,59,59,,69,69,,38.4,38.3,38.5,48.1,48.6,47.6
2024-08-27T12:00:00Z,60,60,,69,69,,46,45.7,46.4,58.3,58.4,58.2
2024-08-27T18:00:00Z,56,56,,70,70,,32.5,32.6,32.3,38.6,39.3,38
2024-08-28T00:00:00Z,57,57,,69,69,,35.1,35,35.2,42,42.4,41.6
2024-08-28T06:00:00Z,59,59,,67,67,,35,34.7,35.3,41.7,41.8,41.6
2024-08-28T12:00:00Z,55,55,,70,70,,45.1,45.1,45.2,55.5,55.9,55
2024-08-28T18:00:00Z,51,51,,73,73,,39.3,39.4,39.1,47.6,48.3,46.9
2024-08-29T00:00:00Z,57,57,,70,70,,39.9,39.9,39.9,49.6,50,49.1
2024-08-29T06:00:00Z,62,62,,67,67,,27.3,27.4,27.2,30.6,31,30.1
2024-08-29T12:00:00Z,58,58,,69,69,,35.3,35.3,35.3,41.7,42.2,41.3
2024-08-29T18:00:00Z,54,54,,71,71,,37.1,37.3,37,44.7,45.4,44.1
2024-08-30T00:00:00Z,57,57,,69,69,,43.5,43,44,53.7,53.6,53.7
2024-08-30T06:00:00Z,58,58,,68,68,,38.2,37.8,38.6,46.7,46.7,46.7
2024-08-30T12:00:00Z,57,57,,69,69,,41.4,41.1,41.8,50.8,50.9,50.7
2024-08-30T18:00:00Z,55,55,,70,70,,40.6,40.5,40.7,49.7,49.9,49.4
2024-08-31T00:00:00Z,58,58,,69,69,,38.1,37.7,38.5,46.5,46.6,46.4
2024-08-31T06:00:00Z,60,60,,67,67,,43,42.4,43.6,54.4,54.1,54.6
2024-08-31T12:00:00Z,60,60,,68,68,,35.5,35,36,42.2,42.2,42.2
2024-08-31T18:00:00Z,56,56,,69,69,,28,28,27.9,31.3,31.6,30.9
2024-09-01T00:00:00Z,58,58,,69,69,,46.5,46.1,46.9,57.6,57.5,57.8
2024-09-01T06:00:00Z,59,59,,68,68,,54.2,53.9,54.6,65.5,65.5,65.4
2024-09-01T12:00:00Z,59,59,,69,69,,42.4,42.1,42.7,53.6,53.7,53.4
2024-09-01T18:00:00Z,52,52,,72,72,,41.6,41.7,41.4,51.4,52.1,50.6
2024-09-02T00:00:00Z,57,57,,69,69,,43.8,43.5,44.1,54.8,55.1,54.6
2024-09-02T06:00:00Z,60,60,,68,68,,37,36.6,37.3,45.4,45.6,45.2
2024-09-02T12:00:00Z,58,58,,69,69,,45,44.8,45.1,56.7,57,56.4
2024-09-02T18:00:00Z,51,51,,73,73,,38.8,39.1,38.6,47.3,48.3,46.4
2024-09-03T00:00:00Z,57,57,,69,69,,40.7,40.7,40.7,50.6,51.2,50.1
2024-09-03T06:00:00Z,62,62,,67,67,,33.2,32.9,33.6,39.1,39.4,38.9
2024-09-03T12:00:00Z,58,58,,70,70,,43.4,43.2,43.6,54,54.3,53.8
2024-09-03T18:00:00Z,54,54,,71,71,,44.4,44.6,44.2,55.8,56.7,55
2024-09-04T00:00:00Z,59,59,,68,68,,37.1,36.7,37.5,44.9,44.9,44.8
2024-09-04T06:00:00Z,62,62,,66,66,,28.4,28.2,28.6,31.7,32,31.4
2024-09-04T12:00:00Z,59,59,,68,68,,42.4,41.9,42.9,52,52,52.1
2024-09-04T18:00:00Z,53,53,,71,71,,45,45.2,44.9,56,56.6,55.4
2024-09-05T00:00:00Z,56,56,,69,69,,45.6,45.3,45.9,57.5,57.6,57.3
2024-09-05T06:00:00Z,60,60,,67,67,,47,46.2,47.7,60.1,59.7,60.5
2024-09-05T12:00:00Z,57,57,,69,69,,32.4,32.2,32.7,37.5,37.7,37.3
2024-09-05T18:00:00Z,54,54,,70,70,,30.9,31,30.7,35,35.7,34.3
2024-09-06T00:00:00Z,57,57,,69,69,,39.6,39.3,39.8,48.1,48.4,47.7
2024-09-06T06:00:00Z,60,60,,68,68,,41.4,40.8,42,51.2,51,51.4
2024-09-06T12:00:00Z,60,60,,69,69,,42.6,42.2,42.9,52.5,52.5,52.5
2024-09-06T18:00:00Z,51,51,,73,73,,36,36.1,35.8,43.2,44,42.3
2024-09-07T00:00:00Z,57,57,,69,69,,35.8,35.7,36,42.4,42.8,42
2024-09-07T06:00:00Z,59,59,,68,68,,45.9,45.3,46.4,58.4,58.3,58.5
2024-09-07T12:00:00Z,59,59,,69,69,,47.3,47,47.6,59.7,59.7,59.7
2024-09-07T18:00:00Z,53,53,,72,72,,41.5,41.6,41.4,50.2,50.8,49.6
2024-09-08T00:00:00Z,58,58,,69,69,,44.7,44.2,45.1,55.8,55.8,55.9
2024-09-08T06:00:00Z,59,59,,68,68,,48.9,48.3,49.5,62.2,62,62.5
2024-09-08T12:00:00Z,55,55,,72,72,,66.9,66.8,67.1,79.1,79.7,78.5
2024-09-08T18:00:00Z,50,50,,75,75,,41,41.2,40.9,48.9,49.6,48.2
2024-09-09T00:00:00Z,57,57,,70,70,,41.8,41.7,42,51.8,52.2,51.5
2024-09-09T06:00:00Z,59,59,,69,69,,48.4,47.9,49,60.3,60.3,60.3
2024-09-09T12:00:00Z,57,57,,71,71,,47.8,47.5,48.1,60.4,60.6,60.1
2024-09-09T18:00:00Z,52,52,,73,73,,40.4,40.5,40.4,49.9,50.6,49.1
2024-09-10T00:00:00Z,57,57,,70,70,,35.1,35.1,35.1,42,42.5,41.6
2024-09-10T06:00:00Z,60,60,,68,68,,42,41.5,42.4,52.2,52.1,52.3
2024-09-10T12:00:00Z,56,56,,71,71,,47.4,47.1,47.6,60.5,60.8,60.3
2024-09-10T18:00:00Z,50,50,,75,75,,43,42.9,43,54.3,54.9,53.8
2024-09-11T00:00:00Z,58,58,,71,71,,42.9,42.9,43,54,54.4,53.5
2024-09-11T06:00:00Z,62,62,,68,68,,34.1,33.7,34.5,40.6,40.6,40.6
2024-09-11T12:00:00Z,54,54,,73,73,,47.2,47,47.4,60,60.4,59.6
2024-09-11T18:00:00Z,51,51,,75,75,,34.9,34.8,34.9,41.1,41.6,40.7
2024-09-12T00:00:00Z,56,56,,71,71,,43.3,43,43.6,53.5,53.8,53.1
2024-09-12T06:00:00Z,59,59,,69,69,,43.8,43.2,44.4,54.9,54.8,55
2024-09-12T12:00:00Z,54,54,,73,73,,48.1,47.7,48.5,59.7,59.8,59.6
2024-09-12T18:00:00Z,49,49,,75,75,,29.9,29.9,29.9,34.8,35.3,34.3
2024-09-13T00:00:00Z,56,56,,71,71,,35.5,35.6,35.5,42.5,42.9,42
2024-09-13T06:00:00Z,57,57,,70,70,,47.9,47.6,48.2,60.8,60.9,60.7
2024-09-13T12:00:00Z,55,55,,72,72,,57.5,57.3,57.7,71.8,72.3,71.3
2024-09-13T18:00:00Z,50,50,,75,75,,37,37.3,36.7,44.9,45.9,43.9
2024-09-14T00:00:00Z,56,56,,71,71,,34.6,35,34.2,40.8,41.9,39.8
2024-09-14T06:00:00Z,58,58,,70,70,,40.8,41,40.7,50.5,51.2,49.8
2024-09-14T12:00:00Z,55,55,,72,72,,48.8,49,48.6,61.5,62.3,60.7
2024-09-14T18:00:00Z,50,50,,74,74,,37.9,38,37.8,46.3,47.1,45.5
2024-09-15T00:00:00Z,56,56,,71,71,,41.3,41.6,41,51.3,52.3,50.3
2024-09-15T06:00:00Z,62,62,,68,68,,39.8,39.7,39.9,48.6,49.1,48.2
2024-09-15T12:00:00Z,60,60,,69,69,,44.1,44,44.2,54.6,55,54.3
2024-09-15T18:00:00Z,55,55,,70,70,,39.3,39.5,39.1,47.9,48.6,47.1
2024-09-16T00:00:00Z,58,58,,69,69,,38.4,38.3,38.5,46.5,47.1,46
2024-09-16T06:00:00Z,63,63,,68,68,,38.8,38.6,39,47,47.2,46.7
2024-09-16T12:00:00Z,63,63,,68,68,,36.5,36.4,36.6,43.1,43.5,42.7
2024-09-16T18:00:00Z,56,56,,71,71,,35.8,36.1,35.6,42.5,43.4,41.7
2024-09-17T00:00:00Z,57,57,,70,70,,41.9,41.9,41.9,51.5,52.1,51
2024-09-17T06:00:00Z,60,60,,69,69,,43.4,43.3,43.6,54.8,55.2,54.4
2024-09-17T12:00:00Z,60,60,,69,69,,40.9,40.9,40.9,50.2,50.8,49.5
2024-09-17T18:00:00Z,56,56,,71,71,,32.9,33.2,32.6,38.4,39.4,37.4
2024-09-18T00:00:00Z,59,59,,69,69,,40.6,40.4,40.7,49.4,49.7,49
2024-09-18T06:00:00Z,60,60,,68,68,,47.3,46.9,47.6,59.5,59.7,59.4
2024-09-18T12:00:00Z,60,60,,69,69,,38.1,38.2,38,45.9,46.5,45.3
2024-09-18T18:00:00Z,56,56,,71,71,,30.9,31.1,30.6,34.7,35.6,33.9
2024-09-19T00:00:00Z,59,59,,69,69,,42.7,42.4,43,53.1,53.3,52.9
2024-09-19T06:00:00Z,60,60,,68,68,,50.4,49.7,51.1,65.7,65.4,65.9
2024-09-19T12:00:00Z,58,58,,70,70,,44.9,44.4,45.3,57.6,57.6,57.6
2024-09-19T18:00:00Z,51,51,,73,73,,34.4,34.4,34.5,40.8,41.3,40.3
2024-09-20T00:00:00Z,57,57,,70,70,,42.7,42.4,42.9,53.8,54,53.6
2024-09-20T06:00:00Z,60,60,,69,69,,41.7,41,42.3,52.2,51.9,52.5
2024-09-20T12:00:00Z,56,56,,70,70,,47.3,46.9,47.7,59.8,59.9,59.8
2024-09-20T18:00:00Z,51,51,,73,73,,1256.3,27.5,2485.1,1258.7,31,2486.3
2024-09-21T00:00:00Z,56,56,,71,71,,1715.1,30.8,3399.5,1717.5,35.5,3399.5
2024-09-21T06:00:00Z,58,58,,69,69,,1741.9,36.6,3447.2,1745.8,44.5,3447.2
2024-09-21T12:00:00Z,55,55,,71,71,,1723.4,47.7,3399.2,1729.6,60.1,3399.2
2024-09-21T18:00:00Z,48,48,,76,76,,1684.5,37,3332.1,1688.9,45.8,3332.1
2024-09-22T00:00:00Z,56,56,,72,72,,1695,32,3358,1697.7,37.3,3358
2024-09-22T06:00:00Z,59,59,,70,70,,1732.1,44.5,3419.8,1738.5,57.2,3419.8
2024-09-22T12:00:00Z,57,57,,72,72,,1707.5,43.8,3371.2,1713.4,55.6,3371.2
2024-09-22T18:00:00Z,48,48,,76,76,,1680.7,29.3,3332.1,1682.4,32.7,3332.1
2024-09-23T00:00:00Z,57,57,,71,71,,1695.9,25.9,3365.8,1697.4,28.9,3365.8
2024-09-23T06:00:00Z,58,58,,71,71,,1713.4,34.3,3392.5,1716.6,40.7,3392.5
2024-09-23T12:00:00Z,55,55,,74,74,,1696.2,40,3352.5,1700.8,49.1,3352.5
2024-09-23T18:00:00Z,48,48,,77,77,,1679.9,27.7,3332.1,1681.5,30.9,3332.1
2024-09-24T00:00:00Z,56,56,,72,72,,1691.1,38.4,3343.8,1695.5,47.2,3343.8
2024-09-24T06:00:00Z,59,59,,70,70,,1718.1,37.8,3398.4,1722.8,47.3,3398.4
2024-09-24T12:00:00Z,56,56,,73,73,,1701.1,37.6,3364.7,1705.4,46.1,3364.7
2024-09-24T18:00:00Z,51,51,,75,75,,1680.2,27.7,3332.7,1682,31.3,3332.7
2024-09-25T00:00:00Z,57,57,,71,71,,1707.7,42.6,3372.7,1713.2,53.7,3372.7
2024-09-25T06:00:00Z,61,61,,69,69,,1736.6,34.9,3438.3,1740.4,42.5,3438.3
2024-09-25T12:00:00Z,60,60,,70,70,,1725.2,46.7,3403.6,1731.3,59,3403.6
2024-09-25T18:00:00Z,54,54,,72,72,,1691.7,29.9,3353.5,1694.2,34.8,3353.5
2024-09-26T00:00:00Z,56,56,,70,70,,1718.6,38.8,3398.5,1723,47.5,3398.5
2024-09-26T06:00:00Z,60,60,,69,69,,1747.2,40.3,3454.1,1752.4,50.7,3454.1
2024-09-26T12:00:00Z,59,59,,70,70,,1732.7,42.7,3422.7,1738.2,53.7,3422.7
2024-09-26T18:00:00Z,55,55,,71,71,,1703.1,35.1,3371.1,1706.5,41.8,3371.1
2024-09-27T00:00:00Z,57,57,,69,69,,1731.7,30.4,3433.1,1734.1,35.1,3433.1
2024-09-27T06:00:00Z,58,58,,69,69,,1738.1,37.8,3438.4,1742.7,46.9,3438.4
2024-09-27T12:00:00Z,51,51,,75,75,,1694.6,43.9,3345.2,1700.5,55.7,3345.2
2024-09-27T18:00:00Z,48,48,,77,77,,1685.2,38.5,3331.9,1690.8,49.6,3331.9
2024-09-28T00:00:00Z,57,57,,72,72,,1701.3,38.6,3364,1707.7,51.3,3364
2024-09-28T06:00:00Z,60,60,,70,70,,1731.9,40,3423.9,1738.8,53.7,3423.9
2024-09-28T12:00:00Z,56,56,,73,73,,1703.4,43.7,3363.1,1710.8,58.5,3363.1
2024-09-28T18:00:00Z,52,52,,74,74,,1688.1,38.6,3337.6,1694.2,50.8,3337.6
2024-09-29T00:00:00Z,56,56,,71,71,,1707.8,39.4,3376.2,1713.9,51.6,3376.2
2024-09-29T06:00:00Z,58,58,,70,70,,1733.9,39.4,3428.3,1740.2,52.1,3428.3
2024-09-29T12:00:00Z,52,52,,75,75,,1697.8,51.5,3344.1,1706,68,3344.1
2024-09-29T18:00:00Z,49,49,,76,76,,1682.5,32.2,3332.9,1686.6,40.3,3332.9
2024-09-30T00:00:00Z,56,56,,72,72,,1706.4,43.5,3369.4,1713.4,57.4,3369.4
2024-09-30T06:00:00Z,59,59,,70,70,,1729.4,39.9,3419,1736.3,53.7,3419
2024-09-30T12:00:00Z,57,57,,72,72,,1711,37.9,3384.2,1717.1,50,3384.2
2024-09-30T18:00:00Z,49,49,,76,76,,1678,23.8,3332.2,1680.5,28.8,3332.2
2024-10-01T00:00:00Z,56,56,,72,72,,1695.4,35.8,3355,1700.4,45.8,3355
2024-10-01T06:00:00Z,60,60,,70,70,,1729.9,38.8,3421,1736.7,52.3,3421
2024-10-01T12:00:00Z,52,52,,75,75,,1693.7,43.3,3344.1,1700.9,57.7,3344.1
2024-10-01T18:00:00Z,50,50,,77,77,,1680.6,29.1,3332.2,1684,35.9,3332.2
2024-10-02T00:00:00Z,56,56,,72,72,,1693.2,40.9,3345.5,1699,52.4,3345.5
2024-10-02T06:00:00Z,58,58,,71,71,,1713.1,33.4,3392.7,1717.7,42.7,3392.7
2024-10-02T12:00:00Z,57,57,,72,72,,1708.4,52.9,3363.9,1716.5,69.1,3363.9
2024-10-02T18:00:00Z,49,49,,76,76,,1684.8,37.5,3332,1689.8,47.5,3332
2024-10-03T00:00:00Z,55,55,,72,72,,1698,28.4,3367.6,1700.8,33.9,3367.6
2024-10-03T06:00:00Z,59,59,,70,70,,1731.7,34.7,3428.8,1736.6,44.4,3428.8
2024-10-03T12:00:00Z,52,52,,75,75,,1758.5,166.1,3350.8,1765.5,180.2,3350.8
2024-10-12T00:00:00Z,43,43,,83,83,,31.5,32.5,30.6,34.9,36.5,33.3
2024-11-26T12:00:00Z,52,52,,79,79,,46.4,47.4,45.5,57.6,58.7,56.5
2024-11-26T18:00:00Z,49,49,,80,80,,31.6,33,30.1,35.6,37.7,33.4
2024-11-27T00:00:00Z,54,54,,77,77,,31.3,32.9,29.8,35.1,37.4,32.7
2024-11-27T06:00:00Z,57,57,,75,75,,35.8,36.7,35,42,43.6,40.5
2024-11-27T12:00:00Z,52,52,,79,79,,44.7,45.4,44,55,56.3,53.6
2024-11-27T18:00:00Z,46,46,,81,81,,23.4,25.8,21.1,25.1,27.9,22.3
2024-11-28T00:00:00Z,53,53,,78,78,,33.1,35.5,30.6,37.6,41.3,33.8
2024-11-28T06:00:00Z,56,56,,76,76,,30.2,31.5,28.8,33,34.8,31.1
2024-11-28T12:00:00Z,54,54,,78,78,,45.3,46,44.6,55.7,57.1,54.3
2024-11-28T18:00:00Z,45,45,,82,82,,25.3,26.9,23.6,26.9,28.9,25
2024-11-29T00:00:00Z,53,53,,78,78,,30.2,33,27.3,33.4,37.6,29.2
2024-11-29T06:00:00Z,57,57,,76,76,,29.7,31.3,28.1,32.7,35,30.3
2024-11-29T12:00:00Z,53,53,,79,79,,41.4,42.4,40.3,49.9,51.7,48.1
2024-11-29T18:00:00Z,49,49,,81,81,,28.3,30.6,26.1,30.6,33.6,27.7
2024-11-30T00:00:00Z,55,55,,78,78,,31.4,34.1,28.7,35.1,39,31.1
2024-11-30T06:00:00Z,58,58,,76,76,,31.3,32.7,29.9,34.4,36.6,32.1
2024-11-30T12:00:00Z,52,52,,80,80,,41.5,42.6,40.5,50,51.8,48.2
2024-11-30T18:00:00Z,48,48,,83,83,,29.1,31,27.2,31.3,33.9,28.7
2024-12-01T00:00:00Z,55,55,,79,79,,41.2,42.9,39.6,49.4,52.1,46.8
2024-12-01T06:00:00Z,58,58,,77,77,,37.2,38.6,35.8,44.8,47.1,42.5
2024-12-01T12:00:00Z,52,52,,81,81,,43.7,44.6,42.7,53.8,55.5,52.1
2024-12-01T18:00:00Z,49,49,,82,82,,32,33.9,30.1,36,38.8,33.2
2024-12-02T00:00:00Z,55,55,,78,78,,32.9,35,30.9,37.1,40.2,34.1
2024-12-02T06:00:00Z,58,58,,76,76,,31.2,32.8,29.6,34.7,37.2,32.1
2024-12-02T12:00:00Z,53,53,,79,79,,39.8,40.7,38.9,47.6,49.2,45.9
2024-12-02T18:00:00Z,47,47,,83,83,,28.2,30,26.4,30.4,32.7,28.1
2024-12-03T00:00:00Z,55,55,,78,78,,35.1,37.1,33.1,40.7,43.8,37.5
2024-12-03T06:00:00Z,58,58,,76,76,,40.8,41.4,40.2,49.1,50.3,48
2024-12-03T12:00:00Z,50,50,,81,81,,45.8,46.7,45,56.3,57.8,54.8
2024-12-03T18:00:00Z,46,46,,83,83,,39.7,41,38.4,47.5,49.6,45.4
2024-12-04T00:00:00Z,52,52,,79,79,,30.6,34.2,27,34,39.4,28.7
2024-12-04T06:00:00Z,56,56,,76,76,,31.6,33.1,30.1,36,37.9,34
2024-12-04T12:00:00Z,52,52,,80,80,,57.1,57.9,56.2,69.9,71,68.8
2024-12-04T18:00:00Z,45,45,,83,83,,34.9,36,33.7,40.4,42.4,38.5
2024-12-05T00:00:00Z,52,52,,78,78,,27.4,29.5,25.3,29.8,32.6,27
2024-12-05T06:00:00Z,56,56,,76,76,,39.3,40.4,38.2,46.7,48.4,45
2024-12-05T12:00:00Z,51,51,,80,80,,54.5,54.7,54.3,67.9,68.6,67.2
2024-12-05T18:00:00Z,46,46,,82,82,,32.2,33.9,30.5,36.5,38.7,34.3
2024-12-06T00:00:00Z,52,52,,78,78,,30.2,32.7,27.8,33.2,36.7,29.8
2024-12-06T06:00:00Z,55,55,,76,76,,39.6,40.5,38.7,47,48.6,45.4
2024-12-06T12:00:00Z,50,50,,79,79,,45.8,46.6,45,56.1,57.6,54.6
2024-12-06T18:00:00Z,49,49,,79,79,,31.5,33.4,29.6,35.3,38.3,32.4
2024-12-07T00:00:00Z,52,52,,77,77,,33.5,35,32.1,38.2,40.8,35.7
2024-12-07T06:00:00Z,56,56,,76,76,,31.8,33.3,30.3,35.6,37.6,33.5
2024-12-07T12:00:00Z,50,50,,80,80,,50.8,52.3,49.3,62.5,64.3,60.6
2024-12-07T18:00:00Z,45,45,,82,82,,35.7,37.2,34.2,41.4,43.9,39
2024-12-08T00:00:00Z,49,49,,79,79,,29.7,32.4,26.9,32.4,36.4,28.5
2024-12-08T06:00:00Z,53,53,,77,77,,25.1,27.5,22.7,26.8,29.6,24
2024-12-08T12:00:00Z,53,53,,78,78,,32.5,34.4,30.6,36.7,39.7,33.7
2024-12-08T18:00:00Z,44,44,,82,82,,26.7,29.2,24.2,29.3,32.4,26.1
2024-12-09T00:00:00Z,49,49,,78,78,,26,28.8,23.1,27.8,31.2,24.4
2024-12-09T06:00:00Z,53,53,,76,76,,21.1,24,18.3,22.3,25.4,19.3
2024-12-09T12:00:00Z,48,48,,81,81,,32.8,34.4,31.1,37.2,39.9,34.4
2024-12-09T18:00:00Z,46,46,,81,81,,30,32.3,27.6,33.3,36.2,30.5
2024-12-10T00:00:00Z,53,53,,78,78,,28.2,30.4,26,31,33.9,28.1
2024-12-10T06:00:00Z,54,54,,76,76,,29.6,31.2,28.1,32.5,34.7,30.3
2024-12-10T12:00:00Z,47,47,,81,81,,43.4,44.3,42.5,52.9,54.4,51.4
2024-12-10T18:00:00Z,44,44,,83,83,,30.1,31.6,28.6,34,35.9,32.2
2024-12-11T00:00:00Z,51,51,,78,78,,25.6,28.2,23,27.3,30.5,24.2
2024-12-11T06:00:00Z,53,53,,76,76,,22.9,25,20.7,24.2,26.6,21.8
2024-12-11T12:00:00Z,48,48,,81,81,,36.2,37.9,34.6,42.6,45.1,40.1
2024-12-11T18:00:00Z,44,44,,82,82,,25.1,27.8,22.5,26.8,29.8,23.8
2024-12-12T12:00:00Z,43,43,,84,84,,43,43.4,42.6,52,52.9,51.2
2024-12-12T18:00:00Z,42,42,,83,83,,27.8,29.9,25.6,30.6,33.3,28
2024-12-13T00:00:00Z,48,48,,79,79,,26.3,30.6,22,28.5,33.7,23.2
2024-12-13T06:00:00Z,53,53,,77,77,,26.4,28.5,24.3,28.9,31.4,26.3
2024-12-13T12:00:00Z,48,48,,81,81,,45.2,46.3,44.2,55.3,57.1,53.6
2024-12-13T18:00:00Z,42,42,,84,84,,33.2,35,31.4,38.1,41,35.1
2024-12-14T00:00:00Z,49,49,,79,79,,29.6,31.9,27.3,32.3,35.7,28.9
2024-12-14T06:00:00Z,53,53,,77,77,,23.8,26,21.6,25.3,27.7,22.8
2024-12-14T12:00:00Z,49,49,,81,81,,43.9,45.1,42.7,53.5,55.5,51.5
2024-12-14T18:00:00Z,47,47,,82,82,,38.2,39.6,36.8,45.1,47.4,42.8
2024-12-15T00:00:00Z,54,54,,78,78,,35.1,38.6,31.6,40.2,45.6,34.8
2024-12-15T06:00:00Z,57,57,,76,76,,28,30,26.1,30,32.5,27.5
2024-12-15T12:00:00Z,51,51,,81,81,,50,50.8,49.1,61.1,62.4,59.7
2024-12-15T18:00:00Z,48,48,,81,81,,47.8,49.2,46.4,55.7,57.6,53.7
2024-12-16T00:00:00Z,53,53,,78,78,,32.5,35.1,29.9,36.4,40.4,32.4
2024-12-16T06:00:00Z,56,56,,77,77,,34.9,36.8,33,40.4,43.4,37.5
2024-12-16T12:00:00Z,52,52,,80,80,,55,55.8,54.2,66.3,67.4,65.2
2024-12-16T18:00:00Z,48,48,,82,82,,38.3,39.9,36.8,45.2,47.8,42.7
2024-12-17T00:00:00Z,56,56,,78,78,,35.9,38.1,33.8,41.7,45.1,38.3
2024-12-17T06:00:00Z,57,57,,76,76,,28.2,30.2,26.2,30.2,32.8,27.6
2024-12-17T12:00:00Z,51,51,,81,81,,50.6,51.8,49.5,60.7,62.3,59.1
2024-12-17T18:00:00Z,45,45,,83,83,,33.2,35.2,31.1,38,40.8,35.2
2024-12-18T00:00:00Z,51,51,,79,79,,28.3,31.6,25,30.8,35.2,26.4
2024-12-18T06:00:00Z,53,53,,77,77,,27,28.9,25.1,29.6,32,27.2
2024-12-18T12:00:00Z,50,50,,80,80,,32.4,34.1,30.7,36.9,39.3,34.5
2024-12-18T18:00:00Z,47,47,,82,82,,28,30,25.9,30.2,32.8,27.6
2024-12-19T00:00:00Z,53,53,,78,78,,36.3,38.3,34.3,42.4,45.7,39.2
2024-12-19T06:00:00Z,56,56,,77,77,,25,27.1,22.8,26.6,29.1,24.2
2024-12-19T12:00:00Z,52,52,,79,79,,40.2,41.3,39.1,48.1,50,46.1
2024-12-19T18:00:00Z,47,47,,82,82,,36.8,37.9,35.7,43.1,45.1,41.2
2024-12-20T00:00:00Z,51,51,,79,79,,33.6,35.5,31.8,38.2,41.4,35
2024-12-20T06:00:00Z,55,55,,77,77,,26.1,28.4,23.8,27.7,30.4,25
2024-12-20T12:00:00Z,49,49,,82,82,,45.3,46.4,44.2,55.3,57,53.5
2024-12-20T18:00:00Z,43,43,,85,85,,34.7,36.3,33.1,40.1,42.4,37.7
2024-12-21T00:00:00Z,48,48,,80,80,,27,30.1,23.9,28.9,32.7,25.1
2024-12-21T06:00:00Z,52,52,,77,77,,24.9,27.3,22.6,26.7,29.4,23.9
2024-12-21T12:00:00Z,47,47,,82,82,,41.3,43.6,39,49.3,52.7,45.9
2024-12-21T18:00:00Z,42,42,,85,85,,30.3,32.3,28.3,33.6,36.2,31
2024-12-22T00:00:00Z,48,48,,80,80,,30,32.3,27.6,32.6,36.2,29.1
2024-12-22T06:00:00Z,54,54,,77,77,,23.2,25.5,20.9,24.5,27,21.9
2024-12-22T12:00:00Z,49,49,,81,81,,40.1,41.1,39.1,47.3,49,45.6
2024-12-22T18:00:00Z,44,44,,84,84,,24.7,27.2,22.2,25.9,28.6,23.2
2024-12-23T00:00:00Z,47,47,,81,81,,30.1,32.1,28.1,32.8,35.9,29.8
2024-12-23T06:00:00Z,49,49,,79,79,,27,30.8,23.2,29.1,33.8,24.4
2024-12-23T12:00:00Z,43,43,,84,84,,31.5,33.4,29.6,35.3,38.2,32.4
2024-12-23T18:00:00Z,39,39,,86,86,,25.8,28.1,23.4,27.3,30.2,24.5
2024-12-24T00:00:00Z,44,44,,83,83,,29.5,30.9,28.1,31.9,34,29.8
2024-12-24T06:00:00Z,50,50,,80,80,,30.1,33.9,26.4,33.2,38.4,27.9
2024-12-24T12:00:00Z,45,45,,84,84,,31.6,33.5,29.7,35.4,38.2,32.6
2024-12-24T18:00:00Z,41,41,,86,86,,21.1,23.6,18.7,22,24.6,19.4
2024-12-25T00:00:00Z,47,47,,81,81,,44.9,46.8,42.9,48.2,50.9,45.5
2024-12-25T06:00:00Z,53,53,,79,79,,63.7,65.2,62.2,72.5,74.9,70.2
2024-12-25T12:00:00Z,50,50,,82,82,,47.1,48.2,45.9,56.3,57.9,54.7
2024-12-25T18:00:00Z,43,43,,84,84,,19.3,21.5,17.1,20.1,22.5,17.7
2024-12-26T00:00:00Z,46,46,,82,82,,20.3,23.2,17.4,21.1,24.1,18.1
2024-12-26T06:00:00Z,51,51,,79,79,,23.8,26.8,20.9,25.3,28.8,21.7
2024-12-26T12:00:00Z,47,47,,82,82,,32.5,34.2,30.7,37,39.6,34.4
2024-12-26T18:00:00Z,42,42,,84,84,,21.5,23.9,19.1,22.7,25.5,20
2024-12-27T00:00:00Z,44,44,,83,83,,25.4,27.8,23,26.9,29.7,24.1
2024-12-27T06:00:00Z,46,46,,81,81,,24.6,27.8,21.5,26,29.6,22.5
2024-12-27T12:00:00Z,43,43,,83,83,,41.1,43.3,39,45.4,48.4,42.3
2024-12-27T18:00:00Z,37,37,,88,88,,30.8,34.2,27.4,33.9,38.1,29.7
2024-12-28T00:00:00Z,44,44,,83,83,,25.6,28,23.1,27.1,30,24.3
2024-12-28T06:00:00Z,53,53,,79,79,,25,29,20.9,26.4,31,21.8
2024-12-28T12:00:00Z,45,45,,85,85,,44.3,47.4,41.1,51.7,56,47.4
2024-12-28T18:00:00Z,39,39,,87,87,,28.8,36.3,21.3,32.1,42,22.2
2024-12-29T00:00:00Z,46,46,,82,82,,27,29.7,24.4,29.2,32.5,25.8
2024-12-29T06:00:00Z,53,53,,78,78,,22,25.8,18.2,23.3,27.6,19.1
2024-12-29T12:00:00Z,48,48,,82,82,,39.8,41.3,38.4,47.3,49.7,44.9
2024-12-29T18:00:00Z,43,43,,84,84,,20.1,22.7,17.4,21.1,23.9,18.3
2024-12-30T00:00:00Z,50,50,,80,80,,23.2,28.4,18,24.6,30.4,18.8
2024-12-30T06:00:00Z,54,54,,78,78,,20.7,24.1,17.3,21.6,25.4,17.9
2024-12-30T12:00:00Z,49,49,,81,81,,30.5,32.8,28.2,33.5,36.9,30.1
2024-12-30T18:00:00Z,44,44,,84,84,,24.5,26.6,22.4,25.9,28.4,23.4
2024-12-31T00:00:00Z,48,48,,81,81,,30.9,32.8,29.1,34.2,37.2,31.3
2024-12-31T06:00:00Z,53,53,,78,78,,31.6,34.1,29.1,35.5,38.9,32.1
2024-12-31T12:00:00Z,47,47,,83,83,,39.5,41.2,37.9,46.7,49.3,44.1
2024-12-31T18:00:00Z,45,45,,84,84,,33.3,34.5,32,37.5,39.8,35.3
2025-01-01T00:00:00Z,48,48,,82,82,,66.2,67.5,65,75.4,77.4,73.4
2025-01-01T06:00:00Z,53,53,,80,80,,160.3,160.3,160.3,170.8,172.3,169.4
2025-01-01T12:00:00Z,48,48,,83,83,,53.6,54.6,52.7,63.5,64.9,62.1
2025-01-01T18:00:00Z,45,45,,84,84,,26.1,28.4,23.8,27.8,30.5,25
2025-01-02T00:00:00Z,51,51,,80,80,,32.3,34.1,30.5,35.9,39,32.9
2025-01-02T06:00:00Z,55,55,,79,79,,31.4,34.1,28.7,35,39.1,30.9
2025-01-02T12:00:00Z,52,52,,81,81,,36.4,38.3,34.5,42.4,45.5,39.3
2025-01-02T18:00:00Z,46,46,,84,84,,27,29.3,24.6,29.4,32.3,26.5
2025-01-03T00:00:00Z,52,52,,80,80,,31.8,34.1,29.6,35,38.4,31.7
2025-01-03T06:00:00Z,58,58,,78,78,,30.8,33.8,27.9,33.8,38.1,29.5
2025-01-03T12:00:00Z,53,53,,83,83,,52.6,54.1,51.1,61.1,63,59.2
2025-01-03T18:00:00Z,44,44,,86,86,,28.6,30.7,26.5,30.7,33.2,28.2
2025-01-04T00:00:00Z,49,49,,82,82,,30.7,32.8,28.6,33.7,36.9,30.6
2025-01-04T06:00:00Z,53,53,,80,80,,32.7,34.5,30.8,36.6,39.6,33.7
2025-01-04T12:00:00Z,45,45,,86,86,,52.1,59.2,44.9,60.4,68,52.8
2025-01-04T18:00:00Z,39,39,,88,88,,26.9,33.2,20.6,29.4,37.3,21.5
2025-01-05T00:00:00Z,51,51,,82,82,,29.1,31.6,26.6,31.1,34.5,27.8
2025-01-05T06:00:00Z,53,53,,80,80,,26.1,29.6,22.7,27.3,31.2,23.4
2025-01-05T12:00:00Z,46,46,,86,86,,35.7,37.6,33.8,40.7,43.5,37.8
2025-01-05T18:00:00Z,44,44,,86,86,,22.7,25.4,20,23.4,26.3,20.5
2025-01-06T00:00:00Z,49,49,,82,82,,22.2,24.7,19.6,23,25.7,20.3
2025-01-06T06:00:00Z,52,52,,81,81,,20.5,24.7,16.2,21.1,25.5,16.7
2025-01-06T12:00:00Z,47,47,,85,85,,30.4,33.1,27.7,33.1,37.1,29
2025-01-06T18:00:00Z,42,42,,87,87,,24.4,27.4,21.3,25.5,29,22
2025-01-07T00:00:00Z,49,49,,83,83,,23.2,26.3,20,24.3,27.8,20.9
2025-01-07T06:00:00Z,54,54,,80,80,,18.4,22.9,13.9,19,23.7,14.3
2025-01-07T12:00:00Z,48,48,,85,85,,33.1,35.5,30.6,37.5,40.8,34.1
2025-01-07T18:00:00Z,44,44,,86,86,,22.4,25.7,19,23.2,26.8,19.7
2025-01-08T00:00:00Z,52,52,,82,82,,22.6,25.9,19.4,23.6,27,20.2
2025-01-08T06:00:00Z,53,53,,80,80,,19.9,23.2,16.5,20.5,24,17
2025-01-08T12:00:00Z,48,48,,83,83,,22,24.8,19.1,23.1,26.2,20
2025-01-08T18:00:00Z,45,45,,85,85,,20.7,23.6,17.8,21.5,24.6,18.5
2025-01-09T00:00:00Z,53,53,,80,80,,26,28.8,23.1,27.3,30.5,24
2025-01-09T06:00:00Z,57,57,,78,78,,27,30.3,23.8,28.6,32.6,24.7
2025-01-09T12:00:00Z,51,51,,82,82,,41.5,43,39.9,49.6,52.1,47.1
2025-01-09T18:00:00Z,45,45,,84,84,,27,29.6,24.4,29.2,32.4,26.1
2025-01-10T00:00:00Z,45,45,,81,81,,21.3,24.7,18,22.5,26.1,19
2025-01-10T06:00:00Z,51,51,,79,79,,21.5,26,17.1,22.6,27.3,17.8
2025-01-10T12:00:00Z,45,45,,84,84,,46.5,54.5,38.6,53.7,61.9,45.5
2025-01-10T18:00:00Z,40,40,,86,86,,47.7,70.4,24.9,50.1,73,27.2
2025-01-11T00:00:00Z,48,48,,81,81,,25.9,29.5,22.2,27.3,31.4,23.1
2025-01-11T06:00:00Z,54,54,,79,79,,24.5,28.9,20.1,26.3,31.4,21.2
2025-01-11T12:00:00Z,50,50,,82,82,,40,41.5,38.5,47,49.4,44.6
2025-01-11T18:00:00Z,43,43,,86,86,,25.2,28.1,22.2,26.6,30,23.2
2025-01-12T00:00:00Z,49,49,,82,82,,26.9,29.8,24,28.3,31.8,24.8
2025-01-12T06:00:00Z,54,54,,79,79,,26.7,32.4,21,28.7,35.7,21.7
2025-01-12T12:00:00Z,47,47,,85,85,,34.9,37.5,32.3,39.8,43.8,35.8
2025-01-12T18:00:00Z,40,40,,87,87,,26.4,33.3,19.4,28.8,37.5,20.1
2025-01-13T00:00:00Z,49,49,,82,82,,23.1,26.7,19.4,24,27.8,20.1
2025-01-13T06:00:00Z,54,54,,79,79,,28.2,32.7,23.7,31,36.3,25.6
2025-01-13T12:00:00Z,48,48,,84,84,,37.3,39.1,35.5,43.7,46.3,41.1
2025-01-13T18:00:00Z,42,42,,87,87,,20.7,23.4,18,21.4,24.2,18.6
2025-01-14T00:00:00Z,47,47,,83,83,,24.6,27.9,21.4,25.9,29.4,22.3
2025-01-14T06:00:00Z,53,53,,80,80,,23.4,27.8,19,24.3,29,19.6
2025-01-14T12:00:00Z,45,45,,86,86,,36.6,37.2,36,42.3,43.4,41.2
2025-01-14T18:00:00Z,39,39,,89,89,,23.9,27.8,20,25.4,30,20.7
2025-01-15T00:00:00Z,45,45,,83,83,,20.1,23.5,16.7,20.9,24.5,17.4
2025-01-15T06:00:00Z,54,54,,80,80,,23.3,28.5,18.1,24.5,30.3,18.7
2025-01-15T12:00:00Z,48,48,,84,84,,39.8,41.4,38.1,47,49.6,44.4
2025-01-15T18:00:00Z,41,41,,88,88,,25.7,29,22.4,27.2,31.2,23.3
2025-01-16T00:00:00Z,51,51,,81,81,,32.2,34.4,30.1,35.9,39.4,32.4
2025-01-16T06:00:00Z,56,56,,79,79,,27.6,31.8,23.4,29.7,35.1,24.3
2025-01-16T12:00:00Z,45,45,,86,86,,38.3,43.7,32.9,45,52.4,37.6
2025-01-16T18:00:00Z,40,40,,88,88,,33.1,50.2,16,36.6,56.6,16.6
2025-01-17T00:00:00Z,47,47,,83,83,,24.3,27.3,21.4,25.9,29.3,22.5
2025-01-17T06:00:00Z,55,55,,80,80,,24.7,29.4,20,25.9,31.2,20.7
2025-01-17T12:00:00Z,48,48,,85,85,,33.6,35.9,31.4,38.3,41.5,35.2
2025-01-17T18:00:00Z,40,40,,88,88,,18.1,21.3,14.9,18.7,22,15.4
2025-01-18T00:00:00Z,44,44,,85,85,,24.2,27.4,21.1,25.7,29.5,22
2025-01-18T06:00:00Z,52,52,,81,81,,24.4,28,20.7,26,30.1,21.8
2025-01-18T12:00:00Z,43,43,,87,87,,30.2,34,26.3,33.8,38.7,28.8
2025-01-18T18:00:00Z,37,37,,90,90,,24.2,32.6,15.7,26.2,36,16.3
2025-01-19T00:00:00Z,47,47,,84,84,,21.6,24.5,18.8,22.5,25.6,19.5
2025-01-19T06:00:00Z,54,54,,80,80,,23,27.9,18.1,23.9,29.1,18.6
2025-01-19T12:00:00Z,50,50,,83,83,,38.8,40.5,37.1,45.4,48.1,42.7
2025-01-19T18:00:00Z,45,45,,85,85,,30.6,32.7,28.6,33.5,36.5,30.6
2025-01-20T00:00:00Z,51,51,,81,81,,25.5,28.5,22.4,26.9,30.4,23.4
2025-01-20T06:00:00Z,56,56,,79,79,,34.5,37.9,31.1,39.5,44.2,34.9
2025-01-20T12:00:00Z,50,50,,83,83,,42.3,43.7,40.8,50.8,53,48.5
2025-01-20T18:00:00Z,45,45,,85,85,,27.6,29.8,25.4,29.5,32.3,26.7
2025-01-21T00:00:00Z,51,51,,81,81,,32.3,34.5,30.2,36.7,40.2,33.2
2025-01-21T06:00:00Z,55,55,,78,78,,29.9,33.4,26.3,32.8,37.5,28
2025-01-21T12:00:00Z,49,49,,83,83,,46.9,48.4,45.4,57.6,59.8,55.3
2025-01-21T18:00:00Z,41,41,,87,87,,35,39,31.1,40.5,46.1,34.8
2025-01-22T00:00:00Z,47,47,,83,83,,27.7,30.7,24.6,29.8,33.5,26.2
2025-01-22T06:00:00Z,55,55,,80,80,,32.2,35.6,28.9,36.2,40.6,31.7
2025-01-22T12:00:00Z,47,47,,85,85,,41.5,43.5,39.6,49.8,52.9,46.7
2025-01-22T18:00:00Z,39,39,,88,88,,29.5,32.8,26.1,32.5,37.1,28
2025-01-23T00:00:00Z,49,49,,83,83,,25.4,28.5,22.3,27,30.4,23.5
2025-01-23T06:00:00Z,54,54,,81,81,,32.9,35.2,30.6,38,40.7,35.2
2025-01-23T12:00:00Z,49,49,,83,83,,45.5,46.9,44.1,54.6,56.7,52.5
2025-01-23T18:00:00Z,44,44,,86,86,,22.4,25,19.7,23.3,26.1,20.4
2025-01-24T00:00:00Z,50,50,,82,82,,23.5,26.1,21,24.8,27.6,22
2025-01-24T06:00:00Z,55,55,,79,79,,23.6,28.4,18.8,25.2,30.6,19.7
2025-01-24T12:00:00Z,48,48,,84,84,,40.7,42.3,39.1,48.7,51.1,46.3
2025-01-24T18:00:00Z,45,45,,85,85,,21.7,23.8,19.6,22.7,25,20.4
2025-01-25T00:00:00Z,52,52,,81,81,,23,26,20.1,24.2,27.4,20.9
2025-01-25T06:00:00Z,54,54,,80,80,,36.7,38.6,34.9,42.7,45.4,40
2025-01-25T12:00:00Z,49,49,,84,84,,41.7,43.2,40.3,50,52.1,47.8
2025-01-25T18:00:00Z,43,43,,86,86,,20.6,23.8,17.4,21.4,24.8,18.1
2025-01-26T00:00:00Z,50,50,,82,82,,29.5,32,27,32.2,35.7,28.6
2025-01-26T06:00:00Z,52,52,,80,80,,30.6,34.1,27.1,33.9,38.9,28.8
2025-01-26T12:00:00Z,46,46,,85,85,,28.6,31.4,25.9,31.3,35,27.7
2025-01-26T18:00:00Z,41,41,,87,87,,19.5,22.7,16.2,20.2,23.5,16.9
2025-01-27T00:00:00Z,49,49,,83,83,,23.3,26.2,20.3,24.2,27.3,21.1
2025-01-27T06:00:00Z,55,55,,80,80,,26.1,29.8,22.4,27.6,32,23.3
2025-01-27T12:00:00Z,48,48,,86,86,,42.2,45,39.3,50.4,54.5,46.4
2025-01-27T18:00:00Z,44,44,,87,87,,33,35.9,30.1,36.9,41.2,32.5
2025-01-28T00:00:00Z,50,50,,83,83,,27.2,30.2,24.3,29.4,32.9,25.8
2025-01-28T06:00:00Z,54,54,,81,81,,29,31.6,26.4,31.7,35,28.3
2025-01-28T12:00:00Z,46,46,,86,86,,38.4,42.1,34.6,45.3,50.7,40
2025-01-28T18:00:00Z,39,39,,89,89,,31.9,39.7,24.1,35.9,46.6,25.3
2025-01-29T00:00:00Z,48,48,,85,85,,29.2,32,26.4,31.6,35.5,27.7
2025-01-29T06:00:00Z,53,53,,82,82,,31,33.4,28.6,34.5,38,31.1
2025-01-29T12:00:00Z,48,48,,86,86,,44.8,46.9,42.7,54.4,57.2,51.6
2025-02-01T12:00:00Z,43,43,,89,89,,44.4,50.5,38.3,52.9,60.6,45.3
2025-02-01T18:00:00Z,44,44,,87,87,,30.4,35.5,25.3,33.1,39.7,26.5
2025-02-02T00:00:00Z,51,51,,84,84,,30.1,32.3,27.9,32.6,35.8,29.3
2025-02-02T06:00:00Z,54,54,,82,82,,26.8,29.8,23.9,28.4,31.9,25
2025-02-02T12:00:00Z,50,50,,86,86,,42.3,44.1,40.6,50.5,53.1,47.9
2025-02-02T18:00:00Z,47,47,,86,86,,35.5,37.6,33.5,40.7,43.6,37.9
2025-02-03T00:00:00Z,49,49,,83,83,,31.2,33.1,29.2,34.2,37.1,31.2
2025-02-03T06:00:00Z,53,53,,82,82,,30.1,32.6,27.6,33,36.4,29.6
2025-02-03T12:00:00Z,48,48,,86,86,,46.3,50,42.6,55,59.8,50.3
2025-02-03T18:00:00Z,39,39,,90,90,,31.2,40.2,22.2,34.8,46.7,22.9
2025-02-04T00:00:00Z,47,47,,85,85,,29,31.3,26.8,31,34.1,27.9
2025-02-04T06:00:00Z,53,53,,82,82,,30.2,32.5,27.9,33.5,36.6,30.3
2025-02-04T12:00:00Z,44,44,,88,88,,37.1,42.1,32.2,43.4,50.5,36.3
2025-02-04T18:00:00Z,40,40,,89,89,,32.5,43.6,21.4,36.4,50.5,22.3
2025-02-05T00:00:00Z,46,46,,86,86,,28.6,31,26.3,31.3,34.5,28.2
2025-02-05T06:00:00Z,54,54,,82,82,,26.3,28.6,23.9,28,30.8,25.1
2025-02-05T12:00:00Z,52,52,,85,85,,32.7,34.4,31,36.8,39.6,33.9
2025-02-05T18:00:00Z,42,42,,89,89,,40.5,56.7,24.3,44.1,62.8,25.4
2025-02-06T00:00:00Z,55,55,,84,84,,34.2,36.2,32.2,38.5,41.5,35.5
2025-02-06T06:00:00Z,58,58,,82,82,,39.1,40.2,38.1,46.4,48.1,44.6
2025-02-06T12:00:00Z,47,47,,88,88,,49.5,51.8,47.2,58,60.6,55.4
2025-02-06T18:00:00Z,48,48,,87,87,,37,42.5,31.5,41.7,48.9,34.6
2025-02-07T00:00:00Z,56,56,,84,84,,42.8,43.7,42,51.7,53.1,50.2
2025-02-07T06:00:00Z,59,59,,82,82,,37.4,38.5,36.3,43.9,45.7,42
2025-02-07T12:00:00Z,55,55,,85,85,,53,55.2,50.7,63.6,65.8,61.4
2025-02-07T18:00:00Z,46,46,,88,88,,30.6,33.5,27.7,34.1,38,30.2
2025-02-08T00:00:00Z,51,51,,85,85,,35.2,36.4,34,40.6,42.6,38.6
2025-02-08T06:00:00Z,52,52,,83,83,,38,39,37,44.9,46.7,43
2025-02-08T12:00:00Z,51,51,,85,85,,47.1,47.5,46.8,57.4,58.2,56.6
2025-02-08T18:00:00Z,48,48,,86,86,,27.5,29.6,25.3,29.2,32,26.4
2025-02-09T00:00:00Z,53,53,,84,84,,29.6,31.2,28.1,31.9,34,29.7
2025-02-09T06:00:00Z,57,57,,82,82,,24.2,26.6,21.8,25.2,27.8,22.6
2025-02-09T12:00:00Z,48,48,,87,87,,37.3,41.4,33.2,42.9,48.4,37.3
2025-02-09T18:00:00Z,41,41,,90,90,,21.4,24.1,18.8,22.2,24.9,19.5
2025-02-10T00:00:00Z,50,50,,85,85,,22.9,24.7,21.1,23.9,25.8,21.9
2025-02-10T06:00:00Z,54,54,,83,83,,28,29.4,26.6,29.9,31.6,28.1
2025-02-10T12:00:00Z,47,47,,87,87,,33.1,36.5,29.7,37.4,42.2,32.5
2025-02-10T18:00:00Z,41,41,,90,90,,23.4,28.6,18.1,24.8,30.9,18.7
2025-02-11T00:00:00Z,46,46,,87,87,,30.4,35.7,25.1,34,40.9,27.1
2025-02-11T06:00:00Z,51,51,,85,85,,25.4,27.3,23.5,26.9,29.2,24.7
2025-02-11T12:00:00Z,42,42,,90,90,,30.9,33.4,28.3,34.1,37.6,30.5
2025-02-11T18:00:00Z,36,36,,93,93,,19.8,22.9,16.7,20.5,23.7,17.3
2025-02-12T00:00:00Z,44,44,,88,88,,24.6,27.2,22,25.9,28.8,23
2025-02-12T06:00:00Z,51,51,,85,85,,22.9,25.1,20.7,23.8,26.1,21.5
2025-02-12T12:00:00Z,49,49,,88,88,,51.8,58.5,45,59.8,65.7,53.9
2025-02-12T18:00:00Z,53,53,,87,87,,70.5,84.2,56.7,78.3,90.6,65.9
2025-02-13T00:00:00Z,60,60,,84,84,,51.4,51.7,51.1,62.5,63,61.9
2025-02-13T06:00:00Z,62,62,,83,83,,53.6,53.9,53.4,64.2,64.7,63.6
2025-02-13T12:00:00Z,53,53,,88,88,,75.5,76.7,74.3,81,82.4,79.6
2025-02-13T18:00:00Z,43,43,,91,91,,25.5,30,21,27.1,32.2,22
2025-02-14T00:00:00Z,47,47,,88,88,,29.1,31.9,26.2,32.2,36,28.4
2025-02-14T06:00:00Z,55,55,,84,84,,23.7,25.9,21.5,24.7,27.1,22.2
2025-02-14T12:00:00Z,48,48,,89,89,,43.7,47.1,40.3,51.1,54.8,47.4
2025-02-14T18:00:00Z,43,43,,92,92,,30.2,35.9,24.4,33.7,41.1,26.4
2025-02-15T00:00:00Z,51,51,,87,87,,32.6,34.8,30.5,36.8,39.9,33.6
2025-02-15T06:00:00Z,56,56,,83,83,,25.3,27.3,23.3,26.9,29.3,24.6
2025-02-15T12:00:00Z,51,51,,87,87,,31.7,33.9,29.4,35.5,38.5,32.5
2025-02-15T18:00:00Z,46,46,,89,89,,19.9,25.6,14.1,21,27.2,14.7
2025-02-16T00:00:00Z,52,52,,86,86,,23.9,26.7,21.1,24.9,27.9,21.8
2025-02-16T06:00:00Z,58,58,,83,83,,28.2,30,26.4,30.6,32.8,28.5
2025-02-16T12:00:00Z,53,53,,86,86,,38.6,40.7,36.5,45.3,48.5,42.1
2025-02-16T18:00:00Z,48,48,,87,87,,39.9,58.9,20.9,43,64.2,21.8
2025-02-17T00:00:00Z,53,53,,84,84,,29,30.9,27,30.9,33.7,28.2
2025-02-17T06:00:00Z,56,56,,83,83,,19.1,21.8,16.4,19.8,22.6,17
2025-02-17T12:00:00Z,49,49,,88,88,,36.1,40.2,32,42,47.6,36.5
2025-02-17T18:00:00Z,41,41,,91,91,,20.5,27.5,13.5,21.7,29.3,14.1
2025-02-18T00:00:00Z,52,52,,85,85,,28,38.4,17.7,29.2,40,18.3
2025-02-18T06:00:00Z,57,57,,82,82,,20.7,23.3,18,21.3,24.1,18.5
2025-02-18T12:00:00Z,51,51,,86,86,,36.5,40,32.9,42.1,46.7,37.4
2025-02-18T18:00:00Z,44,44,,89,89,,29.1,39,19.2,32.7,45.4,19.9
2025-02-19T00:00:00Z,53,53,,84,84,,28.4,30.2,26.5,30,32.4,27.6
2025-02-19T06:00:00Z,56,56,,82,82,,29.7,31.8,27.7,32.7,35.5,29.8
2025-02-19T12:00:00Z,47,47,,88,88,,37.6,42,33.1,43.5,49.2,37.8
2025-02-19T18:00:00Z,41,41,,90,90,,25.6,32.7,18.5,28.1,36.7,19.4
2025-02-20T00:00:00Z,50,50,,85,85,,28.8,31,26.7,31,33.9,28.1
2025-02-20T06:00:00Z,53,53,,83,83,,26.5,28.8,24.2,28.3,30.9,25.6
2025-02-20T12:00:00Z,45,45,,88,88,,41.6,45.1,38.2,49.3,53.9,44.7
2025-02-20T18:00:00Z,38,38,,91,91,,27.4,34.7,20.1,30.3,39.2,21.5
2025-02-21T00:00:00Z,47,47,,86,86,,34.2,39.4,29,38.8,46.4,31.2
2025-02-21T06:00:00Z,51,51,,84,84,,30.6,32.6,28.6,34,37,31.1
2025-02-21T12:00:00Z,41,41,,90,90,,38.4,41.7,35.1,44.9,49.3,40.4
2025-02-21T18:00:00Z,34,34,,93,93,,21.4,27.7,15.1,22.8,29.8,15.8
2025-02-22T00:00:00Z,42,42,,88,88,,39.9,54.1,25.7,43.7,60.1,27.3
2025-02-22T06:00:00Z,50,50,,84,84,,24.5,27.3,21.7,26.1,29.3,22.9
2025-02-22T12:00:00Z,42,42,,90,90,,47,56.7,37.3,54.2,64.8,43.5
2025-02-22T18:00:00Z,37,37,,91,91,,23.4,31.6,15.1,25.3,34.7,15.8
2025-02-23T00:00:00Z,42,42,,88,88,,39.6,57.7,21.5,43,63.4,22.6
2025-02-23T06:00:00Z,50,50,,84,84,,20.3,23.6,17.1,21.2,24.6,17.9
2025-02-23T12:00:00Z,52,52,,87,87,,39.9,42.7,37.1,47,50.5,43.4
2025-02-23T18:00:00Z,40,40,,90,90,,21,26.7,15.3,21.9,28,15.8
2025-02-24T00:00:00Z,49,49,,85,85,,25,26.9,23.1,26.3,28.5,24.1
2025-02-24T06:00:00Z,56,56,,82,82,,22.6,25.6,19.6,23.9,27.3,20.6
2025-02-24T12:00:00Z,46,46,,89,89,,36.6,39.4,33.8,42.6,46.3,38.9
2025-02-24T18:00:00Z,40,40,,92,92,,24.7,31.8,17.7,27,35.3,18.6
2025-02-25T00:00:00Z,48,48,,87,87,,29.2,35.1,23.3,32.5,40.2,24.9
2025-02-25T06:00:00Z,54,54,,83,83,,25.7,28.1,23.2,27.4,30.2,24.5
2025-02-25T12:00:00Z,47,47,,89,89,,36.1,41.4,30.9,41.8,49.2,34.4
2025-02-25T18:00:00Z,41,41,,91,91,,25.7,36.8,14.6,28.4,41.8,15.1
2025-02-26T18:00:00Z,42,42,,90,90,,24.8,30.7,18.8,26.5,33.5,19.5
2025-02-27T00:00:00Z,53,53,,85,85,,29,30.5,27.5,31.2,33.4,29.1
2025-02-27T06:00:00Z,55,55,,83,83,,31.1,33.2,29,34.4,37.4,31.3
2025-02-27T12:00:00Z,47,47,,88,88,,34.9,38.4,31.4,40.1,45.1,35.1
2025-02-27T18:00:00Z,40,40,,92,92,,23.7,31.3,16.2,25.5,34.3,16.8
2025-02-28T00:00:00Z,48,48,,86,86,,27,29.7,24.3,28.8,32.2,25.4
2025-02-28T06:00:00Z,53,53,,83,83,,20.5,23.5,17.5,21.3,24.4,18.1
2025-02-28T12:00:00Z,47,47,,87,87,,33.9,37.4,30.4,38.4,43.4,33.4
2025-02-28T18:00:00Z,40,40,,91,91,,24.7,34.4,15,27,38.3,15.6
2025-03-01T00:00:00Z,49,49,,87,87,,47.3,69.8,24.7,49.5,73.1,25.9
2025-03-01T06:00:00Z,54,54,,83,83,,24.8,27.3,22.3,26,28.9,23.2
2025-03-01T12:00:00Z,47,47,,88,88,,39.1,42.3,35.8,45.9,50.5,41.4
2025-03-01T18:00:00Z,39,39,,91,91,,21,25.6,16.5,22.4,27.5,17.2
2025-03-02T00:00:00Z,47,47,,87,87,,27.1,29.9,24.3,29,32.5,25.5
2025-03-02T06:00:00Z,54,54,,84,84,,30.5,32.3,28.8,33.3,35.9,30.8
2025-03-02T12:00:00Z,45,45,,89,89,,42.5,50.8,34.2,49.4,58.9,40
2025-03-02T18:00:00Z,35,35,,91,91,,25.2,35.2,15.1,27.6,39.6,15.7
2025-03-03T00:00:00Z,41,41,,88,88,,26.1,29.9,22.2,27.7,32.2,23.1
2025-03-03T06:00:00Z,47,47,,86,86,,23.6,26.4,20.9,24.9,28,21.9
2025-03-03T12:00:00Z,42,42,,90,90,,33.9,38.6,29.1,38.5,45,32.1
2025-03-03T18:00:00Z,38,38,,92,92,,23.8,30.6,16.9,25.7,33.6,17.7
2025-03-04T00:00:00Z,49,49,,86,86,,39.1,41.3,36.9,43.3,46.1,40.5
2025-03-04T06:00:00Z,56,56,,82,82,,37,38.2,35.7,43,45.3,40.8
2025-03-04T12:00:00Z,51,51,,86,86,,49.1,53,45.1,59.2,63.5,54.8
2025-03-04T18:00:00Z,44,44,,89,89,,174,170.2,177.8,213.3,214.4,212.2
2025-03-05T00:00:00Z,52,52,,83,83,,30.2,32.3,28.2,32.9,35.8,30
2025-03-05T06:00:00Z,56,56,,81,81,,25.4,28.3,22.5,26.9,30.1,23.7
2025-03-05T12:00:00Z,49,49,,86,86,,36.1,38.4,33.9,41.5,45.1,37.9
2025-03-05T18:00:00Z,41,41,,89,89,,32.4,45.7,19,36.4,53,19.9
2025-03-06T00:00:00Z,49,49,,85,85,,35.1,40.9,29.2,38.7,45.8,31.6
2025-03-06T06:00:00Z,52,52,,82,82,,25.8,28.4,23.2,27.3,30.3,24.2
2025-03-06T12:00:00Z,45,45,,88,88,,35.8,39.2,32.5,41.4,46.3,36.6
2025-03-06T18:00:00Z,38,38,,90,90,,27.4,34.6,20.1,29.9,39,20.8
2025-03-07T00:00:00Z,43,43,,86,86,,26.8,29.3,24.2,28.7,31.8,25.5
2025-03-07T06:00:00Z,50,50,,84,84,,21.4,23.8,19,22.6,25.2,20
2025-03-07T12:00:00Z,44,44,,88,88,,36.1,41.7,30.5,42.1,49.7,34.5
2025-03-07T18:00:00Z,40,40,,90,90,,24.7,30.4,18.9,26.5,33.3,19.7
2025-03-08T00:00:00Z,49,49,,85,85,,28.6,31.2,26.1,30.7,34.1,27.4
2025-03-08T06:00:00Z,54,54,,82,82,,27.4,29.9,24.9,29.5,32.7,26.4
2025-03-08T12:00:00Z,51,51,,85,85,,47,48.8,45.3,57.3,59.6,55
2025-03-08T18:00:00Z,44,44,,88,88,,47.5,60.9,34.1,53.4,68,38.8
2025-03-09T00:00:00Z,52,52,,84,84,,39.5,39.4,39.5,46.8,47.1,46.5
2025-03-09T06:00:00Z,53,53,,83,83,,38.8,40.4,37.2,46.3,48.7,43.9
2025-03-09T12:00:00Z,46,46,,88,88,,51.1,55,47.2,60.9,64.4,57.4
2025-03-09T18:00:00Z,40,40,,90,90,,36.1,43.4,28.9,42,51.7,32.3
2025-03-10T00:00:00Z,45,45,,87,87,,30.2,32.4,28,33.4,36.5,30.2
2025-03-10T06:00:00Z,52,52,,83,83,,27.7,30.2,25.2,30.4,33.5,27.3
2025-03-10T12:00:00Z,46,46,,87,87,,42.8,46.3,39.3,51,55.4,46.5
2025-03-10T18:00:00Z,41,41,,90,90,,26.9,32.7,21.1,29.2,36.2,22.1
2025-03-11T00:00:00Z,50,50,,84,84,,30.1,32.1,28,32.7,35.5,29.8
2025-03-11T06:00:00Z,56,56,,81,81,,38.6,39.9,37.2,45.6,47.6,43.6
2025-03-11T12:00:00Z,49,49,,86,86,,38.2,40.2,36.2,44.6,47.6,41.7
2025-03-11T18:00:00Z,41,41,,89,89,,29,36.1,21.8,31.9,41.3,22.6
2025-03-12T00:00:00Z,49,49,,85,85,,23.6,26,21.3,24.6,27.1,22.1
2025-03-12T06:00:00Z,56,56,,81,81,,30.3,32.5,28.2,33.2,36,30.4
2025-03-12T12:00:00Z,50,50,,85,85,,38.7,40.5,37,45.8,48.3,43.3
2025-03-12T18:00:00Z,45,45,,87,87,,22.9,25.9,19.9,23.8,26.9,20.6
2025-03-13T00:00:00Z,50,50,,84,84,,26.5,29,24,27.9,30.8,25
2025-03-13T06:00:00Z,54,54,,82,82,,27.7,30.4,25.1,30.6,33.7,27.4
2025-03-13T12:00:00Z,47,47,,87,87,,45,48.7,41.3,54.1,58.8,49.5
2025-03-13T18:00:00Z,45,45,,88,88,,35.8,42.9,28.6,39.8,49.1,30.4
2025-03-14T00:00:00Z,53,53,,83,83,,37.8,39.1,36.6,44.2,46.3,42.1
2025-03-14T06:00:00Z,55,55,,80,80,,39.6,41.3,37.9,47.4,50,44.7
2025-03-14T12:00:00Z,47,47,,85,85,,35.5,37.4,33.5,41.4,44,38.8
2025-03-14T18:00:00Z,41,41,,89,89,,29.9,38.7,21,32.7,43.4,22
2025-03-15T00:00:00Z,51,51,,84,84,,35.1,36.5,33.7,40.2,42.5,38
2025-03-15T06:00:00Z,53,53,,82,82,,41.9,42.9,40.9,50.5,52.1,49
2025-03-15T12:00:00Z,45,45,,87,87,,51.9,61.2,42.5,59.8,69,50.7
2025-03-15T18:00:00Z,38,38,,89,89,,30.5,40.7,20.4,33.4,45.6,21.2
2025-03-16T00:00:00Z,47,47,,84,84,,30.6,32.6,28.7,33.7,36.6,30.7
2025-03-16T06:00:00Z,52,52,,82,82,,26.4,29.5,23.2,28,31.7,24.3
2025-03-16T12:00:00Z,48,48,,85,85,,47.4,53.7,41.1,54.8,61.1,48.5
2025-03-16T18:00:00Z,39,39,,88,88,,38,51.3,24.8,42,57.7,26.2
2025-03-17T00:00:00Z,47,47,,83,83,,23.7,26.7,20.6,24.6,27.8,21.4
2025-03-17T06:00:00Z,52,52,,80,80,,26.5,31.4,21.6,28.6,34.5,22.8
2025-03-17T12:00:00Z,45,45,,86,86,,43.6,47,40.1,51.9,56.2,47.6
2025-03-17T18:00:00Z,40,40,,88,88,,33.9,43.3,24.5,37.7,49.6,25.8
2025-03-18T00:00:00Z,48,48,,84,84,,26.5,29.6,23.4,28.2,31.9,24.6
2025-03-18T06:00:00Z,54,54,,80,80,,28,32.7,23.4,31,36.5,25.4
2025-03-18T12:00:00Z,47,47,,85,85,,36.6,38.5,34.7,42.7,45.6,39.8
2025-03-18T18:00:00Z,43,43,,86,86,,25.6,28.4,22.7,27.1,30.2,24
2025-03-19T00:00:00Z,49,49,,83,83,,28.3,30.9,25.6,30.4,33.9,27
2025-03-19T06:00:00Z,54,54,,80,80,,27,31.1,22.9,29,34.1,24
2025-03-19T12:00:00Z,48,48,,85,85,,38,41.8,34.3,43.6,48.4,38.8
2025-03-19T18:00:00Z,41,41,,88,88,,55.9,84.5,27.2,58.3,88.1,28.4
2025-03-20T00:00:00Z,49,49,,83,83,,32.5,34.3,30.8,36.2,39.2,33.2
2025-03-20T06:00:00Z,54,54,,80,80,,29.8,33.5,26.1,32.5,37.7,27.4
2025-03-20T12:00:00Z,48,48,,85,85,,42.3,43.7,40.9,51,53.3,48.8
2025-03-20T18:00:00Z,42,42,,86,86,,29.1,33.5,24.7,31.8,37.5,26.2
2025-03-21T00:00:00Z,49,49,,82,82,,29.4,31.7,27.1,32.5,35.5,29.4
2025-03-21T06:00:00Z,52,52,,81,81,,28.6,31.9,25.3,31.4,35.7,27.1
2025-03-21T12:00:00Z,44,44,,87,87,,42.6,45.9,39.2,51.7,56.4,47
2025-03-21T18:00:00Z,38,38,,89,89,,32.2,41.3,23.1,35.7,47.2,24.2
2025-03-22T00:00:00Z,48,48,,84,84,,28.5,30.8,26.2,30.6,33.6,27.5
2025-03-22T06:00:00Z,51,51,,81,81,,25.3,28.4,22.3,27,30.4,23.6
2025-03-22T12:00:00Z,45,45,,86,86,,44.1,49.2,39,52.3,58.2,46.4
2025-03-22T18:00:00Z,40,40,,89,89,,30.7,37.4,24.1,34.3,43.3,25.4
2025-03-23T00:00:00Z,47,47,,83,83,,25.5,28.1,22.9,26.9,29.8,24.1
2025-03-23T06:00:00Z,52,52,,80,80,,25.8,31.9,19.6,28,35.4,20.6
2025-03-23T12:00:00Z,46,46,,85,85,,35.5,38.4,32.5,40.8,45.1,36.5
2025-03-23T18:00:00Z,39,39,,90,90,,32.3,39.4,25.2,36.6,46.4,26.9
2025-03-24T00:00:00Z,48,48,,83,83,,23.6,26.8,20.5,25,28.5,21.5
2025-03-24T06:00:00Z,52,52,,81,81,,29.4,32.4,26.4,32.9,36.6,29.3
2025-03-24T12:00:00Z,47,47,,86,86,,37.5,39.6,35.4,44.3,47.6,41
2025-03-24T18:00:00Z,41,41,,89,89,,33,39.6,26.4,37.4,46.6,28.1
2025-03-25T00:00:00Z,48,48,,84,84,,28.9,32,25.8,31,35,27.1
2025-03-25T06:00:00Z,55,55,,80,80,,32.3,35.6,29.1,36.6,41,32.3
2025-03-25T12:00:00Z,47,47,,85,85,,40.3,41.6,39.1,48.2,50.3,46.2
2025-03-25T18:00:00Z,40,40,,89,89,,29.2,37.9,20.4,32,42.6,21.5
2025-03-26T00:00:00Z,48,48,,85,85,,38.6,47.9,29.3,41.8,51.8,31.7
2025-03-26T06:00:00Z,53,53,,82,82,,32.6,34.9,30.3,37.2,40.4,33.9
2025-03-26T12:00:00Z,44,44,,87,87,,39.7,43.3,36.2,47.4,52.4,42.3
2025-03-26T18:00:00Z,38,38,,89,89,,31,44.2,17.7,35.2,51.8,18.6
2025-03-27T00:00:00Z,45,45,,86,86,,41.8,55.9,27.7,44.4,59.3,29.6
2025-03-27T06:00:00Z,53,53,,83,83,,30,32.4,27.5,33.1,36.2,30
2025-03-27T12:00:00Z,46,46,,88,88,,41.6,44.4,38.9,49.4,53.1,45.7
2025-03-27T18:00:00Z,38,38,,91,91,,24.8,32.2,17.4,26.8,35.5,18.1
2025-03-28T00:00:00Z,47,47,,85,85,,27.5,30.3,24.7,29.4,32.8,25.9
2025-03-28T06:00:00Z,51,51,,82,82,,30.7,32.7,28.6,34,37.3,30.7
2025-03-28T12:00:00Z,45,45,,88,88,,40.4,45.4,35.4,47.6,53.9,41.3
2025-03-28T18:00:00Z,38,38,,91,91,,26.6,33.7,19.6,29.5,38.3,20.8
2025-03-29T00:00:00Z,46,46,,86,86,,36.3,40.2,32.5,42,47.4,36.5
2025-03-29T06:00:00Z,52,52,,82,82,,29.6,31.8,27.5,32.9,36,29.8
2025-03-29T12:00:00Z,47,47,,86,86,,42,44.5,39.5,50.5,53.9,47
2025-03-29T18:00:00Z,39,39,,90,90,,30.6,37.6,23.6,34.7,43.7,25.6
2025-03-30T00:00:00Z,49,49,,85,85,,29.7,33.4,26,32.9,37.7,28.1
2025-03-30T06:00:00Z,54,54,,81,81,,24.7,28.8,20.7,26.3,30.7,21.8
2025-03-30T12:00:00Z,47,47,,86,86,,41.4,49.9,32.9,46.9,56.5,37.3
2025-03-30T18:00:00Z,42,42,,88,88,,28,33.6,22.3,30.6,37.8,23.3
2025-03-31T00:00:00Z,50,50,,83,83,,26.5,29.1,23.9,28.2,31.2,25.1
2025-03-31T06:00:00Z,54,54,,80,80,,25.9,31.2,20.7,27.9,34,21.7
2025-03-31T12:00:00Z,47,47,,86,86,,44.1,45.9,42.2,53,55.3,50.7
2025-03-31T18:00:00Z,42,42,,89,89,,36.9,43.2,30.6,42.1,49.9,34.3
2025-04-01T00:00:00Z,48,48,,85,85,,32.6,33.4,31.7,36.7,38.4,35
2025-04-01T06:00:00Z,52,52,,81,81,,33.6,35.5,31.7,38.8,41.7,35.9
2025-04-01T12:00:00Z,44,44,,87,87,,43.7,47.2,40.2,52.9,57.4,48.5
2025-04-01T18:00:00Z,41,41,,88,88,,25.9,30.2,21.6,28,33.2,22.8
2025-04-02T00:00:00Z,47,47,,82,82,,27,29.5,24.4,28.9,32,25.9
2025-04-02T06:00:00Z,51,51,,80,80,,27.5,32.5,22.5,30.2,36.5,23.9
2025-04-02T12:00:00Z,45,45,,86,86,,45.5,50.7,40.4,54.7,60.8,48.6
2025-04-02T18:00:00Z,41,41,,87,87,,27.3,31.5,23.2,30.2,35.5,24.8
2025-04-03T00:00:00Z,49,49,,81,81,,25.9,29.9,21.9,27.9,32.6,23.2
2025-04-03T06:00:00Z,53,53,,79,79,,27.5,31.6,23.4,30.5,35.7,25.2
2025-04-03T12:00:00Z,48,48,,83,83,,40,41.5,38.6,48.5,50.7,46.2
2025-04-03T18:00:00Z,45,45,,84,84,,30,31.9,28.2,33.4,36.1,30.7
2025-04-04T00:00:00Z,52,52,,80,80,,26,29.5,22.5,28,32.1,23.9
2025-04-04T06:00:00Z,55,55,,78,78,,22.4,25.3,19.6,23.9,27.1,20.8
2025-04-04T12:00:00Z,48,48,,84,84,,38.3,40.4,36.2,45.4,48.6,42.2
2025-04-04T18:00:00Z,43,43,,86,86,,28.4,31.2,25.6,31.1,34.9,27.3
2025-04-05T00:00:00Z,50,50,,82,82,,26.1,29.7,22.6,27.8,31.8,23.7
2025-04-05T06:00:00Z,55,55,,79,79,,31.6,36.6,26.7,35.6,42.3,28.9
2025-04-05T12:00:00Z,50,50,,83,83,,45.7,46.9,44.6,55.7,57.7,53.8
2025-04-05T18:00:00Z,47,47,,84,84,,32.4,34.2,30.7,36.3,38.8,33.7
2025-04-06T00:00:00Z,50,50,,81,81,,29.1,33.2,24.9,31.6,37.2,26.1
2025-04-06T06:00:00Z,54,54,,79,79,,29.3,36.1,22.6,32.5,41.4,23.6
2025-04-06T12:00:00Z,49,49,,84,84,,37.6,39.2,36,43.9,46.3,41.5
2025-04-06T18:00:00Z,42,42,,86,86,,26.5,29.2,23.8,28.5,31.7,25.3
2025-04-07T00:00:00Z,50,50,,81,81,,26.9,30.6,23.2,28.7,33.2,24.3
2025-04-07T06:00:00Z,54,54,,79,79,,24,27.9,20.2,25.8,30.2,21.3
2025-04-07T12:00:00Z,49,49,,83,83,,38.9,40.5,37.4,46.3,48.6,44
2025-04-07T18:00:00Z,44,44,,86,86,,29.6,31.6,27.5,32.7,35.5,29.8
2025-04-08T00:00:00Z,50,50,,81,81,,24.9,28.3,21.5,26.4,30.2,22.6
2025-04-08T06:00:00Z,54,54,,79,79,,20.9,24.8,17.1,22.3,26.5,18.1
2025-04-08T12:00:00Z,49,49,,83,83,,41.3,43.9,38.8,49.8,53.5,46
2025-04-08T18:00:00Z,45,45,,85,85,,29,30.9,27,31.6,34.2,29
2025-04-09T00:00:00Z,51,51,,80,80,,27.8,33.7,22,30.4,37.7,23
2025-04-09T06:00:00Z,55,55,,78,78,,27.5,34.8,20.3,30.4,39.8,21.1
2025-04-09T12:00:00Z,49,49,,83,83,,39.7,41.5,37.9,47.1,49.8,44.3
2025-04-09T18:00:00Z,46,46,,84,84,,34.6,36.1,33.1,39.7,42.1,37.4
2025-04-10T00:00:00Z,53,53,,80,80,,36.3,39.7,32.9,41.9,47,36.8
2025-04-10T06:00:00Z,56,56,,78,78,,31.2,37,25.4,34.6,42.7,26.5
2025-04-10T12:00:00Z,50,50,,83,83,,40.1,41.4,38.8,47.6,49.6,45.5
2025-04-10T18:00:00Z,44,44,,85,85,,28.9,31.2,26.7,31.1,34.2,28
2025-04-11T00:00:00Z,51,51,,80,80,,30.1,33.1,27.2,32.9,37.2,28.7
2025-04-11T06:00:00Z,56,56,,78,78,,27.1,30.5,23.6,29.2,33.5,24.8
2025-04-11T12:00:00Z,50,50,,83,83,,45.9,47.1,44.6,55.9,57.8,53.9
2025-04-11T18:00:00Z,43,43,,86,86,,27.3,29.6,25,30,32.8,27.2
2025-04-12T00:00:00Z,50,50,,81,81,,34.8,36.9,32.7,40.5,44,37.1
2025-04-12T06:00:00Z,55,55,,78,78,,34.2,38.7,29.7,38.9,45.8,32.1
2025-04-12T12:00:00Z,50,50,,83,83,,44.1,45.2,43.1,53.5,55.3,51.8
2025-04-12T18:00:00Z,44,44,,85,85,,34,35.4,32.6,38.7,40.8,36.7
2025-04-13T00:00:00Z,52,52,,80,80,,37.9,40.2,35.6,45,48.4,41.6
2025-04-13T06:00:00Z,56,56,,78,78,,33.3,36.5,30.1,37.7,42.5,32.8
2025-04-13T12:00:00Z,49,49,,83,83,,44,44.8,43.1,53.1,54.4,51.7
2025-04-13T18:00:00Z,44,44,,85,85,,32.1,33.6,30.6,36,38.1,34
2025-04-14T00:00:00Z,51,51,,80,80,,31.8,34.1,29.5,35.8,39.3,32.3
2025-04-14T06:00:00Z,56,56,,77,77,,28.4,31.8,24.9,31.1,35.8,26.5
2025-04-14T12:00:00Z,47,47,,83,83,,38.8,40.1,37.6,45.9,47.9,44
2025-04-14T18:00:00Z,41,41,,86,86,,25.4,28.1,22.7,27.2,30.2,24.1
2025-04-15T00:00:00Z,51,51,,79,79,,29.5,33.6,25.4,32.6,38.3,26.9
2025-04-15T06:00:00Z,57,57,,76,76,,38,39.4,36.6,44.8,46.8,42.7
2025-04-15T12:00:00Z,50,50,,80,80,,50.5,51.5,49.5,62,63.4,60.5
2025-04-15T18:00:00Z,46,46,,82,82,,36,37.4,34.5,41.9,44.4,39.4
2025-04-16T00:00:00Z,53,53,,77,77,,34.4,36.7,32,39.4,43,35.7
2025-04-16T06:00:00Z,56,56,,75,75,,39.4,40.6,38.1,46.7,48.7,44.6
2025-04-16T12:00:00Z,49,49,,81,81,,52.5,53.4,51.6,60.3,61.8,58.8
2025-04-16T18:00:00Z,46,46,,81,81,,31.4,33.8,29,35.4,38.9,31.8
2025-04-17T00:00:00Z,52,52,,78,78,,43.3,46.9,39.8,52.6,57.5,47.7
2025-04-17T06:00:00Z,57,57,,75,75,,41.5,43.2,39.9,48.9,51.3,46.5
2025-04-17T12:00:00Z,51,51,,79,79,,53.8,54.4,53.1,65,65.9,64.2
2025-04-17T18:00:00Z,47,47,,81,81,,38.3,39.7,36.9,45.3,47.6,43
2025-04-18T00:00:00Z,53,53,,77,77,,34.2,36,32.4,39.2,42.1,36.2
2025-04-18T06:00:00Z,57,57,,75,75,,28.7,32,25.5,31.2,35.5,26.9
2025-04-18T12:00:00Z,49,49,,81,81,,46.7,47.5,45.9,56.9,58.2,55.6
2025-04-18T18:00:00Z,46,46,,82,82,,29.7,32.7,26.7,32.1,36.2,28
2025-04-19T00:00:00Z,53,53,,78,78,,35.1,39.5,30.8,40.1,46.5,33.7
2025-04-19T06:00:00Z,57,57,,76,76,,34.7,36.6,32.7,39.9,42.8,36.9
2025-04-19T12:00:00Z,51,51,,80,80,,45.6,46.4,44.7,55.2,56.5,54
2025-04-19T18:00:00Z,45,45,,83,83,,34.4,35.8,32.9,39.4,41.7,37.1
2025-04-20T00:00:00Z,53,53,,78,78,,31.3,35.4,27.3,34.8,40.5,29.2
2025-04-20T06:00:00Z,57,57,,76,76,,29.8,32.2,27.3,32.7,35.8,29.6
2025-04-20T12:00:00Z,50,50,,81,81,,38.5,39.4,37.5,45.2,46.8,43.5
2025-04-20T18:00:00Z,48,48,,81,81,,27.8,30.9,24.7,29.7,33.7,25.7
2025-04-21T00:00:00Z,53,53,,78,78,,29.7,32.9,26.6,32.7,37.2,28.1
2025-04-21T06:00:00Z,58,58,,76,76,,27.3,29.6,25.1,28.9,31.6,26.3
2025-04-21T12:00:00Z,51,51,,81,81,,45.9,46.8,45,55.7,57.2,54.2
2025-04-21T18:00:00Z,47,47,,83,83,,35.7,37.4,33.9,41,43.9,38.1
2025-04-22T00:00:00Z,54,54,,78,78,,39.8,44.1,35.5,46.9,53,40.8
2025-04-22T06:00:00Z,58,58,,76,76,,36.1,37.2,35,41.8,43.8,39.8
2025-04-22T12:00:00Z,52,52,,81,81,,65.6,65.9,65.3,74.5,75.2,73.8
2025-04-22T18:00:00Z,48,48,,82,82,,39.5,41.1,38,47,49.6,44.5
2025-04-23T00:00:00Z,54,54,,78,78,,33.6,36.8,30.3,37.9,42.7,33.1
2025-04-23T06:00:00Z,58,58,,76,76,,39.9,40.7,39.1,47.3,48.7,45.8
2025-04-23T12:00:00Z,52,52,,80,80,,55.8,57.6,54.1,64.8,67,62.6
2025-04-23T18:00:00Z,45,45,,83,83,,30.7,32.2,29.1,33.8,36,31.5
2025-04-24T00:00:00Z,52,52,,79,79,,38.5,42.4,34.6,45.6,51.2,39.9
2025-04-24T06:00:00Z,57,57,,76,76,,36.2,37.5,34.9,42.2,44.5,40
2025-04-24T12:00:00Z,51,51,,80,80,,47.5,48.7,46.3,58.3,60,56.6
2025-04-24T18:00:00Z,45,45,,83,83,,36.7,38.1,35.4,43.5,45.7,41.4
2025-04-25T00:00:00Z,51,51,,79,79,,38.7,41.7,35.6,46.3,50.8,41.8
2025-04-25T06:00:00Z,56,56,,77,77,,34.5,37.5,31.5,39.7,44.3,35.1
2025-04-25T12:00:00Z,50,50,,81,81,,49.4,50.9,47.8,60.3,62.3,58.4
2025-04-25T18:00:00Z,45,45,,83,83,,36.1,37.9,34.4,42.1,44.7,39.6
2025-04-26T00:00:00Z,52,52,,79,79,,37.6,41.4,33.8,44.2,49.9,38.6
2025-04-26T06:00:00Z,56,56,,76,76,,40.3,42.5,38.1,47.4,50.6,44.2
2025-04-26T12:00:00Z,51,51,,80,80,,51.8,53.6,49.9,62.3,64.3,60.4
2025-04-26T18:00:00Z,46,46,,82,82,,33.1,35.7,30.5,37.3,41.3,33.4
2025-04-27T00:00:00Z,53,53,,78,78,,42.2,46.7,37.8,50.6,56.3,44.8
2025-04-27T06:00:00Z,57,57,,75,75,,40.7,42.6,38.9,49,51.8,46.1
2025-04-27T12:00:00Z,51,51,,80,80,,61.1,63.2,58.9,69.5,71.7,67.4
2025-04-27T18:00:00Z,45,45,,82,82,,32,34.2,29.7,35.9,38.9,33
2025-04-28T00:00:00Z,51,51,,78,78,,39.2,45.7,32.8,46.3,55.5,37.1
2025-04-28T06:00:00Z,56,56,,75,75,,27,29.1,24.8,29.3,31.9,26.7
2025-04-28T12:00:00Z,52,52,,79,79,,48,50.3,45.7,58.4,60.9,55.9
2025-04-28T18:00:00Z,47,47,,81,81,,34.2,36.6,31.7,39.6,43.3,35.8
2025-04-29T00:00:00Z,53,53,,77,77,,31.7,35.1,28.4,35.3,40.2,30.4
2025-04-29T06:00:00Z,57,57,,75,75,,30.9,32.8,29.1,34.2,36.4,32
2025-04-29T12:00:00Z,52,52,,79,79,,54.2,55.6,52.8,64.8,66.4,63.2
2025-04-29T18:00:00Z,49,49,,80,80,,38.6,41.4,35.8,45.8,49.8,41.7
2025-04-30T00:00:00Z,55,55,,76,76,,41.6,43.2,40,49.2,51.6,46.8
2025-04-30T06:00:00Z,59,59,,74,74,,47.8,49,46.5,58.8,60.8,56.9
2025-04-30T12:00:00Z,54,54,,77,77,,59.2,60.9,57.5,70.5,72.1,69
2025-04-30T18:00:00Z,47,47,,81,81,,43.5,45,41.9,52.9,55.1,50.7
2025-05-01T00:00:00Z,55,55,,77,77,,45.2,47.4,43,54.7,57.8,51.7
2025-05-01T06:00:00Z,58,58,,74,74,,50.1,51.7,48.5,62.1,64.4,59.8
2025-05-01T12:00:00Z,52,52,,79,79,,58.7,61.5,55.9,69.3,72,66.7
2025-05-01T18:00:00Z,45,45,,81,81,,39.8,41.7,38,47.2,50.2,44.3
2025-05-02T00:00:00Z,53,53,,77,77,,33.7,36.8,30.6,38.3,42.9,33.6
2025-05-02T06:00:00Z,56,56,,76,76,,30,32.7,27.2,33,37,29
2025-05-02T12:00:00Z,50,50,,80,80,,52.2,53.8,50.6,63.5,65.4,61.7
2025-05-02T18:00:00Z,45,45,,82,82,,42,43.5,40.4,50.1,52.6,47.5
2025-05-03T00:00:00Z,53,53,,77,77,,33.4,37,29.8,37.8,43.2,32.4
2025-05-03T06:00:00Z,58,58,,75,75,,36.5,39.4,33.6,40.8,44.4,37.3
2025-05-03T12:00:00Z,51,51,,79,79,,51,52.9,49.1,61.7,64,59.4
2025-05-03T18:00:00Z,46,46,,81,81,,36.9,39.4,34.3,42.9,46.9,38.9
2025-05-04T00:00:00Z,53,53,,76,76,,32.9,35,30.7,36.9,40.6,33.1
2025-05-04T06:00:00Z,56,56,,75,75,,28.4,31.4,25.4,30.6,34.7,26.5
2025-05-04T12:00:00Z,52,52,,78,78,,44.2,46.8,41.5,52.3,55.5,49.1
2025-05-04T18:00:00Z,48,48,,80,80,,33.2,36.1,30.2,37.2,41.7,32.6
2025-05-05T00:00:00Z,53,53,,75,75,,32.4,35.9,29,36,41.4,30.5
2025-05-05T06:00:00Z,58,58,,74,74,,29.7,33.2,26.1,32.3,37.1,27.5
2025-05-05T12:00:00Z,50,50,,79,79,,42.9,45.1,40.8,51.8,54.9,48.6
2025-05-05T18:00:00Z,47,47,,81,81,,31.1,33.5,28.8,34.7,38.2,31.1
2025-05-06T00:00:00Z,55,55,,76,76,,39.9,41.6,38.1,47.7,50.6,44.9
2025-05-06T06:00:00Z,58,58,,74,74,,40.1,42.1,38.1,48.1,51,45.1
2025-05-06T12:00:00Z,49,49,,80,80,,44.8,46.3,43.2,54.8,57.1,52.5
2025-05-06T18:00:00Z,45,45,,82,82,,35,37.2,32.7,40.5,44.2,36.8
2025-05-07T00:00:00Z,53,53,,77,77,,35.4,39.7,31.1,40.5,47.2,33.9
2025-05-07T06:00:00Z,57,57,,75,75,,40.8,44,37.6,48.3,53,43.5
2025-05-07T12:00:00Z,52,52,,79,79,,52.9,55.6,50.2,63.1,65.9,60.2
2025-05-07T18:00:00Z,47,47,,80,80,,33.4,37,29.8,38.1,43.5,32.6
2025-05-08T00:00:00Z,54,54,,76,76,,34.3,37.8,30.9,39.2,44.3,34
2025-05-08T06:00:00Z,58,58,,73,73,,34,36.2,31.9,39.1,42.3,35.9
2025-05-08T12:00:00Z,53,53,,77,77,,60.4,63,57.9,70.4,72.8,68
2025-05-08T18:00:00Z,49,49,,79,79,,39.7,42,37.5,47.4,51,43.8
2025-05-09T00:00:00Z,56,56,,75,75,,32.8,35.4,30.1,37,41.4,32.6
2025-05-09T06:00:00Z,58,58,,73,73,,43.5,45.4,41.6,52.6,55.4,49.9
2025-05-09T12:00:00Z,54,54,,75,75,,45.5,48.2,42.8,55.3,59.1,51.6
2025-05-09T18:00:00Z,50,50,,78,78,,37.7,40.4,35.1,44.4,48.5,40.2
2025-05-10T00:00:00Z,57,57,,73,73,,44.1,45.8,42.3,53.5,56.1,50.9
2025-05-10T06:00:00Z,59,59,,72,72,,56.1,58.3,54,66,68.2,63.9
2025-05-10T12:00:00Z,54,54,,75,75,,76.5,81.8,71.3,83.8,89,78.5
2025-05-10T18:00:00Z,52,52,,76,76,,70.9,78.6,63.1,80.3,88.3,72.4
2025-05-11T00:00:00Z,56,56,,73,73,,40.1,42.2,38,47.9,51.1,44.7
2025-05-11T06:00:00Z,58,58,,72,72,,50.8,52.9,48.8,61.4,63.7,59
2025-05-11T12:00:00Z,53,53,,76,76,,73.8,77.7,69.8,82.5,86.5,78.6
2025-05-11T18:00:00Z,51,51,,77,77,,46.9,50.5,43.3,56.4,61.1,51.8
2025-05-12T00:00:00Z,57,57,,73,73,,39.8,41.6,38,47.3,50,44.5
2025-05-12T06:00:00Z,58,58,,73,73,,29.1,31.8,26.4,32.6,35.9,29.4
2025-05-12T12:00:00Z,53,53,,76,76,,49.4,53.2,45.7,60,64.1,55.9
2025-05-12T18:00:00Z,50,50,,77,77,,44.3,46.9,41.7,53.2,56.4,49.9
2025-05-13T00:00:00Z,56,56,,74,74,,40.4,42.1,38.8,48.4,51.1,45.8
2025-05-13T06:00:00Z,57,57,,73,73,,42.4,43.6,41.3,51.2,53.1,49.3
2025-05-13T12:00:00Z,56,56,,74,74,,46.1,47.5,44.7,56.6,58.8,54.5
2025-05-13T18:00:00Z,49,49,,77,77,,36.6,40.8,32.4,42.5,48.8,36.1
2025-05-14T00:00:00Z,57,57,,73,73,,46,47.2,44.9,56.3,58,54.6
2025-05-14T06:00:00Z,59,59,,72,72,,59,60.6,57.5,70.9,72.2,69.6
2025-05-14T12:00:00Z,55,55,,75,75,,66.3,68.4,64.3,76.1,78,74.2
2025-05-14T18:00:00Z,50,50,,77,77,,37.6,40,35.3,44.2,47.6,40.8
2025-05-15T00:00:00Z,54,54,,75,75,,35.5,37.9,33,41.2,44.8,37.6
2025-05-15T06:00:00Z,57,57,,73,73,,55.3,56.7,54,64,66,61.9
2025-05-15T12:00:00Z,51,51,,79,79,,69.5,72,67.1,77.2,79.5,74.9
2025-05-15T18:00:00Z,46,46,,82,82,,41,42.4,39.5,49.4,51.6,47.3
2025-05-16T00:00:00Z,55,55,,75,75,,42.5,44,41,51.2,53.4,48.9
2025-05-16T06:00:00Z,58,58,,73,73,,58,62.2,53.8,67.4,71.8,63
2025-05-16T12:00:00Z,53,53,,78,78,,66.7,69.1,64.3,76.4,79.2,73.7
2025-05-16T18:00:00Z,51,51,,79,79,,44.5,45.9,43.2,53.9,55.9,51.9
2025-05-17T00:00:00Z,58,58,,75,75,,51.7,52.7,50.8,62.4,63.7,61.1
2025-05-17T06:00:00Z,59,59,,73,73,,58.1,57.6,58.6,69.6,69.6,69.5
2025-05-17T12:00:00Z,52,52,,79,79,,56.7,56.9,56.4,68,68.6,67.3
2025-05-17T18:00:00Z,52,52,,79,79,,44.5,53.7,35.4,50.5,60.4,40.7
2025-05-18T00:00:00Z,58,58,,75,75,,47.8,50.4,45.1,57.6,60.6,54.6
2025-05-18T06:00:00Z,60,60,,73,73,,56.7,58.4,55,69,70.6,67.3
2025-05-18T12:00:00Z,57,57,,76,76,,71.2,73.2,69.2,80.3,82.3,78.2
2025-05-18T18:00:00Z,53,53,,78,78,,52.9,55.4,50.3,60.2,63.7,56.6
2025-05-19T00:00:00Z,59,59,,74,74,,44.2,44.7,43.6,53.5,54.5,52.5
2025-05-19T06:00:00Z,60,60,,73,73,,61.8,60.9,62.8,72.3,72,72.6
2025-05-19T12:00:00Z,60,60,,73,73,,65.4,67,63.7,75.8,77.5,74.2
2025-05-19T18:00:00Z,54,54,,76,76,,49.1,50.4,47.7,57.5,59.2,55.8
2025-05-20T00:00:00Z,59,59,,73,73,,46,46.1,45.8,56.2,56.7,55.6
2025-05-20T06:00:00Z,60,60,,72,72,,66.6,65.5,67.7,75.4,75,75.7
2025-05-20T12:00:00Z,60,60,,72,72,,63.4,63.1,63.7,73.8,74,73.6
2025-05-20T18:00:00Z,55,55,,74,74,,45.4,45.7,45,54.6,55.4,53.8
2025-05-21T00:00:00Z,58,58,,72,72,,38,38.8,37.2,45.2,46.6,43.7
2025-05-21T06:00:00Z,59,59,,72,72,,53.9,53.6,54.2,65.2,65.5,64.9
2025-05-21T12:00:00Z,55,55,,76,76,,58,58.3,57.6,70,70.7,69.2
2025-05-21T18:00:00Z,53,53,,77,77,,151.7,150.6,152.8,182.1,182.3,181.9
2025-05-22T00:00:00Z,57,57,,73,73,,61.7,61.3,62.1,78.5,78.2,78.8
2025-05-22T06:00:00Z,60,60,,72,72,,48.4,48.5,48.3,60.2,60.6,59.8
2025-05-22T12:00:00Z,58,58,,73,73,,57.1,58,56.2,68.7,69.7,67.8
2025-05-22T18:00:00Z,52,52,,76,76,,49.2,49.7,48.7,60.6,61.5,59.7
2025-05-23T00:00:00Z,56,56,,74,74,,45.5,45.9,45.2,55.9,56.6,55.2
2025-05-23T06:00:00Z,57,57,,73,73,,48.5,48.2,48.8,60,60,60
2025-05-23T12:00:00Z,55,55,,75,75,,58.2,57.6,58.7,69.4,69.4,69.3
2025-05-23T18:00:00Z,50,50,,76,76,,42.3,42.8,41.8,51.4,52.4,50.4
2025-05-24T00:00:00Z,54,54,,74,74,,47.8,48.1,47.5,60.2,60.8,59.5
2025-05-24T06:00:00Z,58,58,,73,73,,50,50.8,49.2,61.8,62.9,60.7
2025-05-24T12:00:00Z,57,57,,74,74,,48.3,48.5,48.2,59,59.6,58.5
2025-05-24T18:00:00Z,52,52,,75,75,,43.9,44.7,43.2,53.7,54.9,52.4
2025-05-25T00:00:00Z,54,54,,74,74,,52.7,52.9,52.6,64.5,65.1,63.8
2025-05-25T06:00:00Z,56,56,,73,73,,45.5,45.6,45.4,55.9,56.4,55.5
2025-05-25T12:00:00Z,53,53,,75,75,,54.7,56.7,52.7,66.7,68.6,64.9
2025-05-25T18:00:00Z,48,48,,77,77,,38.2,39.9,36.5,44.7,47.3,42.1
2025-05-26T00:00:00Z,51,51,,74,74,,35.7,36.9,34.6,41.4,43.3,39.4
2025-05-26T06:00:00Z,53,53,,73,73,,35.7,36.7,34.8,41.3,43.1,39.6
2025-05-26T12:00:00Z,51,51,,77,77,,44.3,45.7,42.9,53.7,55.8,51.6
2025-05-26T18:00:00Z,48,48,,79,79,,35.4,37.7,33.1,40.7,44.3,37.2
2025-05-27T00:00:00Z,54,54,,75,75,,37.2,38.3,36.2,44.1,45.8,42.5
2025-05-27T06:00:00Z,58,58,,73,73,,38.4,39.1,37.8,46,47.2,44.8
2025-05-27T12:00:00Z,56,56,,75,75,,70.4,69.3,71.5,78.4,78,78.8
2025-05-27T18:00:00Z,51,51,,78,78,,50.3,51.1,49.5,61.7,62.9,60.4
2025-05-28T00:00:00Z,57,57,,74,74,,50.3,50.2,50.4,62.2,62.2,62.1
2025-05-28T06:00:00Z,58,58,,73,73,,58.3,57.6,59,70,69.8,70.2
2025-05-28T12:00:00Z,57,57,,75,75,,72.2,70.3,74.1,81.8,81,82.6
2025-05-28T18:00:00Z,52,52,,78,78,,49.3,50.2,48.4,60.6,62,59.1
2025-05-29T00:00:00Z,57,57,,74,74,,63.6,61.3,65.8,73.8,72.8,74.7
2025-05-29T06:00:00Z,58,58,,72,72,,46.5,46.2,46.9,57.4,57.3,57.6
2025-05-29T12:00:00Z,56,56,,73,73,,52.6,51.6,53.6,64.5,64,65
2025-05-29T18:00:00Z,52,52,,75,75,,49.4,49.8,48.9,60.9,61.7,60.2
2025-05-30T00:00:00Z,56,56,,73,73,,46.2,46.1,46.2,56.7,56.9,56.5
2025-05-30T06:00:00Z,61,61,,71,71,,43.7,43.5,43.8,53.3,53.4,53.3
2025-05-30T12:00:00Z,59,59,,72,72,,42.4,42.4,42.5,50.8,51,50.6
2025-05-30T18:00:00Z,55,55,,73,73,,42.4,43,41.8,51,52.1,49.9
2025-05-31T00:00:00Z,56,56,,72,72,,47.4,47.3,47.6,58.4,58.5,58.3
2025-05-31T06:00:00Z,59,59,,71,71,,48,47.8,48.2,59.4,59.4,59.3
2025-05-31T12:00:00Z,62,62,,71,71,,48.8,48.4,49.2,60,59.9,60.1
2025-05-31T18:00:00Z,59,59,,72,72,,48.1,47.9,48.3,58.9,59,58.9
2025-06-01T00:00:00Z,56,56,,72,72,,54.2,52.9,55.6,64.6,64,65.2
2025-06-01T06:00:00Z,57,57,,72,72,,65,62.4,67.5,74.4,73.3,75.6
2025-06-01T12:00:00Z,61,61,,72,72,,57.4,56.4,58.4,69.5,69.2,69.8
2025-06-01T18:00:00Z,57,57,,73,73,,49.4,50,48.8,60.9,61.7,60.2
2025-06-02T00:00:00Z,58,58,,72,72,,50.1,49.7,50.5,62.6,62.4,62.8
2025-06-02T06:00:00Z,59,59,,71,71,,69.1,66.8,71.4,79.1,77.8,80.4
2025-06-02T12:00:00Z,59,59,,72,72,,71.2,69,73.4,81,79.8,82.1
2025-06-02T18:00:00Z,56,56,,74,74,,62,61.4,62.7,72.6,72.5,72.8
2025-06-03T00:00:00Z,58,58,,73,73,,59.4,57.8,61.1,71.5,70.8,72.1
2025-06-03T06:00:00Z,60,60,,72,72,,60.7,58.6,62.8,73.3,72.4,74.2
2025-06-03T12:00:00Z,58,58,,73,73,,63.3,61.5,65.1,75.5,74.8,76.3
2025-06-03T18:00:00Z,53,53,,76,76,,45.2,46.1,44.3,54.1,55.5,52.7
2025-06-04T00:00:00Z,58,58,,73,73,,62.1,60,64.1,72.1,71.2,73
2025-06-04T06:00:00Z,61,61,,72,72,,51.8,51.1,52.5,60,60.3,59.6
2025-06-04T12:00:00Z,61,61,,72,72,,38.5,39.2,37.8,45.1,46.4,43.8
2025-06-04T18:00:00Z,56,56,,74,74,,37.1,38.5,35.8,43.2,45.5,41
2025-06-05T00:00:00Z,59,59,,72,72,,48.2,47.5,48.9,59.2,58.8,59.6
2025-06-05T06:00:00Z,62,62,,71,71,,42.3,42.1,42.5,51.9,52.1,51.8
2025-06-05T12:00:00Z,61,61,,72,72,,44.9,44.8,45,54.9,55.1,54.7
2025-06-05T18:00:00Z,56,56,,73,73,,43.9,44.1,43.7,51.9,52.7,51
2025-06-06T00:00:00Z,59,59,,72,72,,39.1,39.4,38.8,46.1,46.9,45.3
2025-06-06T06:00:00Z,62,62,,71,71,,42.3,42.2,42.4,51.5,51.8,51.1
2025-06-06T12:00:00Z,61,61,,72,72,,43.2,43.3,43,52.7,53.2,52.1
2025-06-06T18:00:00Z,56,56,,74,74,,45.5,45.5,45.4,55.5,55.8,55.1
2025-06-07T00:00:00Z,58,58,,72,72,,47.1,47.8,46.4,56.1,57,55.3
2025-06-07T06:00:00Z,58,58,,71,71,,47.5,47,47.9,58.8,58.8,58.9
2025-06-07T12:00:00Z,56,56,,72,72,,44.4,44.3,44.4,54.4,54.7,54.1
2025-06-07T18:00:00Z,52,52,,74,74,,51.5,50.8,52.1,62.1,62,62.1
2025-06-08T00:00:00Z,55,55,,73,73,,53.3,52.1,54.5,65,64.5,65.5
2025-06-08T06:00:00Z,58,58,,71,71,,40.3,40.4,40.2,48.3,48.8,47.8
2025-06-08T12:00:00Z,54,54,,73,73,,41.5,42,41,49.8,50.8,48.9
2025-06-08T18:00:00Z,62,62,,71,71,,33,33.8,32.2,36.7,38.3,35
2025-06-09T00:00:00Z,56,56,,73,73,,34.5,35.8,33.2,39,40.9,37
2025-06-09T06:00:00Z,59,59,,73,73,,42.8,43.6,42,51.7,53,50.3
2025-06-09T12:00:00Z,55,55,,74,74,,52.2,51.9,52.5,65.3,65.7,64.9
2025-06-09T18:00:00Z,51,51,,76,76,,45.4,45.8,45,56,57,55
2025-06-10T00:00:00Z,,,,,,,44.3,44.1,44.5,54.4,54.4,54.4
2025-06-10T06:00:00Z,,,,,,,44.3,44,44.6,54.6,54.4,54.7
2025-06-10T12:00:00Z,,,,,,,48.8,50.3,47.3,59.1,60.7,57.5
2025-06-10T18:00:00Z,,,,,,,52.4,54.5,50.2,63.5,65.7,61.3
2025-06-11T00:00:00Z,,,,,,,52,51.1,52.9,64.7,64.1,65.3
2025-06-11T06:00:00Z,,,,,,,42.9,42.6,43.3,52.7,52.5,52.8
2025-06-11T12:00:00Z,,,,,,,59,59.6,58.3,69.2,70.1,68.2
2025-06-11T18:00:00Z,,,,,,,34.3,36.3,32.3,39.3,42.3,36.4
2025-06-12T00:00:00Z,,,,,,,37.8,39.2,36.5,44.9,47,42.7
2025-06-12T06:00:00Z,,,,,,,30.1,31.3,28.9,33.2,34.9,31.5
2025-06-12T12:00:00Z,,,,,,,46.6,47.6,45.6,56.2,57.3,55
2025-06-12T18:00:00Z,,,,,,,42.3,42.9,41.6,51,52.2,49.9
2025-06-13T00:00:00Z,,,,,,,49.3,48.2,50.4,61,59.9,62
2025-06-13T06:00:00Z,,,,,,,46.3,45.3,47.4,57.2,56.2,58.2
2025-06-13T12:00:00Z,,,,,,,41.7,42.4,41,50.2,51.5,49
2025-06-13T18:00:00Z,,,,,,,32.8,35,30.7,36.8,39.9,33.6
2025-06-14T00:00:00Z,,,,,,,38.5,39.3,37.7,45.4,46.9,44
2025-06-14T06:00:00Z,,,,,,,37.4,37.4,37.5,43.8,43.9,43.7
2025-06-14T12:00:00Z,,,,,,,44.4,44.1,44.6,53.9,53.8,53.9
2025-06-14T18:00:00Z,,,,,,,42.6,42.7,42.6,51.8,52.1,51.5
2025-06-15T00:00:00Z,,,,,,,40.6,40.8,40.5,49.1,49.4,48.7
2025-06-15T06:00:00Z,,,,,,,50.6,49.2,52.1,62.8,62,63.6
2025-06-15T12:00:00Z,,,,,,,46.8,46.6,46.9,57.9,57.9,57.9
2025-06-15T18:00:00Z,,,,,,,36.8,38.3,35.2,42.4,44.6,40.2
2025-06-16T00:00:00Z,,,,,,,39.9,39.9,39.9,47.8,47.9,47.7
2025-06-16T06:00:00Z,,,,,,,33.4,33.8,33.1,38.2,39,37.5
2025-06-16T12:00:00Z,,,,,,,36.5,36.9,36.1,43,43.8,42.3
2025-06-16T18:00:00Z,,,,,,,47.9,52.4,43.5,56.8,61.3,52.3
2025-06-17T00:00:00Z,,,,,,,42.8,42.4,43.3,52.1,51.8,52.4
2025-06-17T06:00:00Z,,,,,,,22.3,24.3,20.2,23.7,25.9,21.5
2025-06-17T12:00:00Z,,,,,,,36.3,37,35.7,42.4,43.5,41.3
2025-06-17T18:00:00Z,,,,,,,45.6,45.1,46.1,55.7,55.7,55.7
2025-06-18T00:00:00Z,,,,,,,41.6,42.4,40.8,49.8,50.9,48.7
2025-06-18T06:00:00Z,,,,,,,37.5,37.4,37.6,44.2,44.3,44.1
2025-06-18T12:00:00Z,,,,,,,47.9,47.6,48.3,59.5,59.3,59.7
2025-06-18T18:00:00Z,,,,,,,39.1,39.4,38.8,46.4,47,45.8
2025-06-19T00:00:00Z,,,,,,,37.1,37.2,37,43.4,43.7,43.1
2025-06-19T06:00:00Z,,,,,,,35.3,35.4,35.2,40.5,40.9,40
2025-06-19T12:00:00Z,,,,,,,30.1,30.7,29.4,33,33.8,32.3
2025-06-19T18:00:00Z,,,,,,,33.1,33.5,32.7,36.9,37.5,36.2
2025-06-20T00:00:00Z,,,,,,,38.5,38.1,38.9,45.3,44.9,45.6
2025-06-20T06:00:00Z,,,,,,,40.6,39.7,41.4,48.3,47.3,49.2
2025-06-20T12:00:00Z,,,,,,,44.3,44,44.6,53.6,53.5,53.7
2025-06-20T18:00:00Z,,,,,,,51.2,49.8,52.7,63,61.9,64.1
2025-06-21T00:00:00Z,,,,,,,50.2,48.5,51.9,61.5,60.1,62.9
2025-06-21T06:00:00Z,,,,,,,36.8,36.4,37.1,43.2,43,43.3
2025-06-21T12:00:00Z,,,,,,,37.7,37.6,37.8,44,44.1,43.9
2025-06-21T18:00:00Z,,,,,,,45.6,44.8,46.4,55.2,54.5,55.9
2025-06-22T00:00:00Z,,,,,,,50.1,48.4,51.8,61.5,60.2,62.9
2025-06-22T06:00:00Z,,,,,,,33.2,33.3,33,37.2,37.6,36.8
2025-06-22T12:00:00Z,,,,,,,29.3,30.4,28.3,31.4,32.8,30.1
2025-06-22T18:00:00Z,,,,,,,30.9,31.7,30,33.2,34.5,31.9
2025-06-23T00:00:00Z,,,,,,,31.8,32.4,31.2,35,36,33.9
2025-06-23T06:00:00Z,,,,,,,37.2,36.8,37.5,43.4,43.2,43.7
2025-06-23T12:00:00Z,,,,,,,63.6,59.5,67.7,72.1,69.6,74.6
2025-06-23T18:00:00Z,,,,,,,57.9,57.4,58.4,68,68.1,67.9
2025-06-24T00:00:00Z,,,,,,,53.7,51.9,55.4,64.5,63.3,65.7
2025-06-24T06:00:00Z,,,,,,,63.5,60.1,66.8,73.1,71.1,75.1
2025-06-24T12:00:00Z,,,,,,,99.5,94.2,104.7,107.3,102.8,111.8
2025-06-24T18:00:00Z,,,,,,,36.6,38.8,34.3,42.4,46.1,38.7
2025-06-25T00:00:00Z,,,,,,,32.4,34,30.8,36.3,38.9,33.7
2025-06-25T06:00:00Z,,,,,,,33.3,33.9,32.7,37.7,38.7,36.7
2025-06-25T12:00:00Z,,,,,,,53.4,52.7,54.1,64.3,64.3,64.4
2025-06-25T18:00:00Z,,,,,,,38.4,39.5,37.4,45.5,47.4,43.5
2025-06-26T00:00:00Z,,,,,,,49.2,48.3,50.1,60.6,59.9,61.3
2025-06-26T06:00:00Z,,,,,,,45,44.5,45.5,55.7,55.3,56.1
2025-06-26T12:00:00Z,,,,,,,49.5,49.2,49.7,61.9,61.9,62
2025-06-26T18:00:00Z,,,,,,,47.2,48.2,46.1,58.5,60.1,56.8
2025-06-27T00:00:00Z,,,,,,,50.1,49.2,51,62.5,61.8,63.2
2025-06-27T06:00:00Z,,,,,,,38.8,38.5,39,46.7,46.7,46.7
2025-06-27T12:00:00Z,,,,,,,40.7,40.9,40.5,48.7,49.3,48.1
2025-06-27T18:00:00Z,,,,,,,28.9,30.7,27.2,31.4,33.7,29.1
2025-06-28T00:00:00Z,,,,,,,34.4,34.8,33.9,39,39.8,38.2
2025-06-28T06:00:00Z,,,,,,,34.4,34.6,34.1,40.4,41,39.8
2025-06-28T12:00:00Z,,,,,,,38.3,38.7,37.9,46,46.9,45.1
2025-06-28T18:00:00Z,,,,,,,41.3,41.5,41.1,49.8,50.3,49.2
2025-06-29T00:00:00Z,,,,,,,37.5,38,37,44,44.9,43.2
2025-06-29T06:00:00Z,,,,,,,28.3,29.2,27.3,30.5,31.7,29.4
2025-06-29T12:00:00Z,,,,,,,27.4,28.7,26.1,29.7,31.3,28.2
2025-06-29T18:00:00Z,,,,,,,37,37.1,36.8,42.6,42.9,42.3
2025-06-30T00:00:00Z,,,,,,,30.2,30.7,29.7,32.2,33,31.4
2025-06-30T06:00:00Z,,,,,,,37.6,37.4,37.9,44.9,44.9,44.8
2025-06-30T12:00:00Z,,,,,,,36.5,37,36.1,42.8,43.7,41.9
2025-06-30T18:00:00Z,,,,,,,40.5,40.7,40.3,48.5,49,47.9
2025-07-01T00:00:00Z,,,,,,,43.7,43,44.5,53.2,52.6,53.8
2025-07-01T06:00:00Z,,,,,,,40.5,40.2,40.9,49.5,49.6,49.5
2025-07-01T12:00:00Z,,,,,,,37.3,37.8,36.9,43.4,44.3,42.5
2025-07-01T18:00:00Z,,,,,,,38.3,38.6,38.1,45.3,45.9,44.8
2025-07-02T00:00:00Z,,,,,,,46,45.2,46.8,56.6,55.9,57.3
2025-07-02T06:00:00Z,,,,,,,47.5,46.4,48.6,59.1,57.9,60.2
2025-07-02T12:00:00Z,,,,,,,60.7,58.6,62.8,72.6,71,74.2
2025-07-02T18:00:00Z,,,,,,,47.7,50.3,45.1,57.8,60.2,55.4
2025-07-03T00:00:00Z,,,,,,,49,48.7,49.3,60.6,60.6,60.6
2025-07-03T06:00:00Z,,,,,,,54.4,52.6,56.2,67.3,66.1,68.5
2025-07-03T12:00:00Z,,,,,,,58.6,57.8,59.4,68,67.5,68.5
2025-07-03T18:00:00Z,,,,,,,56,59,53,67.4,70.5,64.3
2025-07-04T00:00:00Z,,,,,,,49.7,48.7,50.8,62.9,62,63.9
2025-07-04T06:00:00Z,,,,,,,49.6,48.6,50.5,61.8,61.1,62.6
2025-07-04T12:00:00Z,,,,,,,57.9,56.9,58.9,68.7,68.3,69.1
2025-07-04T18:00:00Z,,,,,,,62.7,62.1,63.4,73.3,73.5,73.1
2025-07-05T00:00:00Z,,,,,,,62,59,65,72.8,71.3,74.3
2025-07-05T06:00:00Z,,,,,,,39,39.2,38.8,46.6,47,46.2
2025-07-05T12:00:00Z,,,,,,,32.6,33.2,32,36.8,37.8,35.8
2025-07-05T18:00:00Z,,,,,,,36.6,37.2,36.1,42.7,43.8,41.6
2025-07-06T00:00:00Z,,,,,,,43.1,42.9,43.4,52.1,52,52.2
2025-07-06T06:00:00Z,,,,,,,35.1,35.3,35,41.2,41.8,40.5
2025-07-06T12:00:00Z,,,,,,,42,41.6,42.3,51,50.8,51.1
2025-07-06T18:00:00Z,,,,,,,38.8,39.1,38.5,45.8,46.5,45
2025-07-07T00:00:00Z,,,,,,,36.8,37,36.7,43,43.7,42.3
2025-07-07T06:00:00Z,,,,,,,33.8,34.7,32.8,38.8,40.5,37.2
2025-07-07T12:00:00Z,,,,,,,40.7,40.8,40.6,49.4,49.9,48.8
2025-07-07T18:00:00Z,,,,,,,46.1,50.1,42.1,55.2,59.8,50.6
2025-07-08T00:00:00Z,,,,,,,44.5,43.9,45.2,54.7,54.2,55.2
2025-07-08T06:00:00Z,,,,,,,45.9,44.8,47.1,56.2,55.3,57.1
2025-07-08T12:00:00Z,,,,,,,38.7,38.9,38.6,45.7,46.2,45.2
2025-07-08T18:00:00Z,,,,,,,35.4,36.1,34.6,40.8,42.3,39.2
2025-07-09T00:00:00Z,,,,,,,39.9,39.8,40,47.8,48,47.6
2025-07-09T06:00:00Z,,,,,,,34.5,34.9,34.1,39.9,40.9,38.9
2025-07-09T12:00:00Z,,,,,,,39.5,39.9,39.1,47.1,48,46.2
2025-07-09T18:00:00Z,,,,,,,36.6,37.6,35.7,42.7,44.5,41
2025-07-10T00:00:00Z,,,,,,,40.9,41,40.8,48.8,49.4,48.2
2025-07-10T06:00:00Z,,,,,,,44.6,44.2,45.1,55.1,55,55.1
2025-07-10T12:00:00Z,,,,,,,37.1,37.7,36.5,44.2,45.5,42.9
2025-07-10T18:00:00Z,,,,,,,37.9,38.6,37.1,44.7,46.1,43.4
2025-07-11T00:00:00Z,,,,,,,37.4,37.6,37.1,43.9,44.6,43.1
2025-07-11T06:00:00Z,,,,,,,39,39.2,38.8,46.9,47.7,46.2
2025-07-11T12:00:00Z,,,,,,,42.4,42.5,42.3,50.4,51.3,49.5
2025-07-11T18:00:00Z,,,,,,,43.8,43.6,44.1,54,54.1,53.9
2025-07-12T00:00:00Z,,,,,,,53.4,52.6,54.3,63,62.7,63.3
2025-07-12T06:00:00Z,,,,,,,60.7,58.5,62.9,72.4,71.4,73.5
2025-07-12T12:00:00Z,,,,,,,71.5,69,73.9,80.8,79.5,82.1
2025-07-12T18:00:00Z,,,,,,,41.1,42.2,40,48.9,50.6,47.1
2025-07-13T00:00:00Z,,,,,,,45.6,45.4,45.8,55.7,55.8,55.6
2025-07-13T06:00:00Z,,,,,,,48.1,47.7,48.4,60.1,60.1,60.1
2025-07-13T12:00:00Z,,,,,,,50.8,50.4,51.2,63.9,64,63.7
2025-07-13T18:00:00Z,,,,,,,42.6,44.2,41,51.2,53.5,48.9
2025-07-14T00:00:00Z,,,,,,,45.6,45.5,45.8,56,56.2,55.7
2025-07-14T06:00:00Z,,,,,,,54.6,53.5,55.7,67.6,67.1,68
2025-07-14T12:00:00Z,,,,,,,46.5,46.4,46.7,57.5,57.8,57.1
2025-07-14T18:00:00Z,,,,,,,39.6,40.2,39,47.6,48.7,46.5
2025-07-15T00:00:00Z,,,,,,,41.8,42.2,41.5,50.6,51.4,49.7
2025-07-15T06:00:00Z,,,,,,,34.7,36.1,33.3,39.5,41.8,37.2
2025-07-15T12:00:00Z,,,,,,,38.5,39.4,37.7,45.9,47.6,44.3
2025-07-15T18:00:00Z,,,,,,,36.9,37.9,35.8,43.4,45.3,41.4
2025-07-16T00:00:00Z,,,,,,,34.8,35.8,33.9,39.9,41.7,38
2025-07-16T06:00:00Z,,,,,,,26.3,28.8,23.7,27.7,30.6,24.8
2025-07-16T12:00:00Z,,,,,,,39.5,39.9,39.1,46.7,47.5,45.8
2025-07-16T18:00:00Z,,,,,,,44.4,44.6,44.1,53.7,54.3,53
2025-07-17T00:00:00Z,,,,,,,40.9,41.3,40.6,49,49.7,48.3
2025-07-17T06:00:00Z,,,,,,,42.7,42.8,42.6,51.8,52.1,51.5
2025-07-17T12:00:00Z,,,,,,,49.2,49.4,49,60.5,61,60
2025-07-17T18:00:00Z,,,,,,,50.6,51.1,50.1,63.1,64,62.1
2025-07-18T00:00:00Z,,,,,,,48.9,49.5,48.3,59.7,60.9,58.6
2025-07-18T06:00:00Z,,,,,,,48.7,48.8,48.6,60.8,61.4,60.2
2025-07-18T12:00:00Z,,,,,,,51.5,51.6,51.3,64,64.5,63.4
2025-07-18T18:00:00Z,,,,,,,46.6,47.1,46,57.6,58.7,56.5
2025-07-19T00:00:00Z,,,,,,,51.4,52,50.8,63.7,64.9,62.4
2025-07-19T06:00:00Z,,,,,,,49.2,50.5,48,60.6,62.7,58.4
2025-07-19T12:00:00Z,,,,,,,44.8,46.3,43.4,54.9,57.1,52.7
2025-07-19T18:00:00Z,,,,,,,43.2,44.1,42.2,52.5,54.1,51
2025-07-20T00:00:00Z,,,,,,,45.9,46.4,45.5,56.7,57.6,55.7
2025-07-20T06:00:00Z,,,,,,,45.8,46.1,45.5,56.7,57.5,55.8
2025-07-20T12:00:00Z,,,,,,,47.6,48.1,47.2,59.4,60.4,58.3
2025-07-20T18:00:00Z,,,,,,,41.5,42.6,40.5,50.3,51.9,48.7
2025-07-21T00:00:00Z,,,,,,,47.7,48,47.4,59.3,60.2,58.5
2025-07-21T06:00:00Z,,,,,,,48.1,48.3,48,60.1,60.7,59.5
2025-07-21T12:00:00Z,,,,,,,68.3,67.9,68.7,80.5,80.9,80.1
2025-07-21T18:00:00Z,,,,,,,45.9,48.2,43.7,53.7,56.7,50.7
2025-07-22T00:00:00Z,,,,,,,45.7,46.6,44.8,56.3,57.9,54.8
2025-07-22T06:00:00Z,,,,,,,50.5,51.5,49.4,62.8,64.5,61.1
2025-07-22T12:00:00Z,,,,,,,58.9,59.9,57.9,72.4,73.5,71.2
2025-07-22T18:00:00Z,,,,,,,41.9,45.2,38.6,50.8,55.6,46
2025-07-23T00:00:00Z,,,,,,,46.8,47.3,46.4,57.7,58.7,56.7
2025-07-23T06:00:00Z,,,,,,,49,49.4,48.6,61.1,62.1,60.2
2025-07-23T12:00:00Z,,,,,,,58.4,58.8,57.9,71.6,72.4,70.8
2025-07-23T18:00:00Z,,,,,,,40,41.1,38.8,47.8,49.9,45.8
2025-07-24T00:00:00Z,,,,,,,49.1,49.7,48.5,60.8,61.9,59.7
2025-07-24T06:00:00Z,,,,,,,48.6,49.1,48,59.9,61,58.7
2025-07-24T12:00:00Z,,,,,,,51.7,52.4,51,64.9,66.2,63.7
2025-07-24T18:00:00Z,,,,,,,39,41.1,36.9,46.8,50,43.5
2025-07-25T00:00:00Z,,,,,,,43.4,44,42.7,52.9,54.1,51.7
2025-07-25T06:00:00Z,,,,,,,48.8,49.1,48.5,61.1,62,60.1
2025-07-25T12:00:00Z,,,,,,,51.7,52.3,51.2,64.5,65.6,63.3
2025-07-25T18:00:00Z,,,,,,,39,41.8,36.3,46.4,50.6,42.2
2025-07-26T00:00:00Z,,,,,,,48.2,48.1,48.4,59.5,59.8,59.2
2025-07-26T06:00:00Z,,,,,,,53.6,53.2,53.9,66.7,66.9,66.5
2025-07-26T12:00:00Z,,,,,,,72.9,71.9,74,82.4,82.6,82.3
2025-07-26T18:00:00Z,,,,,,,35.9,37.6,34.3,41.5,44.3,38.7
2025-07-27T00:00:00Z,,,,,,,48.7,48.9,48.4,60.1,60.8,59.4
2025-07-27T06:00:00Z,,,,,,,43.3,43.7,42.8,52.9,53.9,51.8
2025-07-27T12:00:00Z,,,,,,,40.4,41.1,39.7,48.7,50.1,47.3
2025-07-27T18:00:00Z,,,,,,,38.8,39.5,38.1,46.3,47.7,44.9
2025-07-28T00:00:00Z,,,,,,,38.4,39.4,37.4,45.6,47.4,43.8
2025-07-28T06:00:00Z,,,,,,,40.2,41.1,39.4,48.5,50,47
2025-07-28T12:00:00Z,,,,,,,42.3,43.1,41.4,51.4,52.9,50
2025-07-28T18:00:00Z,,,,,,,33.7,35.2,32.2,38.4,40.9,35.9
2025-07-29T00:00:00Z,,,,,,,36.5,37.4,35.6,42.7,44.3,41.2
2025-07-29T06:00:00Z,,,,,,,44.2,44.5,44,53.7,54.4,53.1
2025-07-29T12:00:00Z,,,,,,,65.8,65.5,66.1,75.2,75.3,75
2025-07-29T18:00:00Z,,,,,,,48.5,49.4,47.6,59.9,61.3,58.6
2025-07-30T00:00:00Z,,,,,,,39.9,40.8,39.1,47.8,49.2,46.4
2025-07-30T06:00:00Z,,,,,,,48.1,48.4,47.9,59.9,60.6,59.2
2025-07-30T12:00:00Z,,,,,,,49.6,50.3,48.9,61.1,61.9,60.2
2025-07-30T18:00:00Z,,,,,,,39.3,41.1,37.5,46.1,48.7,43.5
2025-07-31T00:00:00Z,,,,,,,33.4,34.7,32.1,37.7,39.9,35.4
2025-07-31T06:00:00Z,,,,,,,38.6,39.3,38,45.9,47.1,44.8
2025-07-31T12:00:00Z,,,,,,,51.4,52.1,50.7,62.5,63.5,61.4
2025-07-31T18:00:00Z,,,,,,,42.4,43.7,41.1,50.6,52.8,48.4
2025-08-01T00:00:00Z,,,,,,,40.5,41.5,39.4,48.3,49.9,46.6
2025-08-01T06:00:00Z,,,,,,,41.1,41.5,40.7,49.3,50.1,48.4
2025-08-01T12:00:00Z,,,,,,,47.8,48.2,47.3,59.3,60.3,58.2
2025-08-01T18:00:00Z,,,,,,,30.3,32.6,28.1,35.8,39.1,32.4
2025-08-02T00:00:00Z,,,,,,,32.5,34.2,30.7,36.7,39.4,33.9
2025-08-02T06:00:00Z,,,,,,,39.6,40.3,38.8,47.6,48.9,46.3
2025-08-02T12:00:00Z,,,,,,,41.8,42.3,41.3,50.8,51.8,49.8
2025-08-02T18:00:00Z,,,,,,,32.6,34.8,30.3,37.4,41.1,33.8
2025-08-03T00:00:00Z,,,,,,,35.1,36.1,34,41.1,42.9,39.2
2025-08-03T06:00:00Z,,,,,,,36.5,37.4,35.6,42.7,44.4,41
2025-08-03T12:00:00Z,,,,,,,30.1,31.6,28.6,32.9,34.9,30.9
2025-08-03T18:00:00Z,,,,,,,37.2,38,36.4,42.9,44.1,41.7
2025-08-04T00:00:00Z,,,,,,,33.2,34.5,31.9,37.6,39.6,35.6
2025-08-04T06:00:00Z,,,,,,,43.9,43.9,43.8,54.3,54.8,53.8
2025-08-04T12:00:00Z,,,,,,,52.5,52.1,52.9,65.9,65.9,65.9
2025-08-04T18:00:00Z,,,,,,,48.5,48.4,48.6,60.3,60.5,60.2
2025-08-05T00:00:00Z,,,,,,,49.2,48.6,49.7,61.1,60.9,61.4
2025-08-05T06:00:00Z,,,,,,,47.6,47.2,47.9,59.2,59.2,59.3
2025-08-05T12:00:00Z,,,,,,,47.9,47.3,48.5,60,59.8,60.2
2025-08-05T18:00:00Z,,,,,,,47.3,47.1,47.4,58.4,58.7,58.2
2025-08-06T00:00:00Z,,,,,,,50.3,49.6,50.9,62.7,62.3,63.1
2025-08-06T06:00:00Z,,,,,,,51.2,50.4,52.1,64.6,64.2,65
2025-08-06T12:00:00Z,,,,,,,52,51.6,52.4,65.6,65.6,65.6
2025-08-06T18:00:00Z,,,,,,,43.5,45.7,41.4,52.7,55.6,49.9
2025-08-07T00:00:00Z,,,,,,,41.8,41.8,41.7,50.7,51,50.3
2025-08-07T06:00:00Z,,,,,,,50.7,49.9,51.6,64.2,63.7,64.6
2025-08-07T12:00:00Z,,,,,,,38.6,39.4,37.8,45.6,47.1,44.1
2025-08-07T18:00:00Z,,,,,,,40.5,40.7,40.3,48.6,49.1,48.1
2025-08-08T00:00:00Z,,,,,,,37.6,38.3,36.9,44.4,45.7,43.1
2025-08-08T06:00:00Z,,,,,,,33.7,34.9,32.5,37.9,40.2,35.7
2025-08-08T12:00:00Z,,,,,,,44.8,44.9,44.7,53.8,54.6,53.1
2025-08-08T18:00:00Z,,,,,,,45.6,45.5,45.8,55.8,55.9,55.7
2025-08-09T00:00:00Z,,,,,,,53.9,52.6,55.2,66.3,65.6,66.9
2025-08-09T06:00:00Z,,,,,,,45,44.8,45.2,55.6,55.6,55.5
2025-08-09T12:00:00Z,,,,,,,177.9,167.5,188.3,204,198.8,209.2
2025-08-09T18:00:00Z,,,,,,,43.2,43.1,43.3,52.5,52.7,52.4
2025-08-10T00:00:00Z,,,,,,,54.4,52.9,56,64.1,63.6,64.6
2025-08-10T06:00:00Z,,,,,,,62.9,60.9,64.9,74.3,73.5,75
2025-08-10T12:00:00Z,,,,,,,48.7,48.2,49.1,61.2,61.1,61.2
2025-08-10T18:00:00Z,,,,,,,38.1,38.9,37.3,44.9,46.4,43.4
2025-08-11T00:00:00Z,,,,,,,48.2,48.2,48.1,59.6,60.2,59.1
2025-08-11T06:00:00Z,,,,,,,34.7,36.5,32.8,39.7,42.7,36.7
2025-08-11T12:00:00Z,54,54,,72,72,,41.4,42.5,40.3,49.8,51.7,47.9
2025-08-11T18:00:00Z,51,51,,74,74,,40.8,42.8,38.8,48.7,51.7,45.7
2025-08-12T00:00:00Z,54,54,,71,71,,35.4,37,33.8,40.8,43.4,38.1
2025-08-12T06:00:00Z,57,57,,70,70,,41.7,42.2,41.3,50.3,51.2,49.3
2025-08-12T12:00:00Z,57,57,,71,71,,40.8,41.5,40.1,48.9,50.2,47.6
2025-08-12T18:00:00Z,50,50,,73,73,,36.6,37.6,35.5,43.3,45.2,41.3
2025-08-13T00:00:00Z,53,53,,72,72,,34.9,35.8,33.9,40.1,41.9,38.4
2025-08-13T06:00:00Z,55,55,,71,71,,43.6,43.9,43.3,53.6,54.5,52.8
2025-08-13T12:00:00Z,55,55,,72,72,,57,56.4,57.5,70.3,70.4,70.3
2025-08-13T18:00:00Z,48,48,,75,75,,42.9,43.8,42,52.4,53.9,50.9
2025-08-14T00:00:00Z,53,53,,73,73,,44.4,44.6,44.1,54.4,55.1,53.7
2025-08-14T06:00:00Z,55,55,,72,72,,49.4,49.3,49.6,62.2,62.5,61.9
2025-08-14T12:00:00Z,55,55,,73,73,,55.7,55.7,55.8,69.9,70.3,69.5
2025-08-14T18:00:00Z,49,49,,76,76,,45.3,45.8,44.8,56,57,55
2025-08-15T00:00:00Z,55,55,,72,72,,53.9,53.3,54.5,65.1,65.1,65.1
2025-08-15T06:00:00Z,55,55,,72,72,,50.4,49.8,51,62.3,62.3,62.3
2025-08-15T12:00:00Z,56,56,,72,72,,44.7,45,44.5,55.2,55.9,54.5
2025-08-15T18:00:00Z,48,48,,75,75,,34.5,37.2,31.8,39.9,43.8,35.9
2025-08-16T00:00:00Z,50,50,,72,72,,43.5,45.4,41.6,51.7,54,49.5
2025-08-16T06:00:00Z,53,53,,71,71,,44.6,44.6,44.6,54.9,55.3,54.4
2025-08-16T12:00:00Z,48,48,,74,74,,51.1,51.5,50.6,63.2,64.1,62.2
2025-08-16T18:00:00Z,45,45,,76,76,,39.8,42.8,36.8,47.4,51.6,43.2
2025-08-17T00:00:00Z,50,50,,72,72,,37,37.9,36.1,43.7,45.3,42
2025-08-17T06:00:00Z,53,53,,71,71,,38.7,39.6,37.8,45.9,47.8,44
2025-08-17T12:00:00Z,49,49,,75,75,,61.1,60.6,61.6,73,73.3,72.8
2025-08-17T18:00:00Z,47,47,,76,76,,40.2,43.3,37.2,47.7,52.2,43.3
2025-08-18T00:00:00Z,53,53,,73,73,,41.2,41.5,40.8,49.2,50.1,48.4
2025-08-18T06:00:00Z,55,55,,71,71,,40.6,40.9,40.3,49,49.8,48.2
2025-08-18T12:00:00Z,53,53,,73,73,,43.5,43.6,43.4,53.5,54.1,52.9
2025-08-18T18:00:00Z,48,48,,75,75,,33,34.4,31.5,37,39.6,34.5
2025-08-19T00:00:00Z,52,52,,73,73,,47.9,47.9,48,58.7,59,58.4
2025-08-19T06:00:00Z,53,53,,72,72,,46.2,46.2,46.3,56.8,57.2,56.4
2025-08-19T12:00:00Z,49,49,,74,74,,45.8,46.4,45.3,56.4,57.5,55.3
2025-08-19T18:00:00Z,47,47,,75,75,,30,32.1,27.8,33.1,36.2,29.9
2025-08-20T00:00:00Z,52,52,,73,73,,35.9,37.3,34.6,42.1,44.5,39.8
2025-08-20T06:00:00Z,54,54,,72,72,,35.1,36.5,33.8,40.6,43.1,38.2
2025-08-20T12:00:00Z,50,50,,74,74,,40.3,41.5,39,48.3,50.4,46.1
2025-08-20T18:00:00Z,47,47,,76,76,,32,33.8,30.1,35.7,38.8,32.6
2025-08-21T00:00:00Z,53,53,,73,73,,41.1,42.1,40.1,49.7,51.5,47.9
2025-08-21T06:00:00Z,56,56,,71,71,,35.6,37.2,33.9,41.5,44,38.9
2025-08-21T12:00:00Z,55,55,,71,71,,27.8,30.7,24.9,30.1,33.7,26.4
2025-08-21T18:00:00Z,53,53,,72,72,,30.3,32.6,28,33.2,36.6,29.8
2025-08-22T00:00:00Z,58,58,,71,71,,37.7,39.3,36.1,43.9,46.5,41.3
2025-08-22T06:00:00Z,58,58,,70,70,,29.8,32.2,27.3,31.9,35.2,28.6
2025-08-22T12:00:00Z,52,52,,73,73,,30.5,32.8,28.2,33,36.7,29.4
2025-08-22T18:00:00Z,53,53,,72,72,,36.5,38.6,34.4,42.2,45.6,38.8
2025-08-23T00:00:00Z,55,55,,71,71,,38,40.2,35.8,44.3,47.7,41
2025-08-23T06:00:00Z,57,57,,70,70,,26.6,30.1,23.1,29.6,34,25.2
2025-08-23T12:00:00Z,55,55,,71,71,,35.3,37.4,33.1,41.6,45,38.1
2025-08-23T18:00:00Z,54,54,,72,72,,38.5,40,37.1,46.1,48.7,43.6
2025-08-24T00:00:00Z,55,55,,71,71,,37,39,34.9,43.6,46.9,40.3
2025-08-24T06:00:00Z,56,56,,71,71,,40.8,42.4,39.3,49.9,52.4,47.4
2025-08-24T12:00:00Z,59,59,,70,70,,26,29.1,23,29,32.8,25.2
2025-08-24T18:00:00Z,55,55,,71,71,,37.2,39.1,35.3,44.7,47.8,41.6
2025-08-25T00:00:00Z,57,57,,70,70,,41.2,43.8,38.6,50.6,54.2,47
2025-08-25T06:00:00Z,60,60,,68,68,,35.4,37.1,33.7,41.5,44.5,38.4
2025-08-25T12:00:00Z,56,56,,70,70,,32.6,35.4,29.7,36.6,41,32.2
2025-08-25T18:00:00Z,49,49,,74,74,,31.4,34.2,28.5,35.5,39.5,31.4
2025-08-26T00:00:00Z,54,54,,71,71,,38,40.5,35.6,45.2,49.3,41.1
2025-08-26T06:00:00Z,57,57,,70,70,,44.7,47.2,42.2,55.1,58.7,51.6
2025-08-26T12:00:00Z,55,55,,71,71,,47.9,49.4,46.3,59.6,62.1,57.2
2025-08-26T18:00:00Z,49,49,,75,75,,40.5,42.4,38.6,48.9,51.8,46.1
2025-08-27T00:00:00Z,54,54,,71,71,,47.6,48.8,46.4,58.8,60.8,56.8
2025-08-27T06:00:00Z,58,58,,70,70,,41,42.6,39.4,49.6,52.1,47.2
2025-08-27T12:00:00Z,56,56,,70,70,,38.4,40.4,36.4,45.7,48.8,42.6
2025-08-27T18:00:00Z,52,52,,73,73,,35.2,37,33.5,40.5,43.3,37.7
2025-08-28T00:00:00Z,56,56,,71,71,,43.1,44.7,41.6,52.5,54.8,50.2
2025-08-28T06:00:00Z,60,60,,69,69,,39.8,41.4,38.2,47.8,50.4,45.1
2025-08-28T12:00:00Z,60,60,,69,69,,34.8,37.3,32.3,39.9,43.7,36.2
2025-08-28T18:00:00Z,57,57,,70,70,,38.3,40.6,35.9,45,48.7,41.4
2025-08-29T00:00:00Z,58,58,,70,70,,42.2,43.8,40.7,50.7,53.2,48.1
2025-08-29T06:00:00Z,59,59,,69,69,,37.3,39.1,35.4,43.6,46.7,40.6
2025-08-29T12:00:00Z,58,58,,70,70,,38.5,40.4,36.5,45.5,48.4,42.5
2025-08-29T18:00:00Z,54,54,,70,70,,36.8,39.3,34.3,43,46.9,39.1
2025-08-30T00:00:00Z,53,53,,70,70,,52.4,53.7,51.1,63.4,65.1,61.8
2025-08-30T06:00:00Z,55,55,,69,69,,50.4,52,48.8,58,59.8,56.2
2025-08-30T12:00:00Z,52,52,,71,71,,37,39,35,42.9,46.2,39.7
2025-08-30T18:00:00Z,46,46,,75,75,,39.3,41.1,37.6,44.7,47.4,41.9
2025-08-31T00:00:00Z,53,53,,71,71,,37,39.5,34.6,43.4,47.2,39.7
2025-08-31T06:00:00Z,54,54,,70,70,,44.3,45.9,42.6,54.2,56.8,51.7
2025-08-31T12:00:00Z,52,52,,72,72,,49.8,52,47.6,60.4,63.2,57.5
2025-08-31T18:00:00Z,49,49,,75,75,,39,41.1,36.9,46,49.3,42.8
2025-09-01T00:00:00Z,54,54,,71,71,,46.9,48.6,45.3,57.4,59.7,55
2025-09-01T06:00:00Z,54,54,,71,71,,54.4,56.3,52.6,66.7,68.6,64.8
2025-09-01T12:00:00Z,55,55,,71,71,,53.6,55,52.1,66.7,68.4,64.9
2025-09-01T18:00:00Z,54,54,,71,71,,41,42.7,39.3,49.4,52.3,46.6
2025-09-02T00:00:00Z,55,55,,70,70,,41.4,43.3,39.4,49.5,52.4,46.6
2025-09-02T06:00:00Z,58,58,,69,69,,39.6,41.2,38,46.5,48.9,44
2025-09-02T12:00:00Z,56,56,,71,71,,46.8,48.3,45.3,56.9,59.3,54.5
2025-09-02T18:00:00Z,50,50,,74,74,,39,40.9,37,46.3,49.3,43.2
2025-09-03T00:00:00Z,55,55,,71,71,,44.3,45.6,43.1,54.3,56.4,52.2
2025-09-03T06:00:00Z,59,59,,69,69,,41.6,42.9,40.2,50.2,52.5,47.9
2025-09-03T12:00:00Z,57,57,,70,70,,39.2,41.2,37.3,46.3,49.4,43.2
2025-09-03T18:00:00Z,49,49,,74,74,,44.6,45.9,43.3,54.8,57,52.7
2025-09-04T00:00:00Z,54,54,,71,71,,46.7,48.5,44.9,57.4,59.8,55
2025-09-04T06:00:00Z,59,59,,69,69,,31.6,33.7,29.6,34.9,37.9,31.9
2025-09-04T12:00:00Z,55,55,,71,71,,40.7,42.6,38.7,48.3,51.3,45.3
2025-09-04T18:00:00Z,51,51,,72,72,,32.8,35.2,30.4,36.9,41,32.8
2025-09-05T00:00:00Z,54,54,,71,71,,45.2,47.6,42.8,54.2,57.4,51
2025-09-05T06:00:00Z,55,55,,71,71,,49.2,50.9,47.5,61,63.5,58.5
2025-09-05T12:00:00Z,56,56,,70,70,,45.6,47.6,43.6,55.8,58.6,53
2025-09-05T18:00:00Z,51,51,,72,72,,41.1,43,39.2,48.9,51.8,46
2025-09-06T00:00:00Z,53,53,,71,71,,42,44,40,50.1,53.2,47.1
2025-09-06T06:00:00Z,54,54,,71,71,,50.6,52.3,48.9,62.9,65.1,60.6
2025-09-06T12:00:00Z,56,56,,71,71,,50.8,52.8,48.9,62.7,65.1,60.3
2025-09-06T18:00:00Z,51,51,,73,73,,37.1,39.2,35,43.5,46.9,40.2
2025-09-07T00:00:00Z,54,54,,70,70,,37.5,39.6,35.4,43.9,47.4,40.5
2025-09-07T06:00:00Z,56,56,,70,70,,56.2,58.1,54.3,67.2,68.9,65.6
2025-09-07T12:00:00Z,52,52,,73,73,,54.3,56.6,52,64.8,67.7,62
2025-09-07T18:00:00Z,50,50,,75,75,,39.2,41.7,36.8,46.4,50.3,42.6
2025-09-08T00:00:00Z,55,55,,72,72,,48.3,49.8,46.8,59.5,61.6,57.3
2025-09-08T06:00:00Z,57,57,,71,71,,46.8,48.2,45.3,58.1,60.4,55.9
2025-09-08T12:00:00Z,56,56,,72,72,,53.5,58.8,48.1,64.7,69.7,59.6
2025-09-08T18:00:00Z,55,55,,72,72,,47.3,50.4,44.1,56.5,60.1,52.9
2025-09-09T00:00:00Z,60,60,,70,70,,33.1,36,30.2,37.7,41.7,33.6
2025-09-09T06:00:00Z,60,60,,69,69,,29.4,32.6,26.1,32.6,36.6,28.6
2025-09-09T12:00:00Z,56,56,,71,71,,27,30.8,23.3,29,33.6,24.4
2025-09-09T18:00:00Z,53,53,,72,72,,30.2,33.3,27,33.7,37.8,29.7
2025-09-10T00:00:00Z,57,57,,71,71,,38.9,41.6,36.1,46.1,50.4,41.8
2025-09-10T06:00:00Z,57,57,,70,70,,49.4,51.2,47.5,61.6,64.1,59.1
2025-09-10T12:00:00Z,56,56,,71,71,,45.2,46.8,43.5,55.9,58.5,53.4
2025-09-10T18:00:00Z,50,50,,74,74,,38.4,40.3,36.5,45.6,48.8,42.5
2025-09-11T00:00:00Z,54,54,,71,71,,40.3,42.5,38.1,48.5,51.8,45.2
2025-09-11T06:00:00Z,59,59,,69,69,,36.6,39.1,34.2,42.7,46.2,39.2
2025-09-11T12:00:00Z,59,59,,70,70,,40.4,42.7,38.1,47.8,51.4,44.3
2025-09-11T18:00:00Z,50,50,,74,74,,38.2,40.2,36.2,45,48.3,41.8
2025-09-12T00:00:00Z,56,56,,70,70,,37.6,40.5,34.6,43.7,48.2,39.2
2025-09-12T06:00:00Z,57,57,,70,70,,52.2,54.9,49.6,64.6,67.5,61.8
2025-09-12T12:00:00Z,61,61,,70,70,,36.5,39.8,33.3,42.4,47,37.8
2025-09-12T18:00:00Z,50,50,,75,75,,42.6,45.6,39.7,50.1,53.9,46.3
2025-09-13T00:00:00Z,52,52,,72,72,,37.7,40.2,35.2,44.4,48.3,40.6
2025-09-13T06:00:00Z,56,56,,70,70,,37.4,40,34.7,43.7,47.6,39.8
2025-09-13T12:00:00Z,50,50,,75,75,,64.8,68.5,61.2,74.6,78.4,70.8
2025-09-13T18:00:00Z,48,48,,76,76,,37.4,41,33.8,43.9,49.5,38.4
2025-09-14T00:00:00Z,54,54,,72,72,,44.3,46.4,42.2,54.2,57.4,51.1
2025-09-14T06:00:00Z,57,57,,71,71,,36.9,39.6,34.2,43.5,47.8,39.2
2025-09-14T12:00:00Z,58,58,,71,71,,43.6,46.2,41.1,52.6,56.3,49
2025-09-14T18:00:00Z,53,53,,72,72,,37.6,40,35.1,44.1,47.8,40.4
2025-09-15T00:00:00Z,55,55,,71,71,,36.8,39.6,34,43,47.5,38.5
2025-09-15T06:00:00Z,56,56,,71,71,,53.1,55.7,50.5,66,68.7,63.2
2025-09-15T12:00:00Z,52,52,,75,75,,61.4,64.9,57.8,73,76.3,69.7
2025-09-15T18:00:00Z,48,48,,77,77,,42.5,46.2,38.9,51.7,56.9,46.6
2025-09-16T00:00:00Z,55,55,,73,73,,50.4,53.2,47.5,62.1,65.3,58.9
2025-09-16T06:00:00Z,56,56,,72,72,,50,52.3,47.7,62,64.9,59.1
2025-09-16T12:00:00Z,51,51,,75,75,,57.2,59.3,55,69,71.2,66.9
2025-09-16T18:00:00Z,47,47,,77,77,,40.9,43.3,38.4,49.2,52.7,45.6
2025-09-17T00:00:00Z,55,55,,72,72,,43.3,46.7,39.8,51.3,55.4,47.2
2025-09-17T06:00:00Z,56,56,,72,72,,54.3,56.8,51.8,67.1,69.6,64.6
2025-09-17T12:00:00Z,52,52,,75,75,,61.6,65.8,57.4,72.2,75.2,69.1
2025-09-17T18:00:00Z,46,46,,79,79,,43.1,45.5,40.8,52.1,55.7,48.6
2025-09-18T00:00:00Z,54,54,,73,73,,46.7,48.3,45.2,57.9,60.4,55.4
2025-09-18T06:00:00Z,57,57,,72,72,,51.3,53.1,49.6,64.1,66.5,61.7
2025-09-18T12:00:00Z,51,51,,76,76,,55.5,57.8,53.3,67.9,70.1,65.7
2025-09-18T18:00:00Z,46,46,,79,79,,44.3,46.6,42,53.3,56.5,50
2025-09-19T00:00:00Z,54,54,,73,73,,49.5,51.3,47.8,61.7,64.3,59.1
2025-09-19T06:00:00Z,57,57,,72,72,,48,49.9,46.1,59.7,62.4,56.9
2025-09-19T12:00:00Z,55,55,,74,74,,48.8,51.5,46,59.8,63.2,56.4
2025-09-19T18:00:00Z,47,47,,78,78,,41.3,43.5,39.1,49.8,53.1,46.5
2025-09-20T00:00:00Z,53,53,,73,73,,51.9,53.7,50.1,62.9,65.4,60.3
2025-09-20T06:00:00Z,56,56,,72,72,,53.6,55.3,51.9,66.8,68.7,64.9
2025-09-20T12:00:00Z,51,51,,74,74,,46.5,47.7,45.4,57.8,59.7,55.9
2025-09-20T18:00:00Z,46,46,,77,77,,35,37.5,32.6,40.2,44,36.4
2025-09-21T00:00:00Z,52,52,,72,72,,37.8,39.1,36.6,44.8,46.9,42.8
2025-09-21T06:00:00Z,54,54,,71,71,,33,35.3,30.7,37.7,41.7,33.6
2025-09-21T12:00:00Z,49,49,,75,75,,39.7,42,37.4,47.5,51.2,43.8
2025-09-21T18:00:00Z,47,47,,76,76,,36.9,40.4,33.4,43.2,48.4,37.9
2025-09-22T00:00:00Z,51,51,,72,72,,36.1,37.3,34.9,42.5,44.7,40.4
2025-09-22T06:00:00Z,54,54,,71,71,,35.1,36.7,33.5,40.7,43.3,38.1
2025-09-22T12:00:00Z,50,50,,73,73,,28,30.7,25.3,30.4,34,26.9
2025-09-22T18:00:00Z,46,46,,76,76,,26.7,29.2,24.2,28.8,31.9,25.7
2025-09-23T00:00:00Z,52,52,,72,72,,33.1,35,31.3,37.7,41.1,34.3
2025-09-23T06:00:00Z,54,54,,71,71,,37.9,39.7,36.1,45.1,48.1,42.2
2025-09-23T12:00:00Z,51,51,,74,74,,48,49,47,59.6,61.4,57.9
2025-09-23T18:00:00Z,46,46,,78,78,,35,37.5,32.5,40.7,44.3,37
2025-09-24T00:00:00Z,54,54,,73,73,,29,31.6,26.4,31.3,34.7,27.8
2025-09-24T06:00:00Z,56,56,,71,71,,35.5,37.6,33.3,41.7,45.1,38.4
2025-09-24T12:00:00Z,48,48,,77,77,,49,52.1,45.9,60.3,63.9,56.7
2025-09-24T18:00:00Z,48,48,,77,77,,36,40.3,31.7,41.8,48.3,35.3
2025-09-25T00:00:00Z,53,53,,73,73,,40.1,42.4,37.9,48.3,51.5,45.1
2025-09-25T06:00:00Z,56,56,,73,73,,46.2,47.8,44.6,57.6,60.3,55
2025-09-25T12:00:00Z,57,57,,72,72,,46.6,48.4,44.8,58,60.7,55.2
2025-09-25T18:00:00Z,53,53,,74,74,,41.9,44.1,39.8,50.8,54,47.7
2025-09-26T00:00:00Z,55,55,,73,73,,45.7,46.9,44.5,56.1,58.1,54.1
2025-09-26T06:00:00Z,57,57,,72,72,,45.7,47.2,44.2,56.8,59.2,54.3
2025-09-26T12:00:00Z,57,57,,72,72,,39.5,41.3,37.7,47.6,50.6,44.7
2025-09-26T18:00:00Z,55,55,,72,72,,38,40.1,36,44.9,47.9,41.8
2025-09-27T00:00:00Z,58,58,,71,71,,33.9,36.7,31,38.5,42.5,34.5
2025-09-27T06:00:00Z,61,61,,69,69,,27.6,31.2,24,29.7,34,25.3
2025-09-27T12:00:00Z,57,57,,71,71,,34.2,36.7,31.6,38.5,42.5,34.4
2025-09-27T18:00:00Z,53,53,,73,73,,33.7,35.8,31.6,38.4,41.7,35.2
2025-09-28T00:00:00Z,56,56,,71,71,,38.5,40.9,36.1,45.6,49.4,41.7
2025-09-28T06:00:00Z,60,60,,69,69,,31.8,35.4,28.3,35,39.7,30.4
2025-09-28T12:00:00Z,57,57,,71,71,,33,35.9,30,36.7,41,32.3
2025-09-28T18:00:00Z,48,48,,76,76,,29.2,31.6,26.9,31.8,35,28.5
2025-09-29T00:00:00Z,55,55,,72,72,,30.9,33.7,28,34.1,38.3,29.9
2025-09-29T06:00:00Z,58,58,,72,72,,41.4,43.5,39.3,50.9,54.2,47.6
2025-09-29T12:00:00Z,55,55,,74,74,,43.5,45.7,41.3,53.7,57,50.4
2025-09-29T18:00:00Z,47,47,,78,78,,35.5,37.4,33.6,41.8,44.6,38.9
2025-09-30T00:00:00Z,53,53,,74,74,,39.1,40.7,37.5,46.9,49.4,44.3
2025-09-30T06:00:00Z,56,56,,71,71,,36.3,37.8,34.7,43.1,45.8,40.4
2025-09-30T12:00:00Z,49,49,,77,77,,43.9,46.1,41.6,53.8,56.9,50.7
2025-09-30T18:00:00Z,45,45,,79,79,,30.5,33.2,27.8,34.8,38.7,30.9
2025-10-01T00:00:00Z,52,52,,74,74,,27.5,30.5,24.6,30.1,33.8,26.3
2025-10-01T06:00:00Z,55,55,,72,72,,26.4,29.4,23.4,28.8,32.3,25.2
2025-10-01T12:00:00Z,50,50,,76,76,,41.7,43.5,39.9,50.5,53.2,47.7
2025-10-01T18:00:00Z,45,45,,79,79,,35,37.4,32.6,40.8,44.7,36.9
2025-10-02T00:00:00Z,51,51,,74,74,,35,37.5,32.4,40.7,44.7,36.8
2025-10-02T06:00:00Z,55,55,,72,72,,36.9,38.5,35.4,43.5,46.1,41
2025-10-02T12:00:00Z,50,50,,76,76,,46.2,47.5,44.9,57,59.1,54.9
2025-10-02T18:00:00Z,44,44,,79,79,,30.3,33.4,27.2,33.9,38.1,29.7
2025-10-03T00:00:00Z,51,51,,73,73,,25.6,28.4,22.8,27.4,30.6,24.2
2025-10-03T06:00:00Z,54,54,,72,72,,28.7,31.6,25.8,31.3,35.3,27.3
2025-10-03T12:00:00Z,50,50,,75,75,,40.7,42.3,39,49.4,51.9,46.8
2025-10-03T18:00:00Z,43,43,,79,79,,35.8,39.1,32.5,42,46.8,37.1
2025-10-04T00:00:00Z,48,48,,75,75,,34.7,36.6,32.8,40.1,43.4,36.9
2025-10-04T06:00:00Z,53,53,,72,72,,36.5,38,35,42.8,45.2,40.3
2025-10-04T12:00:00Z,47,47,,78,78,,46.9,48.4,45.4,57.6,59.6,55.6
2025-10-04T18:00:00Z,43,43,,80,80,,30.5,33.5,27.5,33.7,38.1,29.3
2025-10-05T00:00:00Z,50,50,,74,74,,33,34.6,31.3,37.3,40.1,34.5
2025-10-05T06:00:00Z,54,54,,72,72,,31.6,33.7,29.6,35.6,38.8,32.4
2025-10-05T12:00:00Z,51,51,,74,74,,44.8,46.6,43,54.8,57.5,52.1
2025-10-05T18:00:00Z,48,48,,75,75,,33.9,35.7,32.2,39.3,41.8,36.7
2025-10-06T00:00:00Z,53,53,,72,72,,26.7,29.7,23.6,28.9,32.6,25.2
2025-10-06T06:00:00Z,54,54,,71,71,,32.5,34.6,30.5,37.3,40.3,34.4
2025-10-06T12:00:00Z,50,50,,74,74,,39,40.5,37.4,46.4,48.8,44.1
2025-10-06T18:00:00Z,46,46,,77,77,,41.2,45.9,36.6,49.4,55.8,43.1
2025-10-07T00:00:00Z,52,52,,73,73,,33.5,35.4,31.6,38.7,41.6,35.8
2025-10-07T06:00:00Z,55,55,,71,71,,31.1,33.1,29.1,35.2,38.1,32.3
2025-10-07T12:00:00Z,51,51,,74,74,,33.7,36,31.5,38.9,42.4,35.4
2025-10-07T18:00:00Z,47,47,,77,77,,29.2,32.1,26.3,32.4,36.5,28.4
2025-10-08T00:00:00Z,54,54,,72,72,,34,35.8,32.1,39.2,42.3,36.1
2025-10-08T06:00:00Z,56,56,,71,71,,36.2,38,34.4,42.9,46,39.7
2025-10-08T12:00:00Z,55,55,,72,72,,44.9,46.2,43.6,55.4,57.5,53.3
2025-10-08T18:00:00Z,50,50,,74,74,,35.5,37.7,33.4,41.2,44.6,37.7
2025-10-09T00:00:00Z,55,55,,71,71,,32.3,35.1,29.6,36.6,41.3,32
2025-10-09T06:00:00Z,57,57,,70,70,,42.9,45.2,40.5,52.4,56,48.7
2025-10-09T12:00:00Z,50,50,,75,75,,46.7,49.2,44.3,57.4,60.7,54.1
2025-10-09T18:00:00Z,46,46,,78,78,,31,36,26,35.2,42.1,28.2
2025-10-10T00:00:00Z,51,51,,74,74,,32.7,36.1,29.2,37,42.5,31.6
2025-10-10T06:00:00Z,54,54,,72,72,,25.9,29,22.7,28.1,31.9,24.3
2025-10-10T12:00:00Z,48,48,,78,78,,43.9,46.5,41.2,53.4,57.2,49.5
2025-10-10T18:00:00Z,47,47,,78,78,,44,53.6,34.4,51.5,63.4,39.5
2025-10-11T00:00:00Z,53,53,,74,74,,50.6,52.8,48.5,62.3,64.9,59.7
2025-10-11T06:00:00Z,56,56,,72,72,,46.2,48.3,44.1,57.2,60.4,54.1
2025-10-11T12:00:00Z,55,55,,73,73,,50,53.2,46.9,61.4,64.7,58
2025-10-11T18:00:00Z,50,50,,76,76,,38.9,41.8,36,45.8,50,41.7
2025-10-12T00:00:00Z,56,56,,72,72,,46.6,48.8,44.4,56.6,59.6,53.6
2025-10-12T06:00:00Z,58,58,,72,72,,53.3,55.7,51,66.2,68.8,63.6
2025-10-12T12:00:00Z,56,56,,73,73,,55.4,57.9,52.8,68.2,70.6,65.8
2025-10-12T18:00:00Z,49,49,,77,77,,39.1,43.4,34.8,45.4,51,39.8
2025-10-13T00:00:00Z,55,55,,73,73,,49.7,52.1,47.4,61.3,64.5,58.2
2025-10-13T06:00:00Z,56,56,,72,72,,45.6,47.4,43.8,56.4,59.2,53.5
2025-10-13T12:00:00Z,53,53,,75,75,,48.7,51.1,46.2,60.2,63.6,56.9
2025-10-13T18:00:00Z,47,47,,79,79,,36.2,41.3,31,41.4,49.2,33.7
2025-10-14T00:00:00Z,53,53,,74,74,,50.6,54.3,47,61.8,66.1,57.5
2025-10-14T06:00:00Z,57,57,,72,72,,44.7,46.9,42.6,54.6,57.6,51.6
2025-10-14T12:00:00Z,56,56,,74,74,,51.2,54,48.4,61.4,64.6,58.2
2025-10-14T18:00:00Z,47,47,,78,78,,42,45.3,38.7,49.5,54.3,44.6
2025-10-15T00:00:00Z,54,54,,74,74,,47.7,50.2,45.3,57.9,61.4,54.5
2025-10-15T06:00:00Z,57,57,,72,72,,41.2,43.5,39,49.7,53,46.3
2025-10-15T12:00:00Z,56,56,,73,73,,40.8,43.2,38.5,49.3,52.8,45.7
2025-10-15T18:00:00Z,52,52,,75,75,,37.3,40.2,34.3,43.2,47.8,38.5
2025-10-16T00:00:00Z,54,54,,73,73,,48.8,50.9,46.7,60,62.9,57.1
2025-10-16T06:00:00Z,57,57,,72,72,,45,47.4,42.7,55.5,59,51.9
2025-10-16T12:00:00Z,53,53,,73,73,,36.1,38.7,33.4,42,46,37.9
2025-10-16T18:00:00Z,47,47,,76,76,,31.1,35.3,26.8,34.8,40.7,28.9
2025-10-17T00:00:00Z,53,53,,73,73,,33.2,36.1,30.3,37.9,42.4,33.4
2025-10-17T06:00:00Z,55,55,,72,72,,31.7,34.8,28.6,35.6,40.1,31.1
2025-10-17T12:00:00Z,51,51,,75,75,,38.8,41.3,36.4,46.2,50,42.4
2025-10-17T18:00:00Z,46,46,,76,76,,29.3,33.6,25.1,32.2,37.7,26.7
2025-10-18T00:00:00Z,52,52,,74,74,,39.7,42.3,37,47.7,51.7,43.8
2025-10-18T06:00:00Z,53,53,,73,73,,43.9,49,38.8,53.1,60.2,46.1
2025-10-18T12:00:00Z,47,47,,77,77,,49.7,53.8,45.7,60.6,65.2,56.1
2025-10-18T18:00:00Z,46,46,,78,78,,34,37.8,30.2,38.6,44.5,32.7
2025-10-19T00:00:00Z,53,53,,74,74,,38.3,40.5,36,45,48.5,41.4
2025-10-19T06:00:00Z,55,55,,73,73,,39.7,42,37.3,47.4,50.8,43.9
2025-10-19T12:00:00Z,49,49,,77,77,,49.4,52,46.9,60.7,63.8,57.6
2025-10-19T18:00:00Z,47,47,,79,79,,39.7,43.1,36.3,47.2,52.4,42
2025-10-20T00:00:00Z,54,54,,74,74,,38.4,40.5,36.3,45.2,48.5,42
2025-10-20T06:00:00Z,59,59,,72,72,,35.3,38,32.6,40.3,44.8,35.9
2025-10-20T12:00:00Z,52,52,,77,77,,42.6,45,40.3,51.5,55,48
2025-10-20T18:00:00Z,44,44,,80,80,,37.9,41,34.8,45,49.7,40.3
2025-10-21T00:00:00Z,53,53,,74,74,,45.1,47.3,42.9,54.5,57.4,51.5
2025-10-21T06:00:00Z,56,56,,73,73,,39,41.2,36.8,46.6,50,43.2
2025-10-21T12:00:00Z,49,49,,77,77,,46.5,50.7,42.4,56.3,61.3,51.3
2025-10-21T18:00:00Z,46,46,,79,79,,34.6,37.8,31.5,39.6,44.7,34.6
2025-10-22T00:00:00Z,54,54,,74,74,,41.4,44.6,38.3,49.6,54.2,45
2025-10-22T06:00:00Z,55,55,,73,73,,42.8,45.2,40.3,52.6,56.2,49
2025-10-22T12:00:00Z,47,47,,79,79,,47.8,49.7,45.8,59.8,62.7,56.8
2025-10-22T18:00:00Z,44,44,,81,81,,34.6,38.2,30.9,39.9,45.5,34.3
2025-10-23T00:00:00Z,51,51,,76,76,,35.1,37.8,32.5,40.5,44.8,36.2
2025-10-23T06:00:00Z,55,55,,74,74,,36.7,39.6,33.8,42.8,47.3,38.3
2025-10-23T12:00:00Z,51,51,,77,77,,44.3,46.9,41.7,53.9,57.8,50.1
2025-10-23T18:00:00Z,45,45,,82,82,,36.6,38.7,34.6,42.7,46.1,39.2
2025-11-11T12:00:00Z,47,47,,79,79,,47.4,50.9,43.8,57.8,62.4,53.1
2025-11-11T18:00:00Z,46,46,,79,79,,34.2,38.9,29.6,39.2,46,32.5
2025-11-12T00:00:00Z,53,53,,75,75,,33.4,36.7,30,37.9,42.7,33
2025-11-12T06:00:00Z,55,55,,74,74,,46.5,49.1,44,57.4,61.3,53.5
2025-11-12T12:00:00Z,49,49,,78,78,,55.6,59.4,51.8,66,69.5,62.6
2025-11-12T18:00:00Z,43,43,,81,81,,33,36.7,29.4,37.8,43.5,32.2
2025-11-13T00:00:00Z,50,50,,76,76,,29.4,32.5,26.3,32.3,36.6,27.9
2025-11-13T06:00:00Z,55,55,,73,73,,30.7,33.6,27.8,34.4,38.6,30.2
2025-11-13T12:00:00Z,49,49,,77,77,,54.4,59.8,49,65.2,69.9,60.4
2025-11-13T18:00:00Z,45,45,,79,79,,36.9,40.4,33.5,43.7,48.7,38.6
2025-11-14T00:00:00Z,51,51,,75,75,,29.2,33,25.3,31.9,37.2,26.6
2025-11-14T06:00:00Z,54,54,,73,73,,33.5,37.2,29.8,38.4,43.1,33.6
2025-11-14T12:00:00Z,48,48,,78,78,,52.9,57.3,48.6,64.5,68.9,60.1
2025-11-14T18:00:00Z,44,44,,80,80,,33.5,38.7,28.4,38.5,45.9,31.2
2025-11-15T00:00:00Z,50,50,,76,76,,32.2,35.9,28.5,36.3,41.9,30.7
2025-11-15T06:00:00Z,54,54,,74,74,,35,38.4,31.6,40.3,45.2,35.5
2025-11-15T12:00:00Z,48,48,,78,78,,52.4,55.5,49.3,64.6,67.9,61.3
2025-11-15T18:00:00Z,44,44,,80,80,,31.6,35.3,27.9,35.4,40.8,29.9
2025-11-16T00:00:00Z,51,51,,76,76,,31,33.9,28,34.4,38.7,30
2025-11-16T06:00:00Z,53,53,,74,74,,33.8,36.3,31.4,38.7,42.6,34.7
2025-11-16T12:00:00Z,48,48,,78,78,,44.3,46.8,41.7,54.2,58,50.4
2025-11-16T18:00:00Z,44,44,,81,81,,36.4,39.1,33.6,42.5,46.4,38.5
2025-11-17T00:00:00Z,50,50,,76,76,,28.9,31.7,26.1,31.4,35,27.7
2025-11-17T06:00:00Z,54,54,,74,74,,38.4,40.4,36.3,45.1,48.4,41.9
2025-11-17T12:00:00Z,48,48,,79,79,,47,49.6,44.4,57.5,61,54.1
2025-11-17T18:00:00Z,45,45,,80,80,,34.9,39.2,30.7,40.5,46.7,34.3
2025-11-18T00:00:00Z,49,49,,76,76,,29.3,32.3,26.3,32,36.2,27.8
2025-11-18T06:00:00Z,53,53,,74,74,,32.5,35.8,29.2,36.7,41.5,31.9
2025-11-18T12:00:00Z,46,46,,80,80,,43.3,46.3,40.3,52.4,56.9,48
2025-11-18T18:00:00Z,43,43,,82,82,,30.7,34.9,26.5,34.1,40.3,27.9
2025-11-19T00:00:00Z,51,51,,77,77,,35.3,38.3,32.3,40.6,45.2,35.9
2025-11-19T06:00:00Z,54,54,,75,75,,38.3,41.7,35,45.3,50.4,40.3
2025-11-19T12:00:00Z,48,48,,80,80,,45.8,49,42.6,55.8,60.2,51.3
2025-11-19T18:00:00Z,46,46,,80,80,,32.9,36.5,29.2,37.2,42.5,31.8
2025-11-20T00:00:00Z,52,52,,76,76,,36.5,39.5,33.5,42.3,47,37.6
2025-11-20T06:00:00Z,57,57,,74,74,,24.1,28.6,19.6,25.1,30.1,20.1
2025-11-20T12:00:00Z,54,54,,76,76,,38,41.4,34.6,44.5,49.3,39.7
2025-11-20T18:00:00Z,49,49,,78,78,,36.2,40.3,32.1,42.1,48,36.1
2025-11-21T00:00:00Z,55,55,,75,75,,33.9,37.2,30.7,39.1,43.5,34.6
2025-11-21T06:00:00Z,60,60,,73,73,,24,28.5,19.5,24.9,29.8,20
2025-11-21T12:00:00Z,56,56,,75,75,,35.1,38.6,31.6,40.5,45,35.9
2025-11-21T18:00:00Z,47,47,,79,79,,35.3,39.8,30.9,40.6,47.4,33.8
2025-11-22T00:00:00Z,52,52,,76,76,,38.5,41.7,35.2,45.9,50.8,41
2025-11-22T06:00:00Z,55,55,,75,75,,41.7,44.4,39.1,50.9,54.7,47
2025-11-22T12:00:00Z,52,52,,77,77,,44.7,47.1,42.2,55.4,59.1,51.7
2025-11-22T18:00:00Z,45,45,,82,82,,34.7,38.4,31,40,45.5,34.5
2025-11-23T00:00:00Z,52,52,,77,77,,29.7,34,25.4,32.5,38.4,26.5
2025-11-23T06:00:00Z,54,54,,76,76,,38.2,41.6,34.7,45,50,40.1
2025-11-23T12:00:00Z,49,49,,80,80,,44.4,47.8,41,53.9,58.5,49.4
2025-11-23T18:00:00Z,45,45,,81,81,,26,30.7,21.2,27.5,33.1,21.9
2025-11-24T00:00:00Z,53,53,,76,76,,28.6,32.7,24.4,30.7,36.2,25.2
2025-11-24T06:00:00Z,55,55,,75,75,,38.1,41.5,34.7,44.8,49.9,39.8
2025-11-24T12:00:00Z,48,48,,81,81,,41.8,44.9,38.6,50.2,54.9,45.4
2025-11-24T18:00:00Z,44,44,,82,82,,27.4,31.8,23,29.6,35.2,24
2025-11-25T00:00:00Z,51,51,,78,78,,32.1,36.6,27.5,36,42.8,29.2
2025-11-25T06:00:00Z,55,55,,76,76,,34.5,37.8,31.3,39.5,44.8,34.2
2025-11-25T12:00:00Z,48,48,,81,81,,46,49.1,42.9,56.5,60.8,52.1
2025-11-25T18:00:00Z,44,44,,83,83,,34.4,37.9,30.8,39.3,44.8,33.7
2025-11-26T00:00:00Z,50,50,,79,79,,40.3,48,32.5,46.9,57.8,36.1
2025-11-26T06:00:00Z,54,54,,77,77,,48.3,63.4,33.1,54.4,71.6,37.1
2025-11-26T12:00:00Z,50,50,,80,80,,55.5,62.5,48.5,66.4,72.6,60.1
2025-11-26T18:00:00Z,45,45,,82,82,,31.5,37.1,26,35.7,43.4,28.1
2025-11-27T00:00:00Z,51,51,,78,78,,34,43,25.1,38.3,50.3,26.3
2025-11-27T06:00:00Z,53,53,,76,76,,30,34.5,25.5,33.2,39.2,27.2
2025-11-27T12:00:00Z,52,52,,77,77,,44.4,49.5,39.2,53.1,59.3,46.8
2025-11-27T18:00:00Z,47,47,,80,80,,36.4,42.5,30.4,42.2,51,33.5
2025-11-28T00:00:00Z,51,51,,76,76,,46.1,63.4,28.9,50.6,70.6,30.6
2025-11-28T06:00:00Z,53,53,,75,75,,35.2,40.2,30.1,40.5,48.1,32.8
2025-11-28T12:00:00Z,46,46,,80,80,,45.6,50,41.3,55,60.4,49.6
2025-11-28T18:00:00Z,44,44,,82,82,,35.2,38.3,32,40.5,45.6,35.4
2025-11-29T00:00:00Z,50,50,,78,78,,33.8,38.8,28.9,38.2,45.8,30.5
2025-11-29T06:00:00Z,55,55,,76,76,,32.5,36.6,28.5,36.8,42.7,30.9
2025-11-29T12:00:00Z,49,49,,80,80,,53.1,57.8,48.3,64,68.4,59.6
2025-11-29T18:00:00Z,45,45,,82,82,,29.8,34.4,25.3,32.8,39.1,26.6
2025-11-30T00:00:00Z,50,50,,78,78,,33.9,41.3,26.6,38.3,48.8,27.7
2025-11-30T06:00:00Z,53,53,,77,77,,29.3,34.6,24,32,39.1,25
2025-11-30T12:00:00Z,46,46,,83,83,,42.1,45.3,38.9,50.4,55.2,45.6
2025-11-30T18:00:00Z,40,40,,85,85,,29.4,32.6,26.2,32.2,36.3,28.1
2025-12-01T00:00:00Z,49,49,,80,80,,30.9,39.8,22,34.9,46.9,22.9
2025-12-01T06:00:00Z,54,54,,77,77,,36,45.8,26.3,41.8,55.2,28.4
2025-12-01T12:00:00Z,48,48,,81,81,,43.8,48.3,39.4,52.8,58.6,47
2025-12-01T18:00:00Z,42,42,,84,84,,26.8,30.6,23,28.8,33.4,24.1
2025-12-02T00:00:00Z,51,51,,79,79,,34,43.9,24,38.7,52.1,25.2
2025-12-02T06:00:00Z,55,55,,76,76,,39.2,42.6,35.7,46.6,51.7,41.6
2025-12-02T12:00:00Z,54,54,,77,77,,46.3,50,42.6,56.3,61,51.6
2025-12-02T18:00:00Z,51,51,,79,79,,33.6,42.4,24.7,38.2,50.5,25.9
2025-12-03T00:00:00Z,53,53,,77,77,,29.2,32.9,25.5,31.4,36.5,26.4
2025-12-03T06:00:00Z,54,54,,76,76,,34.2,37.5,30.9,39.2,44.2,34.1
2025-12-03T12:00:00Z,51,51,,79,79,,37.6,41,34.3,44.3,49.4,39.1
2025-12-03T18:00:00Z,45,45,,83,83,,29.3,32.8,25.8,31.9,36.7,27.1
2025-12-04T00:00:00Z,52,52,,78,78,,37.5,41.5,33.6,43.8,49.8,37.8
2025-12-04T06:00:00Z,55,55,,76,76,,35.5,38.1,32.8,41,45.4,36.7
2025-12-04T12:00:00Z,54,54,,77,77,,40.4,44,36.8,48.1,53.3,42.8
2025-12-04T18:00:00Z,52,52,,78,78,,30.7,34.5,26.8,34,39.1,28.8
2025-12-05T00:00:00Z,54,54,,77,77,,40.1,42.7,37.6,47.8,51.8,43.9
2025-12-05T06:00:00Z,60,60,,74,74,,26.3,29.7,23,28.1,32.2,24
2025-12-05T12:00:00Z,56,56,,76,76,,32.6,35.5,29.7,36.4,40.7,32.1
2025-12-05T18:00:00Z,51,51,,78,78,,32,36.9,27.1,35.8,42.5,29.1
2025-12-06T00:00:00Z,56,56,,76,76,,31.5,34.5,28.6,34.8,39.2,30.4
2025-12-06T06:00:00Z,56,56,,76,76,,34.4,37.1,31.7,39.1,43.6,34.6
2025-12-06T12:00:00Z,53,53,,77,77,,35.5,38.1,32.8,41,45.2,36.7
2025-12-06T18:00:00Z,48,48,,79,79,,32.5,38.1,27,36.8,44.4,29.1
2025-12-07T00:00:00Z,52,52,,77,77,,37.1,40.3,33.9,42.7,47,38.3
2025-12-07T06:00:00Z,52,52,,76,76,,39.5,41.5,37.6,46.6,49.6,43.6
2025-12-07T12:00:00Z,48,48,,80,80,,37.5,40.4,34.5,43.7,48.1,39.3
2025-12-07T18:00:00Z,44,44,,83,83,,27.8,31.3,24.2,29.4,34,24.9
2025-12-08T00:00:00Z,52,52,,78,78,,31.6,35.9,27.3,35,41.3,28.7
2025-12-08T06:00:00Z,55,55,,76,76,,33.9,36.5,31.2,38.6,42.8,34.4
2025-12-08T12:00:00Z,53,53,,77,77,,32.5,35.7,29.4,36.4,40.8,32
2025-12-08T18:00:00Z,51,51,,78,78,,29.3,32.2,26.4,31.7,35.6,27.7
2025-12-09T00:00:00Z,54,54,,75,75,,39.6,42.1,37.1,46.9,50.8,42.9
2025-12-09T06:00:00Z,54,54,,76,76,,43.2,45.5,41,52.3,55.7,48.9
2025-12-09T12:00:00Z,52,52,,78,78,,41.3,45,37.6,49.6,54.9,44.3
2025-12-09T18:00:00Z,45,45,,80,80,,32.2,36.6,27.8,35.9,42.4,29.5
2025-12-10T00:00:00Z,52,52,,78,78,,34.6,38.6,30.5,39.2,45.4,33
2025-12-10T06:00:00Z,51,51,,77,77,,31.7,35.4,28,35.4,40.3,30.6
2025-12-10T12:00:00Z,47,47,,81,81,,45.9,48.6,43.2,55.5,59,52
2025-12-10T18:00:00Z,45,45,,82,82,,29.3,33,25.6,32,37,27
2025-12-11T00:00:00Z,49,49,,78,78,,24.8,28.8,20.8,26.5,31.3,21.7
2025-12-11T06:00:00Z,53,53,,76,76,,26.1,29,23.2,27.5,30.8,24.1
2025-12-11T12:00:00Z,49,49,,80,80,,36,39.2,32.9,41.5,46.1,37
2025-12-11T18:00:00Z,45,45,,82,82,,27.4,31.2,23.7,29.3,33.9,24.7
2025-12-12T00:00:00Z,51,51,,78,78,,26.3,30.5,22,27.8,33,22.7
2025-12-12T06:00:00Z,52,52,,77,77,,39.6,43.2,36,46.1,51,41.3
2025-12-12T12:00:00Z,46,46,,80,80,,41,43.7,38.4,49.1,53,45.2
2025-12-12T18:00:00Z,43,43,,82,82,,30.6,33,28.2,33.5,37.4,29.7
2025-12-13T00:00:00Z,52,52,,77,77,,33.7,35.8,31.7,37.9,41.3,34.6
2025-12-13T06:00:00Z,53,53,,76,76,,45.3,46.2,44.4,55.1,56.6,53.5
2025-12-13T12:00:00Z,49,49,,79,79,,47.4,49.7,45.2,57.7,60.6,54.7
2025-12-13T18:00:00Z,44,44,,82,82,,26.3,29.5,23,28.2,32.2,24.1
2025-12-14T00:00:00Z,52,52,,78,78,,35.1,37.7,32.5,39.3,43.2,35.3
2025-12-14T06:00:00Z,54,54,,77,77,,35.7,37.1,34.3,40.8,43.2,38.5
2025-12-14T12:00:00Z,48,48,,80,80,,50.9,51.9,50,61.3,62.5,60
2025-12-14T18:00:00Z,45,45,,82,82,,29.7,32.1,27.2,32,35.4,28.5
2025-12-15T00:00:00Z,50,50,,78,78,,39,44.1,33.9,45.4,52.8,37.9
2025-12-15T06:00:00Z,53,53,,76,76,,36.7,37.8,35.6,42.3,44.3,40.3
2025-12-15T12:00:00Z,47,47,,82,82,,58,58.3,57.7,69.3,70.2,68.5
2025-12-15T18:00:00Z,44,44,,83,83,,40.9,41.9,39.9,48.9,50.7,47.1
2025-12-16T00:00:00Z,50,50,,79,79,,40,43.1,36.9,47.4,52.1,42.7
2025-12-16T06:00:00Z,55,55,,76,76,,40.8,41.9,39.8,48.9,50.7,47.2
2025-12-16T12:00:00Z,48,48,,81,81,,52.5,53.8,51.2,62.6,64.1,61
2025-12-16T18:00:00Z,39,39,,84,84,,25.3,28.4,22.2,27,30.7,23.4
2025-12-17T00:00:00Z,50,50,,79,79,,40.4,42.4,38.4,48.2,51.3,45.1
2025-12-17T06:00:00Z,53,53,,78,78,,41.4,43.6,39.1,49.8,53.2,46.4
2025-12-17T12:00:00Z,48,48,,82,82,,48.4,49.6,47.2,59.4,61.2,57.6
2025-12-17T18:00:00Z,40,40,,85,85,,35.1,37.2,33.1,40.7,43.5,37.8
2025-12-18T00:00:00Z,48,48,,81,81,,34.8,37.4,32.2,39.1,43,35.2
2025-12-18T06:00:00Z,55,55,,77,77,,37.8,40.3,35.2,44.3,47.8,40.8
2025-12-18T12:00:00Z,48,48,,82,82,,47.7,48.8,46.6,57.8,59.6,56
2025-12-18T18:00:00Z,40,40,,85,85,,30.5,32.3,28.6,33.9,36.4,31.4
2025-12-19T00:00:00Z,49,49,,80,80,,31.1,34.7,27.6,34.5,39.8,29.1
2025-12-19T06:00:00Z,54,54,,77,77,,37.3,38.7,35.9,43.6,45.8,41.3
2025-12-19T12:00:00Z,46,46,,83,83,,50.5,50.7,50.4,62.2,63.1,61.4
2025-12-19T18:00:00Z,43,43,,84,84,,28.1,30.1,26,30.1,32.8,27.4
2025-12-20T00:00:00Z,49,49,,80,80,,35,36.6,33.4,40.2,43,37.5
2025-12-20T06:00:00Z,52,52,,78,78,,44.6,46.1,43.1,54.1,56.4,51.8
2025-12-20T12:00:00Z,46,46,,82,82,,45.5,46.3,44.8,55,56.4,53.7
2025-12-20T18:00:00Z,43,43,,85,85,,29.4,31.4,27.4,31.4,34.3,28.5
2025-12-21T00:00:00Z,48,48,,81,81,,31.4,33.4,29.5,34.6,37.6,31.5
2025-12-21T06:00:00Z,52,52,,79,79,,35.8,40.8,30.8,40.8,48.2,33.4
2025-12-21T12:00:00Z,48,48,,82,82,,43.8,44.9,42.6,52.9,54.8,50.9
2025-12-21T18:00:00Z,44,44,,85,85,,25.2,27.5,22.9,26.1,28.7,23.6
2025-12-22T00:00:00Z,50,50,,81,81,,30.8,33.6,28,33.3,37.5,29.1
2025-12-22T06:00:00Z,52,52,,79,79,,42.5,45.4,39.6,51,55.4,46.6
2025-12-22T12:00:00Z,50,50,,80,80,,43.2,45.3,41.1,52.2,55.4,49.1
2025-12-22T18:00:00Z,46,46,,83,83,,31.7,32.5,30.8,34.8,36.3,33.3
2025-12-23T00:00:00Z,50,50,,80,80,,36.9,39.9,33.9,42.8,47.5,38.1
2025-12-23T06:00:00Z,51,51,,79,79,,33.4,37.7,29,38.1,43.9,32.2
2025-12-23T12:00:00Z,48,48,,80,80,,38.1,40.2,36.1,44.9,48.2,41.6
2025-12-23T18:00:00Z,46,46,,83,83,,32.2,33.5,31,35.7,37.6,33.8
2025-12-24T00:00:00Z,51,51,,80,80,,38,41,35,44.3,48.8,39.7
2025-12-24T06:00:00Z,53,53,,79,79,,44.3,48.7,39.9,53.4,59.4,47.3
2025-12-24T12:00:00Z,49,49,,81,81,,44.6,45.7,43.5,54,55.7,52.2
2025-12-24T18:00:00Z,44,44,,84,84,,24.7,27.2,22.2,25.7,28.4,22.9
2025-12-25T00:00:00Z,50,50,,81,81,,54.7,57.5,51.9,60.5,64.4,56.6
2025-12-25T06:00:00Z,54,54,,79,79,,99.2,107.3,91.1,106.4,113.6,99.2
2025-12-25T12:00:00Z,48,48,,83,83,,70.1,73.9,66.3,76.6,80.8,72.4
2025-12-25T18:00:00Z,45,45,,84,84,,28.5,31.3,25.7,30.5,34,27
2025-12-26T00:00:00Z,51,51,,81,81,,32.1,38.2,26,36,44.6,27.3
2025-12-26T06:00:00Z,53,53,,79,79,,40.4,45.4,35.5,47.7,55,40.5
2025-12-26T12:00:00Z,49,49,,82,82,,41.8,44,39.7,50.3,53.6,47
2025-12-26T18:00:00Z,43,43,,85,85,,25.6,27.8,23.4,26.6,29.1,24.1
2025-12-27T00:00:00Z,50,50,,80,80,,36.3,40.2,32.4,41.9,47.7,36
2025-12-27T06:00:00Z,53,53,,79,79,,42.9,49.4,36.5,50.7,59.4,42.1
2025-12-27T12:00:00Z,48,48,,82,82,,50.2,52.8,47.7,61.6,64.9,58.3
2025-12-27T18:00:00Z,42,42,,85,85,,31.6,33.5,29.7,34.4,37.3,31.6
2025-12-28T00:00:00Z,50,50,,81,81,,33.7,38,29.4,37.6,44.1,31
2025-12-28T06:00:00Z,52,52,,79,79,,47.1,51.6,42.7,56.1,61.9,50.3
2025-12-28T12:00:00Z,47,47,,82,82,,53.6,55.6,51.6,65,67.1,62.9
2025-12-28T18:00:00Z,44,44,,84,84,,34.3,36.4,32.3,39,42.5,35.6
2025-12-29T00:00:00Z,53,53,,79,79,,45.7,50.1,41.4,54.8,60.3,49.2
2025-12-29T06:00:00Z,53,53,,78,78,,53,57.4,48.7,64.7,69.3,60.1
2025-12-29T12:00:00Z,48,48,,82,82,,53.6,56,51.2,64.4,66.8,62
2025-12-29T18:00:00Z,45,45,,84,84,,37.9,39.8,36,45,48.1,42
2025-12-30T00:00:00Z,51,51,,80,80,,36.8,40.7,32.8,42.6,48.4,36.8
2025-12-30T06:00:00Z,53,53,,78,78,,46.2,49.3,43.2,56.4,60.7,52
2025-12-30T12:00:00Z,49,49,,81,81,,43,45.2,40.8,51.8,55.1,48.6
2025-12-30T18:00:00Z,44,44,,84,84,,31.6,34,29.2,35.1,38.7,31.5
2025-12-31T00:00:00Z,51,51,,79,79,,40.6,43.2,38,48.4,52.3,44.5
2025-12-31T06:00:00Z,54,54,,77,77,,44.7,49.1,40.3,53.3,58.9,47.7
2025-12-31T12:00:00Z,48,48,,82,82,,48.7,51.8,45.7,57.6,60.7,54.4
2025-12-31T18:00:00Z,46,46,,83,83,,33.5,35.8,31.3,37.7,41.5,33.8
2026-01-01T00:00:00Z,50,50,,80,80,,86.3,88.7,83.9,94.9,98,91.7
2026-01-01T06:00:00Z,55,55,,77,77,,103,106.9,99.2,108,112,103.9
2026-01-01T12:00:00Z,48,48,,83,83,,78.9,81,76.7,85.3,88.2,82.5
2026-01-01T18:00:00Z,42,42,,86,86,,25.1,28,22.2,26.2,29.4,23
2026-01-02T00:00:00Z,49,49,,82,82,,30.2,33.1,27.3,33,37.1,28.8
2026-01-02T06:00:00Z,54,54,,79,79,,23.9,28.3,19.6,25.1,30.1,20.2
2026-01-02T12:00:00Z,47,47,,84,84,,36.9,39.3,34.5,42.8,46.5,39.1
2026-01-02T18:00:00Z,42,42,,86,86,,29.1,31.7,26.4,31.6,35.1,28.1
2026-01-03T00:00:00Z,49,49,,82,82,,30.3,32.3,28.3,32.8,35.8,29.7
2026-01-03T06:00:00Z,54,54,,79,79,,30.2,35.8,24.6,33.2,41,25.5
2026-01-03T12:00:00Z,49,49,,83,83,,44.3,46.3,42.2,53.6,56.6,50.6
2026-01-03T18:00:00Z,41,41,,85,85,,26.8,29.8,23.8,28.7,32.3,25
2026-01-04T00:00:00Z,50,50,,82,82,,28.7,31.8,25.6,30.8,34.8,26.8
2026-01-04T06:00:00Z,53,53,,80,80,,27.4,33.1,21.6,29.5,36.7,22.3
2026-01-04T12:00:00Z,46,46,,85,85,,36.9,39,34.9,43,46,39.9
2026-01-04T18:00:00Z,38,38,,87,87,,25.5,27.9,23.1,26.9,29.7,24.2
2026-01-05T00:00:00Z,48,48,,83,83,,28.5,31.3,25.7,30.5,34.2,26.8
2026-01-05T06:00:00Z,54,54,,80,80,,27.5,33.8,21.1,29.8,37.6,21.9
2026-01-05T12:00:00Z,50,50,,83,83,,39.9,41.7,38.1,47.2,49.9,44.4
2026-01-05T18:00:00Z,48,48,,84,84,,41.4,42.3,40.4,49.4,50.9,47.9
2026-01-06T00:00:00Z,52,52,,82,82,,37,38.7,35.3,42.8,45.6,39.9
2026-01-06T06:00:00Z,53,53,,81,81,,54.4,55.6,53.1,61.7,63.7,59.7
2026-01-06T12:00:00Z,49,49,,83,83,,45.9,47.5,44.3,55.8,58.2,53.4
2026-01-06T18:00:00Z,39,39,,87,87,,25.1,27.8,22.4,26.2,29.4,23.1
2026-01-07T00:00:00Z,44,44,,84,84,,25.7,28.5,22.8,26.8,30,23.5
2026-01-07T06:00:00Z,49,49,,81,81,,23.5,27.3,19.7,24.6,28.9,20.3
2026-01-07T12:00:00Z,46,46,,85,85,,33.9,35.7,32.1,38.2,41.1,35.3
2026-01-07T18:00:00Z,41,41,,87,87,,25.5,28.4,22.7,26.6,29.8,23.3
2026-01-08T00:00:00Z,46,46,,83,83,,28.1,30,26.1,29.4,31.9,26.9
2026-01-08T06:00:00Z,51,51,,81,81,,27.3,30.8,23.7,29.1,33.5,24.6
2026-01-08T12:00:00Z,47,47,,85,85,,37.6,39.5,35.7,44,47,41.1
2026-01-08T18:00:00Z,37,37,,89,89,,26.1,29.1,23.1,28.4,31.9,24.9
2026-01-09T00:00:00Z,49,49,,83,83,,24.9,28.4,21.3,26,29.9,22.1
2026-01-09T06:00:00Z,55,55,,80,80,,28,32.3,23.6,30.2,35.9,24.6
2026-01-09T12:00:00Z,50,50,,84,84,,39.5,41.3,37.7,46.6,49.4,43.8
2026-01-09T18:00:00Z,50,50,,84,84,,30,32.3,27.7,32.5,35.5,29.5
2026-01-10T00:00:00Z,53,53,,83,83,,42,43.1,40.9,50.6,52.4,48.8
2026-01-10T06:00:00Z,54,54,,82,82,,51.8,52.6,51,61.5,62.9,60.1
2026-01-10T12:00:00Z,49,49,,85,85,,44.2,45.6,42.9,53.4,55.4,51.3
2026-01-10T18:00:00Z,44,44,,86,86,,25.2,28.6,21.9,26.5,30.3,22.6
2026-01-11T00:00:00Z,52,52,,83,83,,33.5,35.1,32,37.6,40.1,35.1
2026-01-11T06:00:00Z,54,54,,82,82,,37.3,39.1,35.5,43.1,45.8,40.4
2026-01-11T12:00:00Z,48,48,,86,86,,40.5,41.9,39,47.3,49.6,45
2026-01-11T18:00:00Z,40,40,,89,89,,20.6,23.6,17.6,21.3,24.5,18
2026-01-12T00:00:00Z,50,50,,83,83,,25.3,28,22.5,26.3,29.5,23.2
2026-01-12T06:00:00Z,53,53,,82,82,,23.3,28,18.7,24.1,29,19.1
2026-01-12T12:00:00Z,46,46,,87,87,,35.9,38.7,33.2,41.1,45,37.3
2026-01-12T18:00:00Z,44,44,,87,87,,29.6,31.5,27.8,32.3,34.9,29.7
2026-01-13T00:00:00Z,53,53,,82,82,,31.5,33.7,29.3,34.7,38,31.4
2026-01-13T06:00:00Z,54,54,,81,81,,24.3,30.4,18.2,25.6,32.4,18.7
2026-01-13T12:00:00Z,48,48,,85,85,,32.3,34.8,29.9,36.2,39.9,32.5
2026-01-13T18:00:00Z,41,41,,88,88,,22.8,25.4,20.2,24.1,26.9,21.3
2026-01-14T00:00:00Z,48,48,,85,85,,29.1,31.2,27,31.2,34.1,28.4
2026-01-14T06:00:00Z,51,51,,83,83,,24.8,27.9,21.7,25.7,29,22.4
2026-01-14T12:00:00Z,43,43,,88,88,,32.9,35.7,30.2,37.6,41.2,34
2026-01-14T18:00:00Z,38,38,,90,90,,21.4,26.4,16.4,22.4,27.8,17
2026-01-15T00:00:00Z,43,43,,86,86,,25.8,28.6,23,27,30.2,23.9
2026-01-15T06:00:00Z,52,52,,83,83,,26.3,28.8,23.8,27.9,30.9,24.9
2026-01-15T12:00:00Z,53,53,,84,84,,41,42.7,39.3,47.5,50,45.1
2026-01-15T18:00:00Z,46,46,,87,87,,32.8,33.9,31.6,36.5,38.4,34.6
2026-01-16T00:00:00Z,51,51,,83,83,,35.4,37.3,33.4,40.8,43.9,37.7
2026-01-16T06:00:00Z,54,54,,82,82,,33.6,35.4,31.9,37.8,40.8,34.9
2026-01-16T12:00:00Z,47,47,,86,86,,32.1,34.1,30.1,36.5,39,33.9
2026-01-16T18:00:00Z,41,41,,89,89,,25.2,29.1,21.4,26.7,31.4,22.1
2026-01-17T00:00:00Z,47,47,,86,86,,27.6,29.4,25.8,29.3,31.5,27.1
2026-01-17T06:00:00Z,52,52,,82,82,,26.6,29.4,23.7,28.3,31.9,24.8
2026-01-17T12:00:00Z,49,49,,85,85,,45.2,45.9,44.5,54.9,56.3,53.6
2026-01-17T18:00:00Z,43,43,,88,88,,29,30.1,27.9,31.1,32.4,29.8
2026-01-18T00:00:00Z,49,49,,84,84,,29.2,31.7,26.7,31.3,34.7,27.8
2026-01-18T06:00:00Z,54,54,,81,81,,29.5,31.8,27.1,32.7,35.8,29.6
2026-01-18T12:00:00Z,50,50,,84,84,,45.5,46.7,44.4,55.8,57.6,53.9
2026-01-18T18:00:00Z,44,44,,87,87,,27,29.2,24.7,28.7,31.3,26
2026-01-19T00:00:00Z,51,51,,82,82,,28,30.7,25.2,29.9,33.2,26.6
2026-01-19T06:00:00Z,51,51,,83,83,,21.2,24.5,18,21.9,25.2,18.5
2026-01-19T12:00:00Z,43,43,,88,88,,27.6,30.7,24.5,29.5,33.4,25.6
2026-01-19T18:00:00Z,39,39,,90,90,,21.2,26,16.3,22.3,27.6,16.9
2026-01-20T00:00:00Z,44,44,,86,86,,23.6,26.9,20.3,24.5,28,21
2026-01-20T06:00:00Z,48,48,,84,84,,21.8,24.1,19.4,22.5,25,20
2026-01-20T12:00:00Z,43,43,,89,89,,30.2,33.8,26.7,33.7,38.6,28.7
2026-01-20T18:00:00Z,38,38,,92,92,,22.4,27.1,17.6,23.3,28.3,18.3
2026-01-21T00:00:00Z,48,48,,86,86,,25.2,28.4,22,26.4,29.9,22.9
2026-01-21T06:00:00Z,52,52,,83,83,,27.3,30.1,24.5,29,32.4,25.6
2026-01-21T12:00:00Z,44,44,,89,89,,34,37.6,30.3,39,43.9,34.2
2026-01-21T18:00:00Z,39,39,,92,92,,22.7,28.1,17.4,23.8,29.5,18.1
2026-01-22T00:00:00Z,49,49,,86,86,,23.6,27.1,20.1,24.6,28.3,20.8
2026-01-22T06:00:00Z,51,51,,84,84,,24.7,26.9,22.4,25.7,28.2,23.2
2026-01-22T12:00:00Z,48,48,,87,87,,37.5,39.3,35.7,44.2,47.1,41.3
2026-01-22T18:00:00Z,40,40,,90,90,,27.3,31.9,22.8,29.9,35.6,24.2
2026-01-23T00:00:00Z,44,44,,87,87,,26.7,29.5,23.8,28.3,31.8,24.8
2026-01-23T06:00:00Z,50,50,,85,85,,23.2,26.3,20.1,24.3,27.7,21
2026-01-23T12:00:00Z,43,43,,90,90,,33.5,37.6,29.3,38.2,44.1,32.4
2026-01-23T18:00:00Z,36,36,,93,93,,26.3,34.4,18.2,28.5,38.3,18.7
2026-01-24T00:00:00Z,40,40,,88,88,,25,29.5,20.6,26.6,31.8,21.4
2026-01-24T06:00:00Z,46,46,,85,85,,22.1,25.2,19,23.1,26.4,19.9
2026-01-24T12:00:00Z,43,43,,89,89,,33,36.4,29.5,37.2,42.2,32.2
2026-01-24T18:00:00Z,37,37,,91,91,,24.6,32.2,16.9,27,36.3,17.7
2026-01-25T00:00:00Z,43,43,,88,88,,23.7,26.7,20.7,24.7,27.9,21.5
2026-01-25T06:00:00Z,49,49,,86,86,,25.6,28.8,22.4,26.9,30.5,23.3
2026-01-25T12:00:00Z,41,41,,90,90,,29.1,34.1,24.1,31.7,38.2,25.2
2026-01-25T18:00:00Z,35,35,,93,93,,22.9,30.6,15.2,24.6,33.6,15.6
2026-01-26T00:00:00Z,45,45,,87,87,,23.9,27.7,20.1,24.8,28.8,20.8
2026-01-26T06:00:00Z,53,53,,84,84,,26.1,29,23.1,27.3,30.7,23.9
2026-01-26T12:00:00Z,45,45,,89,89,,33.5,36.2,30.8,38.1,41.9,34.3
2026-01-26T18:00:00Z,35,35,,93,93,,22.3,27.4,17.2,23.4,29,17.9
2026-01-27T00:00:00Z,47,47,,87,87,,34.2,36.5,31.8,39.1,42.8,35.5
2026-01-27T06:00:00Z,48,48,,86,86,,26,28.8,23.3,27.7,31,24.4
2026-01-27T12:00:00Z,41,41,,91,91,,33.7,36.4,31,38.7,42.6,34.7
2026-01-27T18:00:00Z,36,36,,93,93,,21.6,25.5,17.7,22.7,26.9,18.5
2026-01-28T00:00:00Z,47,47,,86,86,,23.6,26,21.2,24.7,27.4,22
2026-01-28T06:00:00Z,51,51,,83,83,,19.2,21.9,16.4,20.3,23.3,17.4
2026-01-28T12:00:00Z,46,46,,87,87,,37.2,39.4,35.1,43.5,46.8,40.2
2026-01-28T18:00:00Z,42,42,,89,89,,26.5,28.8,24.1,28.3,31.1,25.5
2026-01-29T00:00:00Z,48,48,,84,84,,25.3,26.8,23.8,26.5,28.2,24.9
2026-01-29T06:00:00Z,53,53,,82,82,,21.7,24,19.3,22.3,24.8,19.8
2026-01-29T12:00:00Z,49,49,,85,85,,34.1,35.3,32.9,39.1,40.8,37.3
2026-01-29T18:00:00Z,41,41,,89,89,,24.1,26.5,21.7,25.4,28.2,22.6
2026-01-30T00:00:00Z,51,51,,85,85,,30.2,32,28.4,32.5,35.1,29.9
2026-01-30T06:00:00Z,53,53,,83,83,,27.8,29.9,25.6,29.7,32.3,27
2026-01-30T12:00:00Z,46,46,,88,88,,43.4,44.5,42.2,51.9,53.6,50.1
2026-01-30T18:00:00Z,39,39,,90,90,,27.7,30.1,25.3,29.8,32.7,26.9
2026-01-31T00:00:00Z,45,45,,86,86,,25.9,28.2,23.6,27.1,29.7,24.6
2026-01-31T06:00:00Z,50,50,,83,83,,22.5,25.7,19.2,23.5,27,20
2026-01-31T12:00:00Z,47,47,,86,86,,35.2,37.2,33.1,40.8,43.8,37.9
2026-01-31T18:00:00Z,43,43,,88,88,,25.9,28.1,23.7,27.3,30,24.7
2026-02-01T00:00:00Z,47,47,,85,85,,23.7,26.6,20.9,24.7,27.7,21.6
2026-02-01T06:00:00Z,50,50,,84,84,,19.7,22.8,16.6,20.4,23.6,17.1
2026-02-01T12:00:00Z,44,44,,89,89,,30.2,33.4,26.9,32.9,37.4,28.4
2026-02-01T18:00:00Z,42,42,,88,88,,25.3,29.2,21.5,26.8,31.4,22.2
2026-02-02T00:00:00Z,46,46,,86,86,,28.5,30.7,26.3,30.5,33.5,27.6
2026-02-02T06:00:00Z,48,48,,85,85,,28.7,31.1,26.4,31.2,34.2,28.2
2026-02-02T12:00:00Z,45,45,,87,87,,40,41.4,38.6,47.7,49.9,45.4
2026-02-02T18:00:00Z,40,40,,89,89,,22.2,24.9,19.5,23.2,26.2,20.3
2026-02-03T00:00:00Z,43,43,,87,87,,30.3,32.2,28.3,33.2,36.2,30.1
2026-02-03T06:00:00Z,47,47,,85,85,,27.1,29.6,24.6,28.8,31.9,25.7
2026-02-03T12:00:00Z,42,42,,88,88,,29.8,31.7,27.8,32.8,35.6,30.1
2026-02-03T18:00:00Z,35,35,,91,91,,20.8,23.4,18.1,21.6,24.4,18.8
2026-02-04T00:00:00Z,40,40,,88,88,,28,30.1,25.9,30.2,32.9,27.6
2026-02-04T06:00:00Z,44,44,,85,85,,22.1,24.8,19.4,23.1,26,20.1
2026-02-04T12:00:00Z,39,39,,90,90,,25.9,28.6,23.2,27.7,31,24.3
2026-02-04T18:00:00Z,36,36,,92,92,,20,24.8,15.2,20.8,25.8,15.8
2026-02-05T00:00:00Z,43,43,,88,88,,26.5,28.8,24.2,28.1,30.8,25.3
2026-02-05T06:00:00Z,48,48,,85,85,,24.9,27.6,22.2,25.9,28.8,23
2026-02-05T12:00:00Z,43,43,,89,89,,35.7,37.4,33.9,41.3,44,38.6
2026-02-05T18:00:00Z,41,41,,89,89,,23.3,25.8,20.8,24.3,27,21.5
2026-02-06T00:00:00Z,47,47,,86,86,,33.1,34.8,31.5,37.3,39.9,34.6
2026-02-06T06:00:00Z,52,52,,83,83,,38.4,40,36.7,45.2,47.8,42.6
2026-02-06T12:00:00Z,47,47,,87,87,,41.8,43.1,40.4,50,52.3,47.8
2026-02-06T18:00:00Z,45,45,,88,88,,27,29.1,24.9,28.8,31.4,26.2
2026-02-07T00:00:00Z,50,50,,85,85,,36.6,37.9,35.3,42.7,45,40.3
2026-02-07T06:00:00Z,52,52,,83,83,,38.3,39.9,36.6,44.9,47.7,42.2
2026-02-07T12:00:00Z,47,47,,87,87,,46.3,48.3,44.3,54.7,57.2,52.2
2026-02-07T18:00:00Z,36,36,,91,91,,19.2,21.8,16.7,20.2,22.8,17.5
2026-02-08T00:00:00Z,46,46,,87,87,,28.5,31,25.9,31.2,34.4,28
2026-02-08T06:00:00Z,50,50,,85,85,,28.8,31.2,26.4,32.2,35,29.3
2026-02-08T12:00:00Z,47,47,,87,87,,36.2,38.3,34,41.7,44.7,38.7
2026-02-08T18:00:00Z,38,38,,91,91,,22.9,29.6,16.2,24.5,32.3,16.7
2026-02-09T00:00:00Z,47,47,,87,87,,28,30.5,25.4,30,33.2,26.9
2026-02-09T06:00:00Z,54,54,,83,83,,21.9,24.5,19.2,22.9,25.7,20
2026-02-09T12:00:00Z,47,47,,88,88,,38.6,40.3,37,45.7,48.2,43.2
2026-02-09T18:00:00Z,40,40,,91,91,,27.9,32.6,23.2,30.6,36.5,24.8
2026-02-10T00:00:00Z,50,50,,85,85,,29,31.1,26.8,31.2,34.1,28.3
2026-02-10T06:00:00Z,56,56,,82,82,,32,33.7,30.4,35.6,38.1,33.1
2026-02-10T12:00:00Z,51,51,,85,85,,48.4,49.6,47.2,59.3,61,57.5
2026-02-10T18:00:00Z,42,42,,89,89,,22.4,24.9,19.9,23.5,26.3,20.7
2026-02-11T00:00:00Z,48,48,,86,86,,23.8,26.7,20.8,25,28.2,21.8
2026-02-11T06:00:00Z,53,53,,84,84,,23.2,25.8,20.5,24.2,27.1,21.4
2026-02-11T12:00:00Z,48,48,,88,88,,35.3,38.1,32.5,40.6,44.8,36.4
2026-02-11T18:00:00Z,39,39,,92,92,,31.3,37.1,25.5,35.3,43.5,27.1
2026-02-12T18:00:00Z,38,38,,91,91,,22.6,26,19.2,24.2,28.1,20.3
2026-02-13T00:00:00Z,41,41,,89,89,,32.4,34.6,30.1,37,40.5,33.5
2026-02-13T06:00:00Z,51,51,,84,84,,28.8,31,26.6,31.6,34.7,28.6
2026-02-13T12:00:00Z,43,43,,90,90,,37.7,42.3,33.1,44.5,50.5,38.4
2026-02-13T18:00:00Z,37,37,,91,91,,23.5,29.7,17.3,25.3,32.6,17.9
2026-02-14T00:00:00Z,46,46,,87,87,,30.2,31.8,28.6,32.9,35.3,30.5
2026-02-14T06:00:00Z,52,52,,85,85,,32.7,34,31.4,37.1,39.3,34.9
2026-02-14T12:00:00Z,47,47,,88,88,,40,42.3,37.8,47.8,51.2,44.5
2026-02-14T18:00:00Z,39,39,,90,90,,28.9,37.6,20.1,31.8,42.7,21
2026-02-15T00:00:00Z,49,49,,85,85,,32.7,33.8,31.5,36.9,38.7,35.1
2026-02-15T06:00:00Z,51,51,,84,84,,27.6,29.5,25.6,29.2,31.6,26.7
2026-02-15T12:00:00Z,50,50,,86,86,,39.1,40.1,38.1,47.8,49.4,46.1
2026-02-15T18:00:00Z,42,42,,90,90,,22.8,25.6,20,23.8,26.8,20.8
2026-02-16T00:00:00Z,47,47,,87,87,,25.5,27.3,23.7,26.8,28.8,24.8
2026-02-16T06:00:00Z,55,55,,83,83,,22.9,25.2,20.6,23.6,26,21.1
2026-02-16T12:00:00Z,48,48,,87,87,,33.9,36.9,30.9,38.5,42.5,34.5
2026-02-16T18:00:00Z,38,38,,91,91,,25,32.9,17.1,27.3,36.8,17.8
2026-02-17T00:00:00Z,41,41,,89,89,,25.2,28,22.4,26.5,29.6,23.4
2026-02-17T06:00:00Z,47,47,,86,86,,24.9,27.2,22.6,26.3,28.9,23.7
2026-02-17T12:00:00Z,46,46,,88,88,,33.5,37.9,29.1,38.1,43.9,32.3
2026-02-17T18:00:00Z,42,42,,90,90,,31.5,44.3,18.6,34.4,49.3,19.5
2026-02-18T00:00:00Z,49,49,,87,87,,31.7,33.9,29.6,35.3,38.9,31.8
2026-02-18T06:00:00Z,54,54,,85,85,,29.2,31.3,27,31.5,34.2,28.9
2026-02-18T12:00:00Z,47,47,,89,89,,37,40.2,33.7,43,47.5,38.5
2026-02-18T18:00:00Z,41,41,,91,91,,23.8,28.5,19,25.5,30.8,20.1
2026-02-19T00:00:00Z,50,50,,86,86,,33.6,35.9,31.2,37.9,41.6,34.1
2026-02-19T06:00:00Z,53,53,,84,84,,27,29.3,24.7,28.2,30.9,25.5
2026-02-19T12:00:00Z,46,46,,89,89,,41.5,46.5,36.4,49.1,55.8,42.5
2026-02-19T18:00:00Z,41,41,,91,91,,22.5,29.2,15.9,24.2,31.9,16.4
2026-02-20T00:00:00Z,44,44,,89,89,,21.7,25.2,18.2,22.5,26.1,18.9
2026-02-20T06:00:00Z,47,47,,87,87,,20.9,23.9,17.9,21.8,25,18.6
2026-02-20T12:00:00Z,43,43,,91,91,,32.9,35.6,30.1,37.4,41.4,33.4
2026-02-20T18:00:00Z,37,37,,93,93,,19.9,24.3,15.6,20.8,25.4,16.1
2026-02-21T00:00:00Z,42,42,,89,89,,21.2,24.5,18,22.1,25.5,18.7
2026-02-21T06:00:00Z,53,53,,86,86,,22.9,25.9,19.9,23.9,27,20.7
2026-02-21T12:00:00Z,45,45,,91,91,,36.3,39.6,33,42.3,46.4,38.1
2026-02-21T18:00:00Z,39,39,,93,93,,19.9,22.8,17,20.5,23.5,17.5
2026-02-22T00:00:00Z,49,49,,88,88,,27.5,30.1,24.8,29,32.4,25.7
2026-02-22T06:00:00Z,54,54,,85,85,,28.4,30.9,25.9,30.2,33.5,27
2026-02-22T12:00:00Z,47,47,,89,89,,34.7,37.9,31.5,39.9,44,35.7
2026-02-22T18:00:00Z,37,37,,93,93,,20,26.6,13.5,21.1,28.3,13.9
2026-02-23T00:00:00Z,49,49,,88,88,,27,33.2,20.9,28.6,35.5,21.6
2026-02-23T06:00:00Z,52,52,,86,86,,23.9,26.9,21,24.9,28.1,21.8
2026-02-23T12:00:00Z,41,41,,92,92,,28.9,32.4,25.3,32.2,37,27.5
2026-02-23T18:00:00Z,37,37,,93,93,,20.2,26.7,13.8,21.6,28.7,14.4
2026-02-24T00:00:00Z,45,45,,89,89,,28.8,32.4,25.2,31.5,36.2,26.8
2026-02-24T06:00:00Z,50,50,,87,87,,22.6,25.4,19.8,23.6,26.6,20.6
2026-02-24T12:00:00Z,40,40,,93,93,,29.8,32.5,27,33.8,37.4,30.2
2026-02-24T18:00:00Z,33,33,,95,95,,18.5,21.6,15.5,19.4,22.7,16.2
2026-02-25T00:00:00Z,38,38,,92,92,,28.5,33.5,23.5,31.3,37.9,24.7
2026-02-25T06:00:00Z,44,44,,89,89,,22.8,25.4,20.1,23.9,26.8,21
2026-02-25T12:00:00Z,40,40,,93,93,,26.4,29,23.8,29.3,32.7,25.9
2026-02-25T18:00:00Z,37,37,,94,94,,19.4,23.7,15.2,20.5,25.1,15.8
2026-02-26T00:00:00Z,50,50,,89,89,,28.9,30.6,27.3,31.5,33.9,29.2
2026-02-26T06:00:00Z,53,53,,87,87,,29.6,31.6,27.6,31.7,34.5,28.8
2026-02-26T12:00:00Z,47,47,,91,91,,41.1,42.9,39.4,48.5,51,46
2026-02-26T18:00:00Z,38,38,,93,93,,20.4,24.3,16.6,21.3,25.4,17.3
2026-02-27T00:00:00Z,49,49,,88,88,,28,30.7,25.2,30,33.6,26.4
2026-02-27T06:00:00Z,54,54,,85,85,,26.8,29.7,23.9,28.1,31.5,24.7
2026-02-27T12:00:00Z,47,47,,90,90,,38.6,40.8,36.5,45.5,48.8,42.2
2026-02-27T18:00:00Z,41,41,,92,92,,27.4,31.9,23,30.1,35.6,24.6
2026-02-28T00:00:00Z,48,48,,87,87,,24.7,28.3,21.1,26,30.1,21.9
2026-02-28T06:00:00Z,53,53,,85,85,,24.6,27.9,21.3,25.5,29,21.9
2026-02-28T12:00:00Z,49,49,,88,88,,44.7,50.6,38.8,51.9,58.7,45.2
2026-02-28T18:00:00Z,42,42,,91,91,,27.9,36,19.8,30.8,41.1,20.4
2026-03-01T00:00:00Z,50,50,,86,86,,28.5,31,26.1,30.2,33.6,26.9
2026-03-01T06:00:00Z,53,53,,84,84,,32.5,34.2,30.7,36,38.5,33.5
2026-03-01T12:00:00Z,47,47,,89,89,,44.1,46.1,42,53.3,56.3,50.3
2026-03-01T18:00:00Z,43,43,,89,89,,23.9,27.1,20.8,25.5,29.1,21.9
2026-03-02T00:00:00Z,46,46,,86,86,,23.8,27.3,20.2,24.9,28.7,21.1
2026-03-02T06:00:00Z,50,50,,84,84,,20.8,23.8,17.8,21.7,24.8,18.6
2026-03-02T12:00:00Z,45,45,,89,89,,34.6,37.1,32.1,39.6,43.5,35.8
2026-03-02T18:00:00Z,39,39,,92,92,,27.9,31.2,24.6,30.1,34.1,26.1
2026-03-03T00:00:00Z,44,44,,87,87,,27.5,30.4,24.6,29.8,33.6,25.9
2026-03-03T06:00:00Z,49,49,,83,83,,20,23.5,16.6,21,24.7,17.4
2026-03-03T12:00:00Z,47,47,,86,86,,36.3,38.6,33.9,42.3,45.5,39
2026-03-03T18:00:00Z,38,38,,90,90,,29.1,32,26.1,32.2,35.7,28.7
2026-03-04T00:00:00Z,39,39,,88,88,,26.3,29.4,23.2,28.1,31.7,24.4
2026-03-04T06:00:00Z,47,47,,85,85,,28,30.6,25.4,30.5,33.8,27.2
2026-03-04T12:00:00Z,43,43,,89,89,,38.4,40.6,36.1,45.2,48.8,41.7
2026-03-04T18:00:00Z,34,34,,93,93,,24.2,28.3,20.2,25.9,30.4,21.3
2026-03-05T12:00:00Z,34,34,,94,94,,37,39.6,34.3,43.3,47.5,39.2
2026-03-05T18:00:00Z,39,39,,89,89,,24,27.2,20.7,25.4,29.2,21.7
2026-03-06T00:00:00Z,46,46,,87,87,,28.7,31.4,26,31.1,34.8,27.5
2026-03-06T06:00:00Z,51,51,,84,84,,29.6,31.9,27.2,33,36,29.9
2026-03-06T12:00:00Z,44,44,,88,88,,35.5,38.2,32.8,41,45.1,36.9
2026-03-06T18:00:00Z,34,34,,92,92,,21.1,24.1,18,21.9,25.1,18.6
2026-03-07T00:00:00Z,42,42,,88,88,,30.6,33,28.2,33.5,37.1,29.9
2026-03-07T06:00:00Z,49,49,,85,85,,25.5,28.4,22.6,26.6,29.8,23.4
2026-03-07T12:00:00Z,45,45,,88,88,,38.9,41.9,35.9,45.4,49.4,41.4
2026-03-07T18:00:00Z,38,38,,91,91,,20.7,25.3,16.1,21.8,26.9,16.6
2026-03-08T00:00:00Z,45,45,,87,87,,25.7,29.5,22,27.2,31.7,22.7
2026-03-08T06:00:00Z,49,49,,85,85,,19.1,22.3,15.9,19.8,23.1,16.5
2026-03-08T12:00:00Z,44,44,,89,89,,22.7,25.6,19.8,24.3,27.6,21.1
2026-03-08T18:00:00Z,40,40,,90,90,,18.7,21.7,15.7,19.3,22.5,16.2
2026-03-09T00:00:00Z,46,46,,87,87,,26.1,28.8,23.5,27.7,30.9,24.4
2026-03-09T06:00:00Z,52,52,,84,84,,24,27.1,21,25.8,29.3,22.3
2026-03-09T12:00:00Z,46,46,,88,88,,40.8,43,38.7,49,52.2,45.8
2026-03-09T18:00:00Z,44,44,,89,89,,33.4,36,30.7,37.7,42.2,33.3
2026-03-10T00:00:00Z,49,49,,86,86,,36.2,37.1,35.2,41.8,43.4,40.1
2026-03-10T06:00:00Z,53,53,,83,83,,33,34.8,31.2,37.5,40.4,34.5
2026-03-10T12:00:00Z,47,47,,88,88,,44,46,41.9,53.4,56.5,50.3
2026-03-10T18:00:00Z,41,41,,91,91,,34.2,37.8,30.6,39,44.8,33.3
2026-03-11T00:00:00Z,45,45,,87,87,,31.1,33.1,29.1,34.4,37.6,31.2
2026-03-11T06:00:00Z,51,51,,84,84,,25.4,28.4,22.5,27.5,30.9,24.1
2026-03-11T12:00:00Z,49,49,,87,87,,39.3,42.5,36.2,47,51.7,42.3
2026-03-11T18:00:00Z,45,45,,89,89,,30.1,33.6,26.6,32.9,37.8,27.9
2026-03-12T00:00:00Z,47,47,,87,87,,31.5,33.3,29.7,34.8,37.6,32
2026-03-12T06:00:00Z,50,50,,84,84,,38.7,40.2,37.3,46.1,48.6,43.6
2026-03-12T12:00:00Z,45,45,,88,88,,43,46.2,39.9,52,56.5,47.6
2026-03-12T18:00:00Z,40,40,,91,91,,34.1,46.9,21.3,38.1,54.1,22.2
2026-03-13T00:00:00Z,45,45,,88,88,,39.3,46.7,32,45.3,54.7,35.8
2026-03-13T06:00:00Z,48,48,,86,86,,36,38.1,34,42.2,45.6,38.9
2026-03-13T12:00:00Z,43,43,,90,90,,42.1,44.8,39.3,50.9,55,46.8
2026-03-13T18:00:00Z,39,39,,91,91,,25.1,29.2,20.9,27,32,22
2026-03-14T00:00:00Z,46,46,,87,87,,28.5,31.7,25.3,30.9,35.1,26.7
2026-03-14T06:00:00Z,48,48,,86,86,,29.9,33,26.8,33.3,37.6,29
2026-03-14T12:00:00Z,45,45,,88,88,,45.6,49.8,41.4,54.8,59.8,49.8
2026-03-14T18:00:00Z,42,42,,90,90,,29.5,34.8,24.3,32.5,39.5,25.6
2026-03-15T00:00:00Z,47,47,,87,87,,28.4,31.6,25.1,30.8,35.1,26.4
2026-03-15T06:00:00Z,50,50,,85,85,,26.8,29.7,24,29.2,32.8,25.6
2026-03-15T12:00:00Z,45,45,,89,89,,36.1,40.9,31.4,41.8,48.6,35
2026-03-15T18:00:00Z,39,39,,92,92,,26.7,35.2,18.3,29.1,39.2,18.9
2026-03-16T00:00:00Z,46,46,,87,87,,32.9,35.3,30.5,37.2,41,33.4
2026-03-16T06:00:00Z,50,50,,85,85,,33.1,35.4,30.9,38.3,41.4,35.3
2026-03-16T12:00:00Z,43,43,,90,90,,43.6,46.8,40.3,51.5,55.9,47.2
2026-03-16T18:00:00Z,37,37,,93,93,,28.3,33.5,23.1,31.2,38.1,24.4
2026-03-17T00:00:00Z,44,44,,88,88,,31,33.5,28.4,34.6,38.7,30.5
2026-03-17T06:00:00Z,49,49,,86,86,,32.7,34.9,30.5,37.5,41.2,33.8
2026-03-17T12:00:00Z,48,48,,87,87,,35.1,37.2,33,40.9,44.5,37.4
2026-03-17T18:00:00Z,41,41,,90,90,,29.9,33.7,26,33.1,38.4,27.7
2026-03-18T00:00:00Z,45,45,,88,88,,32.7,34.9,30.5,36.9,40.7,33.1
2026-03-18T06:00:00Z,49,49,,85,85,,29.7,32.6,26.7,32.6,36.8,28.4
2026-03-18T12:00:00Z,45,45,,89,89,,45.3,47.6,43,54.5,57.6,51.5
2026-03-18T18:00:00Z,38,38,,93,93,,25.2,28.5,21.9,26.9,30.7,23.2
2026-03-19T00:00:00Z,45,45,,87,87,,27,30.1,23.8,28.8,32.6,25
2026-03-19T06:00:00Z,50,50,,84,84,,25.6,29,22.2,27.5,31.4,23.6
2026-03-19T12:00:00Z,47,47,,87,87,,37.9,39.4,36.3,44.6,47.1,42.1
2026-03-19T18:00:00Z,43,43,,89,89,,32.4,34.3,30.6,36.8,40,33.6
2026-03-20T00:00:00Z,47,47,,86,86,,33,35.1,30.9,37.3,40.6,33.9
2026-03-20T06:00:00Z,50,50,,84,84,,33.9,36.2,31.5,38.5,41.8,35.2
2026-03-20T12:00:00Z,46,46,,88,88,,44.4,46.8,42.1,53.6,57,50.3
2026-03-20T18:00:00Z,39,39,,91,91,,30.4,33.9,27,34.4,39.3,29.6
2026-03-21T00:00:00Z,47,47,,87,87,,33.9,36.2,31.6,38.5,42.4,34.6
2026-03-21T06:00:00Z,51,51,,84,84,,30,32.7,27.2,32.7,36.4,29
2026-03-21T12:00:00Z,47,47,,86,86,,41,42.4,39.7,48.9,51.1,46.8
2026-03-21T18:00:00Z,43,43,,88,88,,36.1,38.8,33.4,41.7,45.9,37.5
2026-03-22T00:00:00Z,51,51,,83,83,,39,40.9,37.2,46.1,48.9,43.3
2026-03-22T06:00:00Z,53,53,,82,82,,47.8,49.8,45.8,57.6,60.2,55
2026-03-22T12:00:00Z,45,45,,87,87,,46.6,48.8,44.3,56.6,59.9,53.2
2026-03-22T18:00:00Z,41,41,,88,88,,28.7,32.5,24.9,31.3,36.4,26.2
2026-03-23T00:00:00Z,50,50,,84,84,,34.7,37,32.4,39.4,43,35.8
2026-03-23T06:00:00Z,53,53,,82,82,,43.7,45.1,42.3,52.6,54.9,50.4
2026-03-23T12:00:00Z,48,48,,86,86,,51.4,52.7,50.2,63.2,64.8,61.6
2026-03-23T18:00:00Z,44,44,,87,87,,33.2,35,31.5,37.6,40.4,34.7
2026-03-24T00:00:00Z,52,52,,83,83,,42.9,44.5,41.4,51.6,54,49.2
2026-03-24T06:00:00Z,53,53,,82,82,,42.8,43.9,41.6,51.5,53.3,49.6
2026-03-24T12:00:00Z,48,48,,86,86,,44,45.4,42.6,53.4,55.7,51.2
2026-03-24T18:00:00Z,40,40,,89,89,,27,29.5,24.5,29.2,32.4,26.1
2026-03-25T00:00:00Z,50,50,,84,84,,34.4,36.2,32.6,39.3,42.5,36.1
2026-03-25T06:00:00Z,52,52,,82,82,,36.7,38.3,35.1,42.7,45.5,39.9
2026-03-25T12:00:00Z,45,45,,88,88,,46.5,47.8,45.2,56.7,58.8,54.7
2026-03-25T18:00:00Z,40,40,,90,90,,29.8,32.1,27.4,32.9,36.3,29.5
2026-03-26T00:00:00Z,46,46,,86,86,,37.9,39.2,36.6,44.8,47,42.6
2026-03-26T06:00:00Z,51,51,,84,84,,40.9,42.1,39.7,49.1,50.9,47.2
2026-03-26T12:00:00Z,44,44,,88,88,,41.2,42.5,39.9,49.4,51.5,47.2
2026-03-26T18:00:00Z,38,38,,90,90,,28.3,32.4,24.2,31.2,36.6,25.9
2026-03-27T00:00:00Z,44,44,,86,86,,36.4,38.1,34.6,43.1,46,40.2
2026-03-27T06:00:00Z,51,51,,84,84,,34.3,36,32.7,39.5,42,37
2026-03-27T12:00:00Z,44,44,,88,88,,43.4,46.9,39.8,52,56.4,47.5
2026-03-27T18:00:00Z,38,38,,90,90,,26.7,30.1,23.3,29,33.2,24.9
2026-03-28T00:00:00Z,48,48,,86,86,,34.3,36,32.5,39.8,42.8,36.8
2026-03-28T06:00:00Z,53,53,,83,83,,31.8,33.6,30,35.8,38.6,32.9
2026-03-28T12:00:00Z,48,48,,87,87,,41.6,43.1,40.1,50.3,52.7,48
2026-03-28T18:00:00Z,42,42,,88,88,,32.1,34.5,29.7,36.4,40,32.7
2026-03-29T00:00:00Z,50,50,,84,84,,30,32.3,27.8,33.3,36.7,29.9
2026-03-29T06:00:00Z,55,55,,82,82,,28.5,30.8,26.2,30.7,33.7,27.7
2026-03-29T12:00:00Z,51,51,,85,85,,41.5,42.7,40.3,50,51.8,48.1
2026-03-29T18:00:00Z,46,46,,87,87,,33.5,35.7,31.2,37.9,41.6,34.2
2026-03-30T00:00:00Z,53,53,,83,83,,36.9,38.7,35.1,43.2,45.9,40.4
2026-03-30T06:00:00Z,55,55,,82,82,,37,38,36,43.3,45,41.6
2026-03-30T12:00:00Z,50,50,,86,86,,44.3,45.3,43.3,53.9,55.6,52.2
2026-03-30T18:00:00Z,46,46,,87,87,,31,32.8,29.1,34.2,37.3,31.1
2026-03-31T00:00:00Z,52,52,,83,83,,35.5,37.2,33.8,41.3,44.1,38.6
2026-03-31T06:00:00Z,56,56,,82,82,,35.5,37.1,33.8,41.1,43.9,38.2
2026-03-31T12:00:00Z,52,52,,85,85,,52,53.5,50.5,60.8,62.7,58.9
2026-03-31T18:00:00Z,44,44,,88,88,,31.8,33.8,29.9,35.7,39.1,32.4
2026-04-01T00:00:00Z,50,50,,85,85,,33.7,35,32.4,38.3,40.7,36
2026-04-01T06:00:00Z,56,56,,83,83,,34.3,35.2,33.3,38.7,40.3,37
2026-04-01T12:00:00Z,51,51,,86,86,,46.4,47.2,45.7,57.1,58.4,55.8
2026-04-01T18:00:00Z,42,42,,88,88,,34,36.2,31.8,39,42.4,35.7
2026-04-02T00:00:00Z,48,48,,86,86,,37.3,39,35.6,44,46.8,41.2
2026-04-02T06:00:00Z,57,57,,82,82,,33.3,35.6,31.1,37.6,41.5,33.7
2026-04-02T12:00:00Z,49,49,,86,86,,43.8,45.3,42.4,53.2,55.5,50.9
2026-04-02T18:00:00Z,42,42,,88,88,,26.4,28.2,24.6,28.4,30.4,26.4
2026-04-03T00:00:00Z,52,52,,83,83,,32,34.2,29.9,35.5,38.9,32.2
2026-04-03T06:00:00Z,56,56,,81,81,,33.5,36.6,30.4,37.5,42.3,32.8
2026-04-03T12:00:00Z,53,53,,83,83,,50.8,52,49.6,63,64.8,61.2
2026-04-03T18:00:00Z,49,49,,85,85,,34.9,36.9,32.9,39.8,43.1,36.5
2026-04-04T00:00:00Z,53,53,,82,82,,35.5,36.9,34,40.9,43.4,38.3
2026-04-04T06:00:00Z,56,56,,81,81,,38.5,40.9,36.2,45.7,49.2,42.1
2026-04-04T12:00:00Z,52,52,,84,84,,52.6,54.1,51.1,64.7,66.5,62.9
2026-04-04T18:00:00Z,45,45,,87,87,,40.2,42.1,38.4,47.9,50.7,45.1
2026-04-05T00:00:00Z,53,53,,83,83,,43.8,45.4,42.2,52.9,55.4,50.5
2026-04-05T06:00:00Z,55,55,,81,81,,47.3,49,45.5,56.6,59.1,54.1
2026-04-05T12:00:00Z,47,47,,87,87,,47.2,49.1,45.2,56.8,59.3,54.3
2026-04-05T18:00:00Z,43,43,,88,88,,30.5,33.1,27.9,33.9,37.3,30.4
2026-04-06T00:00:00Z,52,52,,84,84,,28.5,31.5,25.5,30.8,34.8,26.8
2026-04-06T06:00:00Z,55,55,,82,82,,32.4,35,29.9,36.4,40.5,32.3
2026-04-06T12:00:00Z,49,49,,86,86,,34.7,37,32.4,40.3,43.8,36.8
2026-04-06T18:00:00Z,42,42,,88,88,,24.8,28.3,21.4,26.9,30.9,23
2026-04-07T00:00:00Z,46,46,,84,84,,23.8,27.2,20.4,25.4,29.1,21.6
2026-04-07T06:00:00Z,52,52,,82,82,,24.2,28.4,20,25.9,30.5,21.2
2026-04-07T12:00:00Z,49,49,,85,85,,35.5,37.6,33.4,41.8,45.3,38.3
2026-04-07T18:00:00Z,44,44,,87,87,,29.2,31.9,26.6,32.2,36,28.4
2026-04-08T00:00:00Z,51,51,,84,84,,31.2,33.8,28.5,34.7,39,30.4
2026-04-08T06:00:00Z,55,55,,82,82,,35.2,37.7,32.7,40.4,44.2,36.7
2026-04-08T12:00:00Z,50,50,,86,86,,45.2,47.2,43.2,55.4,58.4,52.4
2026-04-08T18:00:00Z,45,45,,88,88,,35,37.3,32.8,40.9,44.3,37.4
