time_stamp,humidity,humidity_a,humidity_b,temperature,temperature_a,temperature_b,pm2.5_atm,pm2.5_atm_a,pm2.5_atm_b,pm10.0_atm,pm10.0_atm_a,pm10.0_atm_b
2024-04-17T12:00:00Z,46,46,,88,88,,43.5,43.5,43.4,53.2,53,53.4
2024-05-03T12:00:00Z,58,58,,79,79,,39,38.8,39.3,46.3,45.6,47
2024-05-03T18:00:00Z,54,54,,81,81,,32.2,31.7,32.6,36.4,35.5,37.3
2024-05-04T00:00:00Z,63,63,,75,75,,27,26.4,27.6,29.6,28.6,30.6
2024-05-04T06:00:00Z,66,66,,74,74,,38.2,37.8,38.6,46.3,45.5,47.2
2024-05-04T12:00:00Z,62,62,,76,76,,31.8,31.4,32.2,36.7,35.8,37.5
2024-05-04T18:00:00Z,53,53,,80,80,,25.1,24.5,25.6,27.3,26.3,28.2
2024-05-05T00:00:00Z,61,61,,76,76,,47.4,47.3,47.6,59.9,59.6,60.3
2024-05-05T06:00:00Z,64,64,,74,74,,46.5,46.4,46.6,58.9,58.7,59.2
2024-05-05T12:00:00Z,60,60,,77,77,,51.9,51.6,52.2,64,63.5,64.5
2024-05-05T18:00:00Z,54,54,,79,79,,35.2,34.7,35.6,40.6,39.9,41.3
2024-05-06T00:00:00Z,61,61,,75,75,,30.5,30,30.9,35.1,34.2,35.9
2024-05-06T06:00:00Z,64,64,,73,73,,38.9,38.6,39.3,45.8,44.9,46.7
2024-05-06T12:00:00Z,56,56,,79,79,,50.8,50.5,51,62.2,61.7,62.7
2024-05-06T18:00:00Z,52,52,,81,81,,25.4,24.9,26,27.6,26.7,28.5
2024-05-07T00:00:00Z,60,60,,76,76,,28.2,27.7,28.6,30.2,29.5,30.9
2024-05-07T06:00:00Z,64,64,,74,74,,35.5,35.2,35.9,41.7,40.8,42.6
2024-05-07T12:00:00Z,58,58,,78,78,,43.5,43.3,43.7,53.1,52.4,53.8
2024-05-07T18:00:00Z,53,53,,80,80,,31.3,30.8,31.7,35.5,34.7,36.3
2024-05-08T00:00:00Z,62,62,,75,75,,30,29.6,30.3,33.6,32.8,34.5
2024-05-08T06:00:00Z,64,64,,73,73,,34.5,34.2,34.8,39.7,38.8,40.5
2024-05-08T12:00:00Z,58,58,,78,78,,48.6,48.4,48.8,60.9,60.5,61.4
2024-05-08T18:00:00Z,56,56,,78,78,,44.3,44.2,44.5,54.9,54.4,55.4
2024-05-09T00:00:00Z,64,64,,73,73,,59,58.7,59.2,72.1,71.9,72.3
2024-05-09T06:00:00Z,67,67,,71,71,,52.6,52.3,52.8,66.5,66.5,66.6
2024-05-09T12:00:00Z,60,60,,75,75,,43.6,43.3,43.8,53.7,53.1,54.3
2024-05-09T18:00:00Z,55,55,,78,78,,37.8,37.5,38.1,44.1,43.3,44.9
2024-05-10T00:00:00Z,62,62,,74,74,,41.8,41.5,42.1,50.5,49.7,51.3
2024-05-10T06:00:00Z,65,65,,72,72,,34.6,34.2,35,40.2,39.4,41
2024-05-10T12:00:00Z,54,54,,80,80,,33.9,33.4,34.3,39.3,38.4,40.2
2024-05-10T18:00:00Z,48,48,,82,82,,15.4,14.9,15.9,16.7,16,17.4
2024-05-11T00:00:00Z,56,56,,76,76,,21.3,20.9,21.8,23.4,22.7,24
2024-05-11T06:00:00Z,63,63,,73,73,,21,20.4,21.5,23.4,22.6,24.1
2024-05-14T00:00:00Z,65,65,,72,72,,57.8,57.3,58.3,67.5,66.9,68
2024-05-14T06:00:00Z,63,63,,72,72,,38.5,37.9,39,44.8,44,45.7
2024-05-14T12:00:00Z,57,57,,77,77,,45.2,44.8,45.7,54.5,53.7,55.4
2024-05-14T18:00:00Z,56,56,,77,77,,30,29.5,30.6,33.5,32.5,34.5
2024-05-15T00:00:00Z,63,63,,72,72,,32.8,32.5,33.1,37.1,36.5,37.8
2024-05-15T06:00:00Z,65,65,,72,72,,52.5,52.3,52.8,59.9,59.2,60.6
2024-05-15T12:00:00Z,57,57,,77,77,,50.3,50.3,50.3,62.9,62.6,63.2
2024-05-15T18:00:00Z,51,51,,80,80,,29.8,29.4,30.2,32.6,31.7,33.4
2024-05-16T00:00:00Z,60,60,,75,75,,48.4,48.4,48.3,57.4,57.1,57.7
2024-05-16T06:00:00Z,64,64,,72,72,,94,93.9,94.1,104.7,103.9,105.4
2024-05-16T12:00:00Z,56,56,,79,79,,54.6,54.4,54.8,60.2,59.6,60.8
2024-05-16T18:00:00Z,49,49,,82,82,,19.4,19,19.8,20.3,19.8,20.9
2024-05-17T00:00:00Z,62,62,,74,74,,35.2,35.1,35.3,40.6,40.1,41
2024-05-17T06:00:00Z,67,67,,71,71,,53.8,54.3,53.3,67.1,67.4,66.9
2024-05-17T12:00:00Z,58,58,,77,77,,47,47.2,46.8,56.6,56.3,56.9
2024-05-17T18:00:00Z,55,55,,78,78,,25.7,25.3,26,27.3,26.7,27.9
2024-05-18T00:00:00Z,63,63,,74,74,,37.6,37.6,37.6,44.1,43.7,44.5
2024-05-18T06:00:00Z,65,65,,72,72,,44.9,45.1,44.6,55.3,55.1,55.4
2024-05-18T12:00:00Z,60,60,,76,76,,48.7,49,48.5,58.4,58.3,58.6
2024-05-18T18:00:00Z,55,55,,78,78,,32.9,32.7,33,37.2,36.7,37.7
2024-05-19T00:00:00Z,62,62,,73,73,,41.3,41.4,41.1,49.3,49.1,49.5
2024-05-19T06:00:00Z,66,66,,71,71,,45.4,45.7,45.1,55.8,55.8,55.8
2024-05-19T12:00:00Z,60,60,,74,74,,53.9,53.9,53.9,62.8,62.4,63.3
2024-05-19T18:00:00Z,56,56,,76,76,,37.3,37.3,37.3,43.9,43.4,44.4
2024-05-20T00:00:00Z,63,63,,72,72,,40.8,41,40.5,49.5,49.4,49.6
2024-05-20T06:00:00Z,67,67,,70,70,,32.4,32.4,32.3,37.2,36.8,37.7
2024-05-20T12:00:00Z,66,66,,70,70,,30.6,30.6,30.7,34.4,34,34.9
2024-05-20T18:00:00Z,61,61,,72,72,,31.4,31.3,31.6,35.5,35,36
2024-05-21T00:00:00Z,65,65,,70,70,,38.3,38.3,38.3,45.1,44.8,45.5
2024-05-21T06:00:00Z,71,71,,68,68,,33.1,33,33.3,36.1,35.4,36.8
2024-05-21T12:00:00Z,70,70,,69,69,,28.2,28,28.5,31.4,30.8,32
2024-05-21T18:00:00Z,62,62,,72,72,,32.2,31.9,32.5,35.6,35.1,36.2
2024-05-22T00:00:00Z,66,66,,70,70,,42.4,42.3,42.4,51.5,51,52
2024-05-22T06:00:00Z,66,66,,70,70,,43.2,43.3,43.1,53.2,52.8,53.5
2024-05-22T12:00:00Z,69,69,,70,70,,46.8,46.6,47.1,56.5,55.8,57.2
2024-05-22T18:00:00Z,60,60,,73,73,,42.6,42.5,42.7,50.5,50,51
2024-05-23T00:00:00Z,63,63,,71,71,,45.1,45.1,45.1,54,53.5,54.5
2024-05-23T06:00:00Z,67,67,,70,70,,61.7,62.1,61.3,73.8,73.7,73.9
2024-05-23T12:00:00Z,64,64,,71,71,,57.9,57.9,57.9,69,68.7,69.3
2024-05-23T18:00:00Z,56,56,,75,75,,51.6,51.7,51.6,63.1,62.7,63.4
2024-05-24T00:00:00Z,63,63,,71,71,,70.2,70.5,69.9,81.6,81.7,81.5
2024-05-24T06:00:00Z,66,66,,70,70,,88.5,88.7,88.3,99.7,100.1,99.4
2024-05-24T12:00:00Z,63,63,,72,72,,70.1,70.1,70,82.1,82.2,82.1
2024-05-24T18:00:00Z,57,57,,75,75,,49.8,49.9,49.8,60.7,60.5,61
2024-05-25T00:00:00Z,64,64,,71,71,,51.3,51.2,51.3,62.3,61.9,62.8
2024-05-25T06:00:00Z,66,66,,70,70,,70.1,70.4,69.8,79.6,79.5,79.6
2024-05-25T12:00:00Z,61,61,,74,74,,56.9,57.1,56.7,68.2,68.1,68.3
2024-05-25T18:00:00Z,55,55,,76,76,,35.4,35.2,35.6,40.9,40.3,41.6
2024-05-26T00:00:00Z,62,62,,72,72,,48.4,48.4,48.3,58.9,58.5,59.3
2024-05-26T06:00:00Z,64,64,,70,70,,52.4,52.3,52.4,61.6,61.1,62.1
2024-05-26T12:00:00Z,63,63,,72,72,,47.2,47.2,47.2,58.2,57.8,58.7
2024-05-26T18:00:00Z,59,59,,73,73,,36,35.9,36.2,42.4,41.8,42.9
2024-05-27T00:00:00Z,63,63,,70,70,,40.8,40.7,41,48.9,48.2,49.6
2024-05-27T06:00:00Z,65,65,,69,69,,45.6,45.6,45.5,56.2,55.8,56.6
2024-05-27T12:00:00Z,57,57,,73,73,,42.5,42.5,42.5,51.5,51.2,51.9
2024-05-27T18:00:00Z,55,55,,75,75,,55.8,56.2,55.4,69.2,69.3,69
2024-05-28T00:00:00Z,63,63,,70,70,,58.6,58.9,58.4,70.6,70.6,70.6
2024-05-28T06:00:00Z,65,65,,69,69,,53,53.4,52.7,67.7,67.9,67.5
2024-05-28T12:00:00Z,58,58,,73,73,,43.9,43.8,43.9,53.6,53.2,53.9
2024-05-28T18:00:00Z,55,55,,74,74,,28.9,28.7,29,32.5,32,33
2024-05-29T00:00:00Z,61,61,,71,71,,45,45.1,44.9,55.3,55,55.5
2024-05-29T06:00:00Z,65,65,,69,69,,45.6,45.7,45.4,56.7,56.6,56.9
2024-05-29T12:00:00Z,59,59,,73,73,,55.1,55.4,54.8,67.6,67.5,67.7
2024-05-29T18:00:00Z,54,54,,76,76,,49.5,49.7,49.3,61.9,61.9,61.9
2024-05-30T00:00:00Z,63,63,,70,70,,53.3,53.6,53.1,66.5,66.5,66.5
2024-05-30T06:00:00Z,70,70,,68,68,,38.9,38.7,39.1,44.4,43.7,45.1
2024-05-30T12:00:00Z,64,64,,70,70,,41.7,41.6,41.8,49.8,49.3,50.4
2024-05-30T18:00:00Z,62,62,,70,70,,42,42,42,50.9,50.4,51.4
2024-05-31T00:00:00Z,65,65,,69,69,,40.1,40.1,40.1,48.3,47.9,48.7
2024-05-31T06:00:00Z,65,65,,69,69,,52.1,52.7,51.5,65.5,65.7,65.4
2024-05-31T12:00:00Z,63,63,,70,70,,49.3,49.5,49.1,62.1,62.1,62.2
2024-05-31T18:00:00Z,61,61,,71,71,,46.6,46.7,46.6,56.4,56.1,56.7
2024-06-01T00:00:00Z,66,66,,68,68,,48.6,48.8,48.3,60,59.8,60.2
2024-06-01T06:00:00Z,69,69,,67,67,,35.4,35.6,35.3,41.9,41.6,42.2
2024-06-01T12:00:00Z,63,63,,69,69,,47.4,47.6,47.1,57.8,57.6,58
2024-06-01T18:00:00Z,62,62,,69,69,,42.9,43,42.8,52.5,52.2,52.7
2024-06-02T00:00:00Z,65,65,,68,68,,47.8,48,47.6,58,57.8,58.2
2024-06-02T06:00:00Z,64,64,,68,68,,32.4,32.4,32.5,36.6,36,37.1
2024-06-02T12:00:00Z,58,58,,69,69,,27.6,27.5,27.8,30.6,30,31.1
2024-06-02T18:00:00Z,56,56,,70,70,,21.1,20.9,21.3,22.2,21.7,22.8
2024-06-03T00:00:00Z,63,63,,69,69,,44.9,45,44.8,52.5,52.1,52.8
2024-06-03T06:00:00Z,61,61,,69,69,,36.5,36.5,36.5,42.5,42,43
2024-06-03T12:00:00Z,58,58,,72,72,,51.9,52.3,51.5,63.9,63.8,64.1
2024-06-03T18:00:00Z,50,50,,76,76,,38.9,38.9,38.9,46.7,46.4,47
2024-06-04T00:00:00Z,59,59,,70,70,,35.2,35.1,35.3,40.6,40,41.3
2024-06-04T06:00:00Z,60,60,,70,70,,49.5,49.8,49.3,61.4,61.1,61.6
2024-06-04T12:00:00Z,59,59,,71,71,,43.7,43.9,43.5,53.7,53.5,53.8
2024-06-04T18:00:00Z,53,53,,75,75,,34.6,34.5,34.7,39.3,38.8,39.8
2024-06-05T00:00:00Z,60,60,,71,71,,54.8,55,54.6,64.4,64.3,64.5
2024-06-05T06:00:00Z,64,64,,68,68,,40.4,40.4,40.3,48.7,48.4,49.1
2024-06-05T12:00:00Z,55,55,,75,75,,60.5,60.9,60.1,71.2,71.2,71.2
2024-06-05T18:00:00Z,56,56,,74,74,,38.5,38.5,38.5,45.8,45.4,46.1
2024-06-06T00:00:00Z,63,63,,70,70,,44.1,44.1,44.1,53.7,53.3,54.1
2024-06-06T06:00:00Z,65,65,,69,69,,56.2,56.8,55.6,69.9,70.2,69.7
2024-06-06T12:00:00Z,56,56,,74,74,,61.6,62.2,61,73.1,73.4,72.7
2024-06-06T18:00:00Z,52,52,,77,77,,28.8,28.6,29,31.8,31.3,32.3
2024-06-07T00:00:00Z,61,61,,72,72,,45.6,45.8,45.4,56.6,56.4,56.7
2024-06-07T06:00:00Z,65,65,,70,70,,39,39.1,38.8,47.1,46.8,47.4
2024-06-07T12:00:00Z,56,56,,75,75,,53.2,53.6,52.8,64.3,64.3,64.4
2024-06-07T18:00:00Z,51,51,,78,78,,27.4,27,27.7,29.3,28.6,30
2024-06-08T00:00:00Z,62,62,,71,71,,39.6,39.6,39.7,47.7,47.1,48.2
2024-06-08T06:00:00Z,66,66,,69,69,,35.7,35.7,35.7,42.8,42.3,43.2
2024-06-08T12:00:00Z,60,60,,73,73,,44.9,45,44.7,56,55.8,56.1
2024-06-08T18:00:00Z,55,55,,75,75,,30,29.7,30.2,33.3,32.6,34
2024-06-09T00:00:00Z,66,66,,70,70,,23.9,23.6,24.2,26.1,25.4,26.7
2024-06-09T06:00:00Z,69,69,,69,69,,12.4,11.9,12.8,13.1,12.5,13.8
2024-06-09T12:00:00Z,62,62,,71,71,,23.1,22.8,23.5,25.1,24.4,25.8
2024-06-09T18:00:00Z,55,55,,74,74,,24,23.8,24.2,26.7,26.2,27.2
2024-06-10T00:00:00Z,61,61,,71,71,,26.9,26.8,27.1,30.7,30.2,31.3
2024-06-10T06:00:00Z,63,63,,70,70,,35.3,35.3,35.3,41.5,41,42
2024-06-10T12:00:00Z,60,60,,72,72,,40.7,40.7,40.6,50.1,49.8,50.4
2024-06-10T18:00:00Z,51,51,,75,75,,31.1,31,31.3,34.9,34.3,35.6
2024-06-11T00:00:00Z,61,61,,70,70,,28.3,28,28.5,31.5,30.9,32.1
2024-06-11T06:00:00Z,63,63,,69,69,,49.3,49.3,49.3,59.4,59,59.9
2024-06-11T12:00:00Z,57,57,,74,74,,61,61.3,60.8,72,71.7,72.3
2024-06-11T18:00:00Z,54,54,,76,76,,49.6,49.5,49.6,60.9,60.5,61.2
2024-06-12T00:00:00Z,61,61,,72,72,,45.4,45.4,45.4,55.8,55.3,56.2
2024-06-12T06:00:00Z,65,65,,70,70,,46.7,46.7,46.7,58.1,57.8,58.5
2024-06-12T12:00:00Z,60,60,,73,73,,61.3,61.3,61.3,73.8,73.5,74.2
2024-06-12T18:00:00Z,56,56,,75,75,,46.9,46.8,47.1,56,55.5,56.5
2024-06-13T00:00:00Z,63,63,,71,71,,46.1,46.2,46.1,57.2,56.9,57.5
2024-06-13T06:00:00Z,63,63,,70,70,,38.4,38.4,38.4,46.4,46,46.9
2024-06-13T12:00:00Z,60,60,,72,72,,45.3,45.3,45.3,56.3,56,56.6
2024-06-13T18:00:00Z,56,56,,74,74,,30.7,30.4,31.1,34.9,34.1,35.7
2024-06-14T00:00:00Z,62,62,,71,71,,37.8,37.7,37.9,45.3,44.7,45.9
2024-06-14T06:00:00Z,63,63,,70,70,,49.9,50.1,49.6,59.6,59.4,59.8
2024-06-14T12:00:00Z,53,53,,76,76,,58.1,58.3,57.9,68,67.9,68
2024-06-14T18:00:00Z,52,52,,76,76,,41.1,41,41.3,50,49.3,50.6
2024-06-15T00:00:00Z,60,60,,72,72,,47.8,47.8,47.7,59.7,59.3,60.1
2024-06-15T06:00:00Z,60,60,,71,71,,44.9,44.9,44.9,54.1,53.6,54.5
2024-06-15T12:00:00Z,59,59,,72,72,,52,52.1,52,63.2,63,63.5
2024-06-15T18:00:00Z,55,55,,75,75,,36,35.8,36.2,42.5,41.9,43.2
2024-06-16T00:00:00Z,60,60,,71,71,,51.4,51.3,51.4,61.3,60.8,61.8
2024-06-16T06:00:00Z,63,63,,70,70,,50.6,50.7,50.5,63,62.7,63.3
2024-06-16T12:00:00Z,61,61,,71,71,,45.8,45.8,45.8,56.6,56.2,57.1
2024-06-16T18:00:00Z,55,55,,74,74,,35.7,35.6,35.9,42.1,41.4,42.7
2024-06-17T00:00:00Z,63,63,,71,71,,46.7,46.7,46.7,58.2,57.9,58.5
2024-06-17T06:00:00Z,63,63,,70,70,,43.9,43.9,43.8,54.4,54.2,54.7
2024-06-17T12:00:00Z,58,58,,73,73,,45.9,45.6,46.1,54.9,54.3,55.6
2024-06-17T18:00:00Z,59,59,,72,72,,35.4,35.2,35.6,42.5,42,43
2024-06-18T00:00:00Z,63,63,,70,70,,21.6,21.2,22,23.2,22.6,23.9
2024-06-18T06:00:00Z,65,65,,69,69,,31,30.8,31.2,34.9,34.2,35.6
2024-06-18T12:00:00Z,68,68,,69,69,,37.6,37.3,37.9,42.3,41.5,43.1
2024-06-18T18:00:00Z,65,65,,70,70,,36.8,36.5,37.1,43,42.2,43.7
2024-06-19T00:00:00Z,63,63,,70,70,,36.6,36.5,36.7,43.7,43.2,44.1
2024-06-19T06:00:00Z,65,65,,68,68,,41.7,41.8,41.7,51.5,51.2,51.9
2024-06-19T12:00:00Z,67,67,,69,69,,45.4,45.2,45.7,53.2,52.3,54
2024-06-19T18:00:00Z,63,63,,70,70,,55,54.7,55.3,62.8,62.1,63.4
2024-06-20T00:00:00Z,66,66,,69,69,,56.7,56.5,56.8,65.1,64.5,65.6
2024-06-20T06:00:00Z,67,67,,68,68,,45.7,45.7,45.7,57.1,56.8,57.4
2024-06-20T12:00:00Z,61,61,,71,71,,52.5,52.6,52.3,65.1,64.9,65.2
2024-06-20T18:00:00Z,60,60,,72,72,,56.4,56.6,56.1,70.8,70.8,70.7
2024-06-21T00:00:00Z,64,64,,70,70,,53.8,54,53.6,67.7,67.6,67.7
2024-06-21T06:00:00Z,66,66,,69,69,,57.1,57.3,56.9,70.2,70.4,70
2024-06-21T12:00:00Z,62,62,,72,72,,64.7,64.6,64.8,76.3,76.2,76.5
2024-06-21T18:00:00Z,59,59,,73,73,,40.2,40.1,40.4,48.7,48.2,49.2
2024-06-22T00:00:00Z,65,65,,70,70,,63.5,63.8,63.3,73.7,73.6,73.7
2024-06-22T06:00:00Z,68,68,,69,69,,74.6,75.3,73.9,85.2,85.9,84.4
2024-06-22T12:00:00Z,66,66,,70,70,,53.3,53.4,53.1,63.5,63.3,63.8
2024-06-22T18:00:00Z,61,61,,72,72,,45,45,45,54.5,54.3,54.8
2024-06-23T00:00:00Z,66,66,,69,69,,60.7,60.9,60.4,71.7,71.6,71.9
2024-06-23T06:00:00Z,68,68,,68,68,,48.9,49.1,48.8,58.6,58.4,58.9
2024-06-23T12:00:00Z,66,66,,68,68,,37.2,37,37.3,43.6,42.9,44.2
2024-06-23T18:00:00Z,60,60,,70,70,,23.2,22.9,23.6,25.2,24.6,25.8
2024-06-24T00:00:00Z,64,64,,69,69,,31.6,31.5,31.6,35.8,35.3,36.3
2024-06-24T06:00:00Z,66,66,,68,68,,38.3,38.4,38.2,45.4,45,45.7
2024-06-24T12:00:00Z,62,62,,70,70,,50.4,50.7,50.1,62.1,62,62.2
2024-06-24T18:00:00Z,61,61,,70,70,,37.2,37.2,37.2,44.2,43.7,44.6
2024-06-25T00:00:00Z,63,63,,69,69,,40.7,40.7,40.6,48.9,48.6,49.2
2024-06-25T06:00:00Z,67,67,,68,68,,41.6,41.8,41.4,50.5,50.2,50.8
2024-06-25T12:00:00Z,66,66,,69,69,,46.1,46.1,46.1,55.7,55.2,56.1
2024-06-25T18:00:00Z,60,60,,71,71,,39.4,39.4,39.4,46.8,46.3,47.2
2024-06-26T00:00:00Z,66,66,,69,69,,47.1,47.3,46.9,58.7,58.5,58.8
2024-06-26T06:00:00Z,70,70,,68,68,,47.6,47.8,47.3,59.5,59.4,59.7
2024-06-26T12:00:00Z,67,67,,69,69,,47.1,47.2,47.1,57.6,57.3,57.8
2024-06-26T18:00:00Z,63,63,,71,71,,57.9,58,57.7,70.2,70.1,70.3
2024-06-27T00:00:00Z,66,66,,69,69,,67.9,68.5,67.4,78.3,78.6,78
2024-06-27T06:00:00Z,69,69,,68,68,,75.3,75.9,74.6,86.8,87.5,86
2024-06-27T12:00:00Z,68,68,,69,69,,62,62.5,61.5,74.1,74.5,73.8
2024-06-27T18:00:00Z,65,65,,70,70,,57,57.3,56.8,69.4,69.3,69.4
2024-06-28T00:00:00Z,69,69,,68,68,,50.3,50.7,50,62.3,62.3,62.3
2024-06-28T06:00:00Z,72,72,,67,67,,40.1,40.3,40,48.7,48.4,49
2024-06-28T12:00:00Z,68,68,,69,69,,54.8,55.2,54.5,66.7,66.7,66.8
2024-06-28T18:00:00Z,64,64,,70,70,,53.8,54.1,53.6,63.2,63,63.3
2024-06-29T00:00:00Z,68,68,,68,68,,45.1,45.4,44.9,56.1,56,56.1
2024-06-29T06:00:00Z,71,71,,67,67,,43.3,43.5,43,53.8,53.7,53.9
2024-06-29T12:00:00Z,66,66,,70,70,,43.9,44.1,43.7,54.2,54.2,54.3
2024-06-29T18:00:00Z,63,63,,70,70,,40.7,40.7,40.7,49.5,49.2,49.9
2024-06-30T00:00:00Z,65,65,,69,69,,58.1,58.6,57.5,69.9,70,69.9
2024-06-30T06:00:00Z,66,66,,67,67,,53.1,53.6,52.6,66.1,66.2,66
2024-06-30T12:00:00Z,58,58,,72,72,,51.9,52.2,51.6,64.7,64.8,64.6
2024-06-30T18:00:00Z,54,54,,75,75,,38.9,38.8,39,46.6,46.1,47
2024-07-01T00:00:00Z,62,62,,70,70,,51.8,52.1,51.4,64.7,64.5,64.8
2024-07-01T06:00:00Z,67,67,,68,68,,38.9,39,38.7,46.7,46.4,47.1
2024-07-01T12:00:00Z,63,63,,70,70,,27.9,27.7,28.2,30.4,29.7,31
2024-07-01T18:00:00Z,58,58,,71,71,,29.2,29,29.4,31.5,30.9,32.1
2024-07-02T00:00:00Z,63,63,,68,68,,32.2,32,32.4,36.2,35.6,36.9
2024-07-02T06:00:00Z,64,64,,68,68,,44.9,45.1,44.8,55.9,55.6,56.2
2024-07-02T12:00:00Z,64,64,,69,69,,46.3,46.3,46.3,57.6,57.2,58
2024-07-02T18:00:00Z,60,60,,70,70,,43.3,43.3,43.3,53.4,53,53.8
2024-07-03T00:00:00Z,67,67,,68,68,,39,38.9,39,47.1,46.6,47.6
2024-07-03T06:00:00Z,68,68,,67,67,,50.3,50.2,50.4,61.4,61,61.7
2024-07-03T12:00:00Z,67,67,,68,68,,40.1,39.9,40.2,48.2,47.6,48.9
2024-07-03T18:00:00Z,62,62,,69,69,,35.7,35.4,35.9,41.2,40.5,42
2024-07-04T00:00:00Z,65,65,,69,69,,49.9,49.7,50,61.6,61,62.1
2024-07-04T06:00:00Z,69,69,,68,68,,54.8,54.7,54.9,65.8,65.3,66.3
2024-07-04T12:00:00Z,62,62,,72,72,,56.7,56.5,56.8,68,67.5,68.5
2024-07-04T18:00:00Z,55,55,,75,75,,42,41.8,42.3,50.5,49.8,51.3
2024-07-05T00:00:00Z,63,63,,71,71,,39,39,39.1,47.4,47,47.8
2024-07-05T06:00:00Z,65,65,,70,70,,59.9,59.6,60.2,70.5,69.7,71.4
2024-07-05T12:00:00Z,53,53,,77,77,,43.9,43.7,44.2,53.9,53.2,54.5
2024-07-05T18:00:00Z,50,50,,79,79,,38.4,38.2,38.6,46.2,45.6,46.8
2024-07-06T00:00:00Z,61,61,,72,72,,35,34.7,35.4,40.7,39.8,41.5
2024-07-06T06:00:00Z,63,63,,71,71,,44.6,44.4,44.7,55.4,54.8,56
2024-07-06T12:00:00Z,57,57,,75,75,,47.4,47.3,47.6,59.4,58.8,59.9
2024-07-06T18:00:00Z,53,53,,76,76,,37,36.6,37.3,43.4,42.5,44.3
2024-07-07T00:00:00Z,63,63,,71,71,,42,41.8,42.3,51.4,50.6,52.2
2024-07-07T06:00:00Z,66,66,,69,69,,29.4,29,29.7,34.1,33.3,35
2024-07-07T12:00:00Z,61,61,,72,72,,27.4,27,27.9,30.7,29.8,31.6
2024-07-07T18:00:00Z,57,57,,74,74,,36.6,36.2,37,43.1,42.1,44
2024-07-08T00:00:00Z,64,64,,70,70,,47,46.8,47.2,59.3,58.6,59.9
2024-07-08T06:00:00Z,67,67,,68,68,,28.9,28.6,29.2,34.4,33.6,35.2
2024-07-08T12:00:00Z,60,60,,72,72,,29.5,29.1,29.9,33.6,32.7,34.5
2024-07-08T18:00:00Z,58,58,,73,73,,28.2,27.8,28.6,30.8,29.9,31.6
2024-07-09T00:00:00Z,64,64,,70,70,,43.8,43.6,44,54.3,53.6,54.9
2024-07-09T06:00:00Z,68,68,,68,68,,28.5,28.1,28.8,33.1,32.4,33.9
2024-07-09T12:00:00Z,64,64,,70,70,,23.4,22.8,24.1,25,24.1,26
2024-07-09T18:00:00Z,61,61,,71,71,,27.9,27.3,28.5,30.6,29.6,31.7
2024-07-10T00:00:00Z,67,67,,69,69,,36,35.6,36.4,42.6,41.8,43.4
2024-07-10T06:00:00Z,70,70,,67,67,,22.1,21.3,22.9,23.3,22.3,24.4
2024-07-10T12:00:00Z,62,62,,70,70,,34.3,33.8,34.7,39,38.1,39.9
2024-07-10T18:00:00Z,56,56,,72,72,,29.3,28.8,29.7,31.9,30.9,32.9
2024-07-11T00:00:00Z,61,61,,69,69,,43.8,43.6,44,53.9,53.2,54.6
2024-07-11T06:00:00Z,68,68,,67,67,,33,32.4,33.6,38.9,37.8,39.9
2024-07-11T12:00:00Z,64,64,,69,69,,32.9,32.4,33.4,37.5,36.4,38.6
2024-07-11T18:00:00Z,61,61,,71,71,,36.5,35.9,37,42.6,41.6,43.7
2024-07-12T00:00:00Z,65,65,,69,69,,46.5,46.1,46.9,56.9,56.1,57.8
2024-07-12T06:00:00Z,66,66,,68,68,,70.8,70,71.6,84.5,83.4,85.5
2024-07-12T12:00:00Z,66,66,,69,69,,48.7,48.4,49,60.2,59.4,61
2024-07-12T18:00:00Z,60,60,,72,72,,47.6,47.3,47.9,59,58.3,59.8
2024-07-13T00:00:00Z,67,67,,69,69,,44.5,44.2,44.7,55.4,54.6,56.2
2024-07-13T06:00:00Z,69,69,,68,68,,45.2,45,45.5,56.5,55.8,57.3
2024-07-13T12:00:00Z,66,66,,70,70,,45.6,45.2,46.1,56,55.1,56.9
2024-07-13T18:00:00Z,59,59,,72,72,,49.1,48.7,49.6,59.6,58.7,60.4
2024-07-14T00:00:00Z,67,67,,68,68,,49.6,49.2,49.9,61.8,60.9,62.6
2024-07-14T06:00:00Z,69,69,,67,67,,35.2,34.8,35.7,41.7,40.6,42.7
2024-07-15T00:00:00Z,68,68,,66,66,,43.5,43.3,43.7,53.4,52.6,54.2
2024-07-15T06:00:00Z,70,70,,65,65,,54.3,53.5,55.1,60.5,59.1,61.9
2024-07-15T12:00:00Z,62,62,,69,69,,53.7,52.9,54.6,60.1,58.5,61.8
2024-07-15T18:00:00Z,61,61,,69,69,,28.6,28,29.3,32.2,31.2,33.2
2024-07-16T00:00:00Z,69,69,,66,66,,37.6,37.2,38,44.6,43.4,45.7
2024-07-16T06:00:00Z,68,68,,65,65,,43.5,43.3,43.7,54.2,53.6,54.9
2024-07-16T12:00:00Z,57,57,,70,70,,37.3,36.9,37.6,44.8,44,45.7
2024-07-16T18:00:00Z,50,50,,74,74,,41.4,41,41.7,51,50.2,51.7
2024-07-17T06:00:00Z,78,78,,63,63,,45.5,45.7,45.2,57.7,57.8,57.6
2024-07-17T12:00:00Z,64,64,,69,69,,44.3,43.8,44.8,53.2,52.2,54.2
2024-07-17T18:00:00Z,56,56,,71,71,,35.9,35.4,36.4,42.1,41,43.2
2024-07-18T06:00:00Z,63,63,,67,67,,74.1,73.5,74.7,85.2,84.4,86
2024-07-18T12:00:00Z,57,57,,71,71,,67.9,67.3,68.5,79.4,78.6,80.3
2024-07-18T18:00:00Z,52,52,,73,73,,38.2,37.8,38.6,45.5,44.5,46.5
2024-07-19T00:00:00Z,59,59,,69,69,,38.6,38.3,38.9,46.8,46,47.6
2024-07-19T18:00:00Z,51,51,,73,73,,31.4,31.2,31.6,36,35.2,36.8
2024-07-20T00:00:00Z,58,58,,69,69,,30.2,29.8,30.5,33.8,32.7,34.9
2024-07-22T00:00:00Z,66,66,,67,67,,50.1,50.3,50,63,62.8,63.1
2024-07-22T06:00:00Z,59,59,,69,69,,42.3,42.3,42.4,52,51.5,52.5
2024-07-22T12:00:00Z,53,53,,73,73,,43.9,43.8,44,54.2,53.7,54.8
2024-07-22T18:00:00Z,50,50,,75,75,,29,28.6,29.4,31.8,30.9,32.7
2024-07-23T00:00:00Z,59,59,,70,70,,43.6,43.5,43.7,53.4,52.7,54.1
2024-07-23T06:00:00Z,60,60,,69,69,,45,45,45,55.7,55.2,56.2
2024-07-23T12:00:00Z,52,52,,75,75,,48.8,48.7,48.9,60.4,59.8,60.9
2024-07-23T18:00:00Z,52,52,,75,75,,42.2,42.1,42.4,52,51.4,52.5
2024-07-24T00:00:00Z,61,61,,70,70,,43.9,43.7,44,54.4,53.7,55.1
2024-07-24T06:00:00Z,62,62,,69,69,,27.5,27.2,27.8,30.9,30,31.7
2024-07-24T12:00:00Z,61,61,,70,70,,30.3,29.9,30.7,34,33.1,34.9
2024-07-24T18:00:00Z,59,59,,72,72,,23.4,23.1,23.7,25.4,24.7,26.1
2024-07-25T06:00:00Z,77,77,,64,64,,20.4,19.9,20.8,21.9,21.1,22.6
2024-07-25T12:00:00Z,63,63,,69,69,,31.2,30.8,31.6,35.9,35.1,36.7
2024-07-25T18:00:00Z,59,59,,71,71,,43.2,43,43.3,52.6,51.9,53.2
2024-07-26T00:00:00Z,65,65,,68,68,,38.8,38.5,39,46.5,45.7,47.3
2024-07-26T06:00:00Z,64,64,,67,67,,23.3,22.8,23.8,25.4,24.5,26.2
2024-07-26T12:00:00Z,59,59,,70,70,,42,41.7,42.2,49.1,48.4,49.8
2024-07-26T18:00:00Z,56,56,,72,72,,33.7,33.5,34,39,38.3,39.8
2024-07-27T00:00:00Z,61,61,,69,69,,45.4,45.4,45.5,56.7,56.3,57.2
2024-07-27T06:00:00Z,66,66,,67,67,,47.8,47.8,47.9,60.5,60.1,60.9
2024-07-27T12:00:00Z,61,61,,69,69,,40.3,40.1,40.4,48.3,47.7,49
2024-07-27T18:00:00Z,55,55,,71,71,,30.9,30.5,31.3,35,34.2,35.8
2024-07-28T00:00:00Z,64,64,,68,68,,43.1,42.9,43.3,53.4,52.8,54.1
2024-07-28T06:00:00Z,69,69,,67,67,,40.6,40.4,40.8,49.8,49,50.6
2024-07-28T12:00:00Z,65,65,,68,68,,41.7,41.3,42,50.1,49.2,51
2024-07-28T18:00:00Z,59,59,,70,70,,29.5,29,29.9,32.7,31.8,33.6
2024-07-29T00:00:00Z,63,63,,68,68,,39.7,39.5,39.8,47.6,47,48.2
2024-07-29T06:00:00Z,64,64,,68,68,,55.6,55.6,55.6,69.2,68.8,69.5
2024-07-29T12:00:00Z,68,68,,68,68,,49.5,49.5,49.4,62.9,62.7,63.2
2024-07-29T18:00:00Z,59,59,,72,72,,38.8,38.4,39.2,44.6,43.8,45.4
2024-07-30T00:00:00Z,61,61,,70,70,,29.2,28.8,29.6,32.1,31.3,33
2024-07-30T06:00:00Z,65,65,,69,69,,52.6,52.4,52.7,67.9,67.7,68.1
2024-07-30T12:00:00Z,64,64,,69,69,,46.9,46.7,47.1,59.8,59.3,60.2
2024-07-30T18:00:00Z,56,56,,73,73,,38.7,38.5,38.9,46.9,46.3,47.6
2024-07-31T00:00:00Z,62,62,,70,70,,42.8,42.6,42.9,52.7,52.1,53.2
2024-07-31T06:00:00Z,67,67,,68,68,,48.1,48,48.2,60.8,60.3,61.3
2024-07-31T12:00:00Z,65,65,,70,70,,43.4,43.2,43.7,53.2,52.5,53.9
2024-07-31T18:00:00Z,54,54,,75,75,,31.9,31.5,32.3,37,36.2,37.8
2024-08-01T00:00:00Z,62,62,,70,70,,34.4,34.1,34.7,40.1,39.4,40.9
2024-08-01T06:00:00Z,63,63,,70,70,,54.9,54.8,55.1,67.6,67.1,68.1
2024-08-01T12:00:00Z,61,61,,71,71,,53.7,53.6,53.7,67.3,67.1,67.5
2024-08-01T18:00:00Z,53,53,,75,75,,37.7,37.4,38,44.9,44.1,45.7
2024-08-02T00:00:00Z,61,61,,70,70,,52,51.8,52.2,64.4,63.8,65
2024-08-02T06:00:00Z,64,64,,69,69,,43.2,43,43.4,53.5,52.8,54.3
2024-08-02T12:00:00Z,56,56,,73,73,,43.2,42.9,43.4,53.7,52.9,54.5
2024-08-02T18:00:00Z,50,50,,75,75,,25.6,25,26.2,27.6,26.5,28.7
2024-08-03T00:00:00Z,60,60,,70,70,,47.1,46.9,47.3,58.1,57.4,58.9
2024-08-03T06:00:00Z,62,62,,69,69,,43.9,43.7,44.1,54.6,53.9,55.4
2024-08-03T12:00:00Z,59,59,,70,70,,25.7,25.2,26.2,28.2,27.2,29.2
2024-08-03T18:00:00Z,54,54,,73,73,,22.1,21.6,22.6,23.5,22.7,24.4
2024-08-04T00:00:00Z,59,59,,69,69,,36.6,36.3,36.9,43,42.3,43.8
2024-08-04T06:00:00Z,61,61,,68,68,,41.4,41.2,41.6,50.4,49.7,51.2
2024-08-04T12:00:00Z,57,57,,72,72,,45.7,45.5,45.8,56.3,55.6,57
2024-08-04T18:00:00Z,50,50,,75,75,,32.1,31.6,32.5,36.2,35.2,37.2
2024-08-05T00:00:00Z,60,60,,70,70,,43.6,43.3,43.8,53.7,52.8,54.5
2024-08-05T06:00:00Z,62,62,,69,69,,46.6,46.5,46.7,58.4,57.7,59.1
2024-08-05T12:00:00Z,59,59,,71,71,,43.8,43.5,44.1,54.7,54,55.4
2024-08-05T18:00:00Z,57,57,,71,71,,24.7,24.1,25.2,27.2,26.3,28.1
2024-08-06T00:00:00Z,62,62,,68,68,,37.2,36.9,37.6,43.8,42.9,44.7
2024-08-06T06:00:00Z,65,65,,67,67,,11.8,11.3,12.3,12.8,12.1,13.5
2024-08-06T12:00:00Z,61,61,,70,70,,31.7,31.3,32,36.6,35.8,37.4
2024-08-06T18:00:00Z,59,59,,71,71,,27,26.4,27.5,29.5,28.5,30.4
2024-08-07T00:00:00Z,66,66,,68,68,,30.7,30.3,31.2,34.8,33.7,35.8
2024-08-09T00:00:00Z,69,69,,66,66,,49.6,49.5,49.7,62.6,62.2,63.1
2024-08-09T06:00:00Z,65,65,,67,67,,45.8,45.5,46.2,55.2,54.4,55.9
2024-08-09T12:00:00Z,63,63,,69,69,,34,33.6,34.4,39.5,38.7,40.3
2024-08-09T18:00:00Z,56,56,,72,72,,33.9,33.5,34.2,39.5,38.6,40.4
2024-08-10T00:00:00Z,66,66,,68,68,,51.9,51.6,52.1,64.4,63.9,65
2024-08-10T06:00:00Z,68,68,,66,66,,36.5,36.1,36.9,43.5,42.5,44.4
2024-08-10T12:00:00Z,60,60,,71,71,,43.5,43.1,43.8,52.3,51.5,53.2
2024-08-10T18:00:00Z,57,57,,73,73,,47.5,47.3,47.6,59.7,59.3,60.1
2024-08-11T00:00:00Z,65,65,,68,68,,43.2,42.9,43.5,53,52.2,53.8
2024-08-11T06:00:00Z,69,69,,66,66,,26.9,26.4,27.5,30.2,29.3,31.2
2024-08-11T12:00:00Z,64,64,,68,68,,40.7,40.2,41.3,46.3,45.3,47.2
2024-08-11T18:00:00Z,58,58,,70,70,,28.9,28.5,29.3,32,31.1,32.8
2024-08-12T00:00:00Z,65,65,,67,67,,48.1,47.9,48.3,60.7,60.1,61.4
2024-08-12T06:00:00Z,67,67,,66,66,,38.1,37.9,38.3,46.7,45.9,47.5
2024-08-12T12:00:00Z,60,60,,68,68,,33.8,33.5,34.1,39,38.2,39.9
2024-08-12T18:00:00Z,54,54,,70,70,,30.5,30.1,30.9,33.8,32.9,34.7
2024-08-13T00:00:00Z,58,58,,69,69,,30.6,30.3,30.9,33.4,32.6,34.3
2024-08-14T12:00:00Z,54,54,,74,74,,57,56.6,57.4,68.3,68,68.5
2024-08-14T18:00:00Z,52,52,,73,73,,36.9,36.5,37.2,44,43.1,44.8
2024-08-15T00:00:00Z,60,60,,68,68,,34.1,33.9,34.3,39.8,39.3,40.3
2024-08-15T12:00:00Z,57,57,,72,72,,60.5,60.2,60.8,71.2,71,71.5
2024-08-15T18:00:00Z,50,50,,74,74,,31.9,31.4,32.3,36,34.9,37.1
2024-08-16T00:00:00Z,61,61,,68,68,,38,37.6,38.4,45.5,44.5,46.4
2024-08-16T06:00:00Z,74,74,,64,64,,43.9,44,43.8,53.6,53.3,53.8
2024-08-16T12:00:00Z,60,60,,69,69,,39.9,39.6,40.1,48.2,47.4,49
2024-08-16T18:00:00Z,56,56,,70,70,,26.5,26.1,27,28.7,27.8,29.7
2024-08-17T00:00:00Z,61,61,,68,68,,26.6,26.1,27.1,28.4,27.5,29.3
2024-08-20T18:00:00Z,56,56,,72,72,,39.3,39.1,39.5,47.7,47.2,48.2
2024-08-21T00:00:00Z,61,61,,69,69,,37.9,37.6,38.2,45.5,44.9,46.2
2024-08-21T06:00:00Z,73,73,,66,66,,55,54.9,55.1,64,63.4,64.5
2024-08-21T12:00:00Z,64,64,,70,70,,44.8,44.6,44.9,54.5,53.9,55
2024-08-21T18:00:00Z,59,59,,70,70,,32.5,32.3,32.6,37.6,37,38.2
2024-08-22T00:00:00Z,65,65,,68,68,,28.3,27,29.5,30.4,28.5,32.3
2024-08-26T18:00:00Z,70,70,,66,66,,50.9,52.4,49.4,64,65.7,62.3
2024-08-27T00:00:00Z,63,63,,70,70,,46.1,45.8,46.3,57.3,56.6,58.1
2024-08-27T12:00:00Z,67,67,,68,68,,39,38.9,39.1,47.2,46.7,47.8
2024-08-27T18:00:00Z,60,60,,70,70,,25.9,25.4,26.3,28.5,27.8,29.3
2024-09-03T06:00:00Z,79,79,,63,63,,36.2,36.4,36,43.1,43,43.2
2024-09-03T12:00:00Z,61,61,,70,70,,43.2,43.1,43.3,52.8,52.3,53.3
2024-09-03T18:00:00Z,60,60,,70,70,,42.2,42.2,42.2,52.2,51.9,52.6
2024-09-04T00:00:00Z,64,64,,67,67,,35.2,35,35.5,41.2,40.4,42
2024-09-04T12:00:00Z,65,65,,68,68,,42,42.2,41.9,51.2,51,51.4
2024-09-04T18:00:00Z,56,56,,71,71,,29.6,29.4,29.9,33.2,32.6,33.9
2024-09-05T00:00:00Z,61,61,,68,68,,36,36,36,42.3,42,42.7
2024-09-05T12:00:00Z,63,63,,68,68,,22.1,21.7,22.6,23.4,22.6,24.1
2024-09-05T18:00:00Z,59,59,,69,69,,27.4,27.1,27.8,30,29.3,30.7
2024-09-06T00:00:00Z,63,63,,68,68,,41.4,41.2,41.6,49.5,49.2,49.8
2024-09-13T12:00:00Z,61,61,,73,73,,54,54.1,53.9,68.4,68.5,68.3
2024-09-13T18:00:00Z,53,53,,75,75,,33.6,33.4,33.8,38.9,38.3,39.5
2024-09-14T00:00:00Z,62,62,,70,70,,35.2,35.1,35.4,41.2,40.5,41.9
2024-09-14T06:00:00Z,63,63,,69,69,,41.1,41.1,41.2,49.8,49.3,50.4
2024-09-14T12:00:00Z,59,59,,72,72,,45.5,45.5,45.6,54.9,54.4,55.3
2024-09-14T18:00:00Z,54,54,,74,74,,33.5,33.2,33.7,38.9,38.2,39.5
2024-09-15T00:00:00Z,61,61,,70,70,,43.2,43.3,43.1,53.1,52.7,53.4
2024-09-15T06:00:00Z,69,69,,67,67,,39.1,39,39.3,46.8,46.2,47.5
2024-09-15T12:00:00Z,63,63,,70,70,,34.5,34.2,34.8,40.5,39.8,41.2
2024-09-15T18:00:00Z,58,58,,71,71,,29.6,29.3,29.9,32.9,32.2,33.7
2024-09-16T00:00:00Z,63,63,,69,69,,34.7,34.7,34.8,40.3,39.8,40.7
2024-09-16T06:00:00Z,68,68,,67,67,,36.8,36.6,37.1,43.1,42.3,43.9
2024-09-16T12:00:00Z,68,68,,69,69,,37.4,37.3,37.5,44.3,43.6,45
2024-09-16T18:00:00Z,59,59,,71,71,,36.1,35.7,36.5,40,39.1,40.9
2024-09-17T00:00:00Z,63,63,,69,69,,42.1,42.1,42,51.4,50.9,51.9
2024-09-17T06:00:00Z,68,68,,67,67,,35.9,35.7,36.1,42.9,42.1,43.6
2024-09-17T12:00:00Z,64,64,,69,69,,36.1,35.9,36.3,42.7,41.9,43.5
2024-09-17T18:00:00Z,60,60,,70,70,,29.3,29,29.5,32.1,31.4,32.8
2024-09-18T00:00:00Z,64,64,,68,68,,41.6,41.5,41.7,50.3,49.7,50.9
2024-09-18T06:00:00Z,67,67,,67,67,,48.1,48.2,47.9,57.3,57,57.7
2024-09-18T12:00:00Z,63,63,,69,69,,31.3,31.2,31.5,34.8,34.1,35.4
2024-09-18T18:00:00Z,60,60,,70,70,,25.6,25.2,25.9,27.4,26.6,28.1
2024-09-19T00:00:00Z,65,65,,67,67,,36.3,36.1,36.5,43,42.2,43.8
2024-09-19T06:00:00Z,66,66,,67,67,,43.5,43.5,43.4,54.4,54,54.9
2024-09-19T12:00:00Z,61,61,,70,70,,33,32.9,33.1,38,37.4,38.6
2024-09-19T18:00:00Z,52,52,,74,74,,32.4,32.3,32.6,37.2,36.6,37.9
2024-09-20T00:00:00Z,62,62,,70,70,,40.8,40.9,40.8,50.1,49.6,50.6
2024-09-20T06:00:00Z,65,65,,68,68,,37.9,37.9,37.9,45.6,45,46.1
2024-09-20T12:00:00Z,61,61,,70,70,,35.7,35.6,35.9,42.5,41.9,43.1
2024-09-20T18:00:00Z,55,55,,73,73,,21.8,21.4,22.3,23.4,22.7,24.1
2024-09-21T00:00:00Z,64,64,,68,68,,26,25.6,26.4,28.1,27.3,28.9
2024-09-21T06:00:00Z,64,64,,68,68,,24.5,24.2,24.9,26.6,26,27.3
2024-09-21T12:00:00Z,57,57,,73,73,,43.4,43.4,43.4,53.1,52.8,53.5
2024-09-21T18:00:00Z,49,49,,78,78,,32.1,32,32.2,37.9,37.5,38.3
2024-09-22T00:00:00Z,60,60,,71,71,,33.8,33.6,33.9,38.7,38.2,39.3
2024-09-22T06:00:00Z,64,64,,70,70,,44.1,44.2,44.1,55.2,54.8,55.5
2024-09-22T12:00:00Z,60,60,,72,72,,36.1,36,36.2,43,42.5,43.5
2024-09-22T18:00:00Z,49,49,,78,78,,26,25.6,26.3,27.8,27.1,28.5
2024-09-23T00:00:00Z,61,61,,71,71,,27.1,26.8,27.4,29.7,29.1,30.3
2024-09-23T06:00:00Z,64,64,,70,70,,35.9,35.8,36.1,42.2,41.5,42.8
2024-09-23T12:00:00Z,58,58,,74,74,,33.8,33.6,34,38.6,38,39.3
2024-09-23T18:00:00Z,50,50,,78,78,,23.4,23.1,23.7,24.9,24.2,25.6
2024-09-24T00:00:00Z,61,61,,71,71,,36.6,36.5,36.7,43.1,42.4,43.9
2024-09-24T06:00:00Z,65,65,,69,69,,34.2,34,34.3,40.1,39.3,40.9
2024-09-24T12:00:00Z,58,58,,74,74,,28,27.7,28.4,30.6,29.9,31.4
2024-09-24T18:00:00Z,54,54,,75,75,,23.2,22.8,23.7,25.1,24.3,25.9
2024-09-25T00:00:00Z,64,64,,70,70,,35.3,35.1,35.6,41.6,40.9,42.4
2024-09-25T06:00:00Z,67,67,,68,68,,30.7,30.6,30.9,35.2,34.6,35.8
2024-09-25T12:00:00Z,62,62,,71,71,,31.9,31.8,32,36.1,35.5,36.8
2024-09-25T18:00:00Z,57,57,,72,72,,23.8,23.6,24.1,26.1,25.5,26.7
2024-09-26T00:00:00Z,61,61,,70,70,,39.7,39.6,39.8,48.2,47.5,48.8
2024-09-26T06:00:00Z,65,65,,68,68,,37.6,37.4,37.9,43.4,42.6,44.1
2024-09-26T12:00:00Z,62,62,,70,70,,40.5,40.5,40.6,47.5,47,48
2024-09-26T18:00:00Z,58,58,,72,72,,25.9,25.6,26.1,28.8,28.2,29.3
2024-09-27T00:00:00Z,61,61,,70,70,,29.9,29.7,30.2,33.7,33.1,34.3
2024-09-27T06:00:00Z,61,61,,70,70,,36.1,36,36.3,43,42.4,43.7
2024-09-27T12:00:00Z,51,51,,77,77,,41,40.9,41.1,50,49.5,50.5
2024-09-27T18:00:00Z,50,50,,78,78,,36.3,36.2,36.3,43.4,42.8,43.9
2024-09-28T00:00:00Z,61,61,,71,71,,36.2,36,36.3,43.3,42.7,43.9
2024-09-28T06:00:00Z,65,65,,69,69,,36.1,35.9,36.2,43,42.4,43.7
2024-09-28T12:00:00Z,58,58,,74,74,,38.4,38.2,38.5,46.4,45.9,47
2024-09-28T18:00:00Z,54,54,,75,75,,35.1,34.9,35.2,41.5,41,41.9
2024-09-29T00:00:00Z,60,60,,71,71,,33.1,33,33.3,37.9,37.2,38.6
2024-09-29T06:00:00Z,63,63,,69,69,,39.6,39.5,39.6,48,47.5,48.6
2024-09-29T12:00:00Z,54,54,,76,76,,43.8,43.8,43.8,54.3,53.9,54.7
2024-09-29T18:00:00Z,50,50,,77,77,,28.5,28.2,28.8,30.8,30.1,31.6
2024-09-30T00:00:00Z,61,61,,71,71,,41.9,41.8,42,51.1,50.6,51.7
2024-09-30T06:00:00Z,65,65,,69,69,,37,37,37.1,44.8,44.3,45.3
2024-09-30T12:00:00Z,58,58,,73,73,,31.6,31.4,31.7,36.3,35.7,36.9
2024-09-30T18:00:00Z,51,51,,77,77,,16.9,16.5,17.3,17.9,17.2,18.5
2024-10-01T00:00:00Z,62,62,,71,71,,33.7,33.5,33.9,39.3,38.6,40
2024-10-01T06:00:00Z,65,65,,69,69,,33.9,33.7,34,39.7,39.1,40.3
2024-10-01T12:00:00Z,53,53,,77,77,,41.9,41.8,41.9,51.1,50.7,51.4
2024-10-01T18:00:00Z,52,52,,78,78,,26.9,26.6,27.2,29.5,28.9,30.1
2024-10-02T00:00:00Z,60,60,,72,72,,34.9,34.8,35.1,40.7,40.1,41.2
2024-10-02T06:00:00Z,62,62,,71,71,,30.3,30,30.5,34.1,33.4,34.7
2024-10-02T12:00:00Z,61,61,,72,72,,43.4,43.4,43.5,53.2,52.8,53.7
2024-10-02T18:00:00Z,50,50,,78,78,,29.9,29.7,30.2,33.9,33.4,34.5
2024-10-03T00:00:00Z,59,59,,72,72,,27.3,27,27.6,29.2,28.6,29.9
2024-10-03T12:00:00Z,49,49,,80,80,,45.6,45.5,45.7,56.2,55.5,56.9
2024-10-03T18:00:00Z,49,49,,79,79,,40.2,40.1,40.3,48.4,47.9,49
2024-10-04T00:00:00Z,58,58,,73,73,,47.2,47.1,47.2,56.7,56.3,57.1
2024-10-04T06:00:00Z,62,62,,71,71,,29.7,29.3,30.1,32.8,32,33.6
2024-10-04T12:00:00Z,52,52,,77,77,,42.6,42.4,42.7,51.7,51.2,52.2
2024-10-04T18:00:00Z,48,48,,79,79,,29.7,29.3,30,33.1,32.3,33.8
2024-10-05T00:00:00Z,59,59,,72,72,,30.7,30.4,31,34.4,33.7,35.2
2024-10-05T06:00:00Z,62,62,,71,71,,39,39,39,47,46.5,47.6
2024-10-05T12:00:00Z,53,53,,77,77,,52.1,52,52.1,63.6,63.2,64
2024-10-05T18:00:00Z,55,55,,75,75,,36.2,36,36.4,42.7,41.9,43.5
2024-10-06T00:00:00Z,59,59,,71,71,,36.6,36.5,36.8,43.3,42.7,43.9
2024-10-06T06:00:00Z,64,64,,69,69,,42.1,42.1,42.2,51.3,50.8,51.7
2024-10-06T12:00:00Z,53,53,,76,76,,56.1,56,56.2,68.2,67.9,68.5
2024-10-06T18:00:00Z,51,51,,77,77,,39.8,39.7,39.8,48.2,47.8,48.7
2024-10-07T00:00:00Z,60,60,,72,72,,38.2,38.1,38.4,45.9,45.2,46.6
2024-10-07T06:00:00Z,65,65,,70,70,,30.3,30,30.6,34.1,33.4,34.9
2024-10-07T12:00:00Z,52,52,,78,78,,40.3,40.2,40.4,48.7,48.2,49.2
2024-10-07T18:00:00Z,49,49,,78,78,,20.9,20.5,21.4,22.5,21.8,23.2
2024-10-08T00:00:00Z,59,59,,72,72,,35.2,35,35.4,41,40.4,41.7
2024-10-08T06:00:00Z,62,62,,70,70,,23.7,23.3,24,26.8,26,27.6
2024-10-08T12:00:00Z,54,54,,76,76,,20.9,20.5,21.3,22.8,22.2,23.4
2024-10-08T18:00:00Z,48,48,,80,80,,28.4,28,28.7,31.5,30.5,32.5
2024-10-09T00:00:00Z,60,60,,72,72,,29.5,29.2,29.8,33,32.2,33.8
2024-10-09T06:00:00Z,62,62,,72,72,,23.4,23,23.7,26,25.4,26.7
2024-10-09T12:00:00Z,57,57,,75,75,,29.1,28.8,29.5,32.8,32,33.6
2024-10-09T18:00:00Z,49,49,,80,80,,25.5,25,26,28,27.1,28.9
2024-10-10T00:00:00Z,61,61,,72,72,,33.1,32.7,33.4,38.1,37.2,39
2024-10-10T06:00:00Z,64,64,,71,71,,28.9,28.6,29.3,32.4,31.6,33.2
2024-10-10T12:00:00Z,59,59,,75,75,,48.8,48.7,49,59.2,58.6,59.7
2024-10-10T18:00:00Z,52,52,,77,77,,30.8,30.6,31,35.6,35.1,36.1
2024-10-11T00:00:00Z,61,61,,72,72,,41,40.9,41.2,50.1,49.8,50.5
2024-10-11T06:00:00Z,64,64,,70,70,,49.1,49.1,49.1,60,59.6,60.4
2024-10-11T12:00:00Z,66,66,,68,68,,42.6,42.5,42.8,52,51.4,52.5
2024-10-14T00:00:00Z,62,62,,71,71,,19.7,19.1,20.3,20.8,20,21.5
2024-10-14T06:00:00Z,61,61,,71,71,,17.4,16.8,18,18.4,17.6,19.2
2024-10-14T12:00:00Z,53,53,,76,76,,33.9,33.5,34.2,38.6,37.8,39.4
2024-10-14T18:00:00Z,51,51,,77,77,,22.5,22,23.1,23.9,23.1,24.6
2024-10-15T00:00:00Z,59,59,,72,72,,23.8,23.2,24.3,25.3,24.5,26.1
2024-10-15T06:00:00Z,63,63,,71,71,,23.3,22.8,23.9,25,24.1,25.8
2024-10-15T12:00:00Z,53,53,,77,77,,37.5,37.3,37.6,44.4,43.8,44.9
2024-10-15T18:00:00Z,51,51,,78,78,,23.3,22.9,23.7,25.1,24.4,25.7
2024-10-16T00:00:00Z,61,61,,71,71,,30.2,30,30.5,33.5,32.8,34.3
2024-10-16T06:00:00Z,64,64,,70,70,,30.1,29.7,30.5,33.3,32.4,34.2
2024-10-16T12:00:00Z,54,54,,76,76,,36.8,36.6,36.9,43.9,43.2,44.5
2024-10-16T18:00:00Z,48,48,,79,79,,31.4,31.1,31.6,35.1,34.4,35.9
2024-10-17T00:00:00Z,60,60,,72,72,,35.2,34.9,35.5,40.7,39.9,41.6
2024-10-17T06:00:00Z,62,62,,70,70,,32.4,32.2,32.6,36.9,36.2,37.7
2024-10-17T12:00:00Z,56,56,,75,75,,36.6,36.7,36.5,43.4,43.1,43.6
2024-10-17T18:00:00Z,50,50,,77,77,,24.6,24.5,24.7,26.8,26.5,27.2
2024-10-18T00:00:00Z,60,60,,71,71,,26.8,26.6,27,29.1,28.6,29.6
2024-10-18T06:00:00Z,61,61,,71,71,,42.5,42.7,42.2,52,51.9,52
2024-10-18T12:00:00Z,53,53,,77,77,,45.8,46,45.6,57.2,57.1,57.2
2024-10-18T18:00:00Z,48,48,,79,79,,30.8,30.7,30.9,35.5,35.1,35.9
2024-10-19T00:00:00Z,58,58,,72,72,,25.1,24.7,25.5,27,26.3,27.7
2024-10-19T06:00:00Z,60,60,,71,71,,40.3,40.2,40.4,49.1,48.5,49.6
2024-10-19T12:00:00Z,51,51,,78,78,,70.3,69.6,70.9,80.6,79.3,82
2024-10-19T18:00:00Z,48,48,,79,79,,29.1,28.5,29.6,31.4,30.5,32.4
2024-10-20T00:00:00Z,58,58,,72,72,,42,41.7,42.2,51,50.2,51.8
2024-10-20T06:00:00Z,62,62,,71,71,,36.6,36.3,36.8,43.7,42.8,44.5
2024-10-20T12:00:00Z,58,58,,74,74,,36.9,36.7,37,44.2,43.7,44.7
2024-10-20T18:00:00Z,52,52,,77,77,,20.4,20,20.9,21.6,21,22.2
2024-10-21T00:00:00Z,60,60,,72,72,,23.2,22.7,23.7,24.6,23.8,25.4
2024-10-21T06:00:00Z,62,62,,71,71,,23.8,23.2,24.3,25.1,24.3,26
2024-10-21T12:00:00Z,55,55,,76,76,,26.1,25.7,26.6,28,27.2,28.9
2024-10-21T18:00:00Z,48,48,,80,80,,17.7,17.2,18.1,18.7,18.1,19.3
2024-10-22T00:00:00Z,59,59,,73,73,,20.2,19.7,20.8,21.3,20.5,22.1
2024-10-22T06:00:00Z,65,65,,71,71,,18.8,18.2,19.5,19.8,18.9,20.7
2024-10-22T12:00:00Z,53,53,,78,78,,28,27.5,28.4,31.3,30.4,32.1
2024-10-22T18:00:00Z,46,46,,82,82,,15.7,15.2,16.3,16.7,15.9,17.5
2024-10-23T00:00:00Z,60,60,,74,74,,21.4,20.7,22,22.5,21.7,23.3
2024-10-23T06:00:00Z,62,62,,72,72,,21.4,20.7,22,22.5,21.6,23.4
2024-10-23T12:00:00Z,55,55,,78,78,,39.5,39.2,39.9,46.7,45.9,47.5
2024-10-23T18:00:00Z,50,50,,81,81,,27.7,27.3,28.2,30.1,29.3,30.9
2024-10-24T00:00:00Z,58,58,,74,74,,28,27.6,28.5,30.4,29.5,31.2
2024-10-24T06:00:00Z,63,63,,72,72,,36.4,36,36.9,41.5,40.5,42.6
2024-10-24T12:00:00Z,57,57,,76,76,,42.9,42.5,43.2,51.8,51,52.6
2024-10-24T18:00:00Z,51,51,,78,78,,26.8,26,27.5,29.2,28.1,30.3
2024-10-25T00:00:00Z,60,60,,72,72,,25,24.3,25.7,26.5,25.5,27.6
2024-10-25T06:00:00Z,63,63,,71,71,,25.3,24.5,26.1,27.3,26.2,28.3
2024-10-25T12:00:00Z,58,58,,73,73,,23.8,23.2,24.4,25.9,24.9,26.8
2024-10-25T18:00:00Z,51,51,,78,78,,26.1,25.4,26.8,28.2,27.3,29.2
2024-10-26T00:00:00Z,60,60,,73,73,,31.7,31.1,32.3,35.5,34.3,36.8
2024-10-26T06:00:00Z,65,65,,70,70,,69.6,68.5,70.8,76.3,74.4,78.1
2024-10-26T12:00:00Z,61,61,,72,72,,37.8,37.2,38.4,43.5,42.4,44.5
2024-10-26T18:00:00Z,56,56,,74,74,,18.3,17.7,18.9,19.5,18.8,20.3
2024-10-27T00:00:00Z,59,59,,72,72,,36.8,36.4,37.2,43.1,42.2,44
2024-10-27T06:00:00Z,61,61,,71,71,,32.6,32.2,33,38.5,37.7,39.3
2024-10-27T12:00:00Z,55,55,,75,75,,24,23.7,24.3,25.4,24.8,26
2024-10-27T18:00:00Z,47,47,,79,79,,23.2,22.8,23.7,24.5,23.8,25.3
2024-10-28T00:00:00Z,59,59,,72,72,,26.7,26.3,27,28.3,27.6,29
2024-10-28T06:00:00Z,61,61,,71,71,,30.8,30.6,31,34.8,34.2,35.4
2024-10-28T12:00:00Z,56,56,,75,75,,40,39.9,40,47.8,47.3,48.3
2024-10-28T18:00:00Z,50,50,,78,78,,20.2,19.7,20.7,21.4,20.7,22.1
2024-10-29T00:00:00Z,60,60,,72,72,,27.5,27.2,27.8,30.2,29.5,31
2024-10-29T06:00:00Z,62,62,,71,71,,35.9,35.7,36.1,41.7,41,42.3
2024-10-29T12:00:00Z,52,52,,78,78,,34.2,34,34.4,39.1,38.4,39.8
2024-10-29T18:00:00Z,48,48,,80,80,,22.5,22.1,22.8,23.7,23.1,24.3
2024-10-30T00:00:00Z,61,61,,73,73,,18.5,18,18.9,19.5,18.9,20.1
2024-10-30T06:00:00Z,61,61,,72,72,,24.4,24.1,24.7,26.6,25.9,27.2
2024-10-30T12:00:00Z,56,56,,75,75,,26.8,26.5,27,29.5,28.9,30.1
2024-10-30T18:00:00Z,55,55,,74,74,,18.3,17.9,18.7,19.4,18.8,20.1
2024-10-31T00:00:00Z,59,59,,72,72,,23.1,22.9,23.4,25,24.6,25.5
2024-10-31T06:00:00Z,61,61,,71,71,,40.2,40.2,40.2,48.5,48.2,48.9
2024-10-31T12:00:00Z,53,53,,76,76,,31,31,31.1,35,34.6,35.5
2024-10-31T18:00:00Z,44,44,,81,81,,16.7,16.4,16.9,17.7,17.2,18.1
2024-11-01T00:00:00Z,57,57,,74,74,,26.1,25.9,26.4,28.7,28.2,29.2
2024-11-01T06:00:00Z,58,58,,72,72,,21.8,21.6,22.1,23.2,22.7,23.7
2024-11-01T12:00:00Z,48,48,,79,79,,29.5,29.4,29.5,34.1,33.8,34.5
2024-11-01T18:00:00Z,45,45,,81,81,,12.5,12.2,12.8,13.2,12.8,13.6
2024-11-02T00:00:00Z,57,57,,74,74,,22.3,22,22.6,23.4,22.8,24
2024-11-02T06:00:00Z,61,61,,72,72,,26.2,26.1,26.4,28.8,28.3,29.3
2024-11-02T12:00:00Z,51,51,,80,80,,38.6,38.7,38.5,46.2,45.9,46.6
2024-11-02T18:00:00Z,46,46,,83,83,,22.8,22.4,23.1,24.2,23.7,24.8
2024-11-03T00:00:00Z,56,56,,76,76,,21.5,21.3,21.8,22.8,22.3,23.2
2024-11-03T06:00:00Z,60,60,,74,74,,23.7,23.4,23.9,25.2,24.6,25.7
2024-11-03T12:00:00Z,55,55,,78,78,,34.2,34.1,34.3,39.4,38.9,39.9
2024-11-03T18:00:00Z,51,51,,80,80,,26.9,26.6,27.2,28.8,28.2,29.3
2024-11-04T00:00:00Z,62,62,,73,73,,33.7,33.6,33.9,38.3,37.6,38.9
2024-11-04T06:00:00Z,62,62,,73,73,,24.1,23.7,24.5,25.7,25,26.4
2024-11-04T12:00:00Z,52,52,,79,79,,33.9,33.7,34.1,39.1,38.5,39.6
2024-11-04T18:00:00Z,48,48,,82,82,,28.8,28.5,29.1,31.4,30.7,32.1
2024-11-05T00:00:00Z,60,60,,74,74,,28.7,28.4,28.9,32.2,31.5,32.8
2024-11-05T06:00:00Z,65,65,,72,72,,19.8,19.5,20.1,22,21.4,22.6
2024-11-05T12:00:00Z,54,54,,78,78,,42.3,42.2,42.3,51.2,50.8,51.6
2024-11-05T18:00:00Z,51,51,,80,80,,32.2,32.2,32.3,36.8,36.3,37.3
2024-11-06T00:00:00Z,59,59,,74,74,,27,26.9,27.1,29.9,29.4,30.3
2024-11-06T06:00:00Z,61,61,,72,72,,17.3,16.9,17.7,18.4,17.8,19
2024-11-06T12:00:00Z,56,56,,75,75,,18.7,18.3,19.1,20,19.4,20.6
2024-11-06T18:00:00Z,53,53,,77,77,,19.9,19.5,20.3,21.2,20.6,21.7
2024-11-07T00:00:00Z,60,60,,73,73,,29.2,28.9,29.5,31.5,30.9,32.1
2024-11-07T06:00:00Z,63,63,,71,71,,13.7,13.2,14.1,14.6,14,15.1
2024-11-07T12:00:00Z,57,57,,74,74,,21.3,20.8,21.7,22.8,22.1,23.5
2024-11-07T18:00:00Z,54,54,,75,75,,20.9,20.6,21.3,22.6,22.1,23.2
2024-11-08T00:00:00Z,65,65,,71,71,,37.5,37.3,37.6,44.2,43.6,44.7
2024-11-08T06:00:00Z,68,68,,70,70,,29.6,29.3,29.9,32.9,32.3,33.6
2024-11-08T12:00:00Z,63,63,,72,72,,25.6,25.2,26,27.1,26.5,27.8
2024-11-08T18:00:00Z,54,54,,75,75,,20.4,20.2,20.6,22.6,22.2,23
2024-11-09T00:00:00Z,57,57,,73,73,,22.8,22.6,22.9,24.6,24.2,25
2024-11-09T06:00:00Z,61,61,,72,72,,45.5,45.4,45.6,50.7,50.3,51.2
2024-11-09T12:00:00Z,49,49,,79,79,,33.9,33.9,34,39.5,39.1,40
2024-11-09T18:00:00Z,43,43,,82,82,,20.1,19.8,20.3,22.1,21.5,22.6
2024-11-10T00:00:00Z,50,50,,76,76,,15.6,15.4,15.9,16.7,16.2,17.1
2024-11-10T06:00:00Z,57,57,,73,73,,21.3,21.1,21.5,23.5,23.1,23.9
2024-11-10T12:00:00Z,46,46,,81,81,,20.9,20.5,21.2,22,21.4,22.6
2024-11-10T18:00:00Z,44,44,,82,82,,14.3,14,14.6,15.2,14.8,15.6
2024-11-11T00:00:00Z,55,55,,75,75,,15,14.6,15.4,15.9,15.4,16.4
2024-11-11T06:00:00Z,60,60,,73,73,,11.4,11.1,11.8,12.2,11.7,12.7
2024-11-11T12:00:00Z,51,51,,80,80,,25.5,25.2,25.7,27.5,27,28
2024-11-11T18:00:00Z,51,51,,79,79,,20.6,20.2,21.1,21.7,21.1,22.3
2024-11-12T00:00:00Z,60,60,,74,74,,25.9,25.7,26.2,28.5,27.9,29.1
2024-11-12T06:00:00Z,60,60,,73,73,,33.9,33.9,33.8,39.2,38.8,39.7
2024-11-12T12:00:00Z,54,54,,77,77,,33.1,33,33.1,38.4,38.1,38.8
2024-11-12T18:00:00Z,51,51,,78,78,,14.1,13.9,14.4,14.9,14.5,15.3
2024-11-13T00:00:00Z,57,57,,74,74,,14.5,14.1,14.8,15.2,14.7,15.7
2024-11-13T06:00:00Z,59,59,,74,74,,30.4,30.2,30.7,34.8,34.2,35.3
2024-11-13T12:00:00Z,50,50,,80,80,,43.9,43.8,44,53.6,53,54.3
2024-11-13T18:00:00Z,44,44,,82,82,,17.9,17.4,18.3,18.7,18.1,19.4
2024-11-14T00:00:00Z,55,55,,76,76,,22.5,22,23.1,23.6,22.8,24.4
2024-11-14T06:00:00Z,59,59,,74,74,,39.1,38.7,39.5,43.2,42.4,44
2024-11-14T12:00:00Z,50,50,,80,80,,34.3,34.1,34.6,39.6,38.9,40.2
2024-11-14T18:00:00Z,43,43,,83,83,,11.7,11.4,12,12.3,11.9,12.7
2024-11-15T00:00:00Z,56,56,,75,75,,17.8,17.3,18.2,18.6,18,19.2
2024-11-15T06:00:00Z,59,59,,73,73,,16.2,15.8,16.7,17,16.4,17.6
2024-11-15T12:00:00Z,51,51,,79,79,,25.7,25.3,26.1,27.6,26.9,28.3
2024-11-15T18:00:00Z,43,43,,83,83,,16.1,15.6,16.5,17,16.3,17.6
2024-11-16T00:00:00Z,57,57,,76,76,,23.2,22.8,23.7,24.6,23.9,25.3
2024-11-16T06:00:00Z,63,63,,73,73,,19.9,19.5,20.3,21,20.4,21.6
2024-11-17T00:00:00Z,67,67,,72,72,,29.3,28.8,29.8,31.5,30.6,32.4
2024-11-17T06:00:00Z,65,65,,74,74,,19.4,18.9,19.9,20.3,19.5,21
2024-11-17T12:00:00Z,54,54,,80,80,,26.3,26,26.6,28.2,27.5,28.9
2024-11-17T18:00:00Z,47,47,,84,84,,23.1,22.7,23.4,24.2,23.6,24.8
2024-11-18T00:00:00Z,60,60,,76,76,,23.6,23.3,24,25,24.3,25.6
2024-11-18T06:00:00Z,61,61,,75,75,,19,18.7,19.4,20.2,19.6,20.8
2024-11-18T12:00:00Z,50,50,,81,81,,24.2,23.9,24.5,25.9,25.3,26.4
2024-11-18T18:00:00Z,53,53,,79,79,,16.7,16.3,17,17.7,17.2,18.1
2024-11-19T00:00:00Z,60,60,,75,75,,23.4,23.1,23.7,24.7,24.1,25.3
2024-11-19T06:00:00Z,60,60,,74,74,,26.9,26.7,27.1,29.6,29,30.1
2024-11-19T12:00:00Z,54,54,,77,77,,23.9,23.4,24.4,25.8,25,26.6
2024-11-19T18:00:00Z,53,53,,78,78,,17.3,16.7,17.9,18.6,17.8,19.3
2024-11-20T00:00:00Z,61,61,,74,74,,24.2,23.6,24.8,26,25.2,26.9
2024-11-20T06:00:00Z,62,62,,74,74,,35.8,35.4,36.1,41.8,41.1,42.6
2024-11-20T12:00:00Z,53,53,,78,78,,28.7,28.2,29.2,31.3,30.3,32.2
2024-11-20T18:00:00Z,45,45,,83,83,,18.3,17.8,18.9,19.6,19,20.3
2024-11-21T00:00:00Z,56,56,,76,76,,22.9,22.4,23.4,24,23.4,24.7
2024-11-22T00:00:00Z,71,71,,72,72,,30.7,30.5,31,33.2,32.5,33.9
2024-11-22T06:00:00Z,65,65,,74,74,,34.6,34,35.3,40.1,38.8,41.3
2024-11-22T12:00:00Z,57,57,,80,80,,44.8,44.4,45.1,54.4,53.6,55.3
2024-11-22T18:00:00Z,47,47,,84,84,,17.3,16.7,17.8,18.2,17.6,18.9
2024-11-23T00:00:00Z,60,60,,76,76,,29,28.4,29.6,31.4,30.4,32.5
2024-11-23T06:00:00Z,61,61,,75,75,,27.5,26.9,28.1,30,29,31
2024-11-23T12:00:00Z,51,51,,81,81,,22,21.3,22.7,23.2,22.3,24.1
2024-11-23T18:00:00Z,53,53,,79,79,,16.8,16.2,17.5,17.6,16.8,18.4
2024-11-24T00:00:00Z,59,59,,76,76,,20.4,19.7,21,21.4,20.5,22.2
2024-11-24T06:00:00Z,62,62,,74,74,,17.4,16.7,18,18.5,17.6,19.3
2024-11-24T12:00:00Z,56,56,,77,77,,22.5,21.9,23,23.9,23,24.7
2024-11-24T18:00:00Z,54,54,,78,78,,21.3,20.7,21.9,22.5,21.6,23.3
2024-11-25T00:00:00Z,61,61,,75,75,,23.6,22.9,24.3,24.9,24,25.8
2024-11-25T06:00:00Z,64,64,,74,74,,27.4,26.7,28,29.9,28.8,31
2024-11-25T12:00:00Z,55,55,,79,79,,43.1,42.8,43.3,52.8,52.1,53.4
2024-11-25T18:00:00Z,49,49,,82,82,,25.5,24.9,26,28.1,27.3,29
2024-11-26T00:00:00Z,58,58,,76,76,,21.7,21.2,22.3,23.2,22.4,23.9
2024-11-26T06:00:00Z,63,63,,73,73,,20.6,20,21.2,22.7,21.8,23.5
2024-11-26T12:00:00Z,56,56,,78,78,,36.6,36.1,37,43.2,42.3,44
2024-11-26T18:00:00Z,50,50,,81,81,,21.4,20.7,22,22.7,21.9,23.6
2024-11-27T00:00:00Z,60,60,,75,75,,22.1,21.4,22.9,23.5,22.5,24.4
2024-11-27T06:00:00Z,61,61,,74,74,,31.4,30.8,31.9,35.4,34.3,36.4
2024-11-27T12:00:00Z,53,53,,80,80,,35.3,34.9,35.8,41.1,40.1,42
2024-11-27T18:00:00Z,46,46,,83,83,,17.4,16.9,18,18.6,17.8,19.4
2024-11-28T00:00:00Z,58,58,,76,76,,26.2,25.5,26.8,28.3,27.3,29.2
2024-11-28T06:00:00Z,63,63,,74,74,,25.8,25.1,26.4,28.2,27.2,29.1
2024-11-28T12:00:00Z,56,56,,78,78,,36.5,36.1,36.9,43.3,42.6,44
2024-11-28T18:00:00Z,47,47,,83,83,,14.5,14,15,15.6,15,16.2
2024-11-29T00:00:00Z,59,59,,76,76,,21.8,21.1,22.4,23.1,22.3,23.9
2024-11-29T06:00:00Z,63,63,,74,74,,18.7,18,19.4,19.8,18.9,20.7
2024-11-29T12:00:00Z,55,55,,79,79,,29.6,29,30.2,32.9,31.8,33.9
2024-11-29T18:00:00Z,52,52,,82,82,,17,16.4,17.6,18.1,17.3,18.9
2024-11-30T00:00:00Z,60,60,,76,76,,24,23.4,24.6,25.2,24.3,26.2
2024-11-30T06:00:00Z,64,64,,75,75,,20.3,19.5,21,21.3,20.3,22.2
2024-11-30T12:00:00Z,56,56,,80,80,,33.5,32.9,34,38.5,37.7,39.4
2024-11-30T18:00:00Z,50,50,,84,84,,17.5,16.9,18.1,18.4,17.6,19.2
2024-12-01T00:00:00Z,61,61,,77,77,,32.9,32.4,33.4,38,37,39
2024-12-01T06:00:00Z,64,64,,75,75,,30.6,30.1,31.1,34.2,33.1,35.2
2024-12-01T12:00:00Z,63,63,,75,75,,31.3,30.8,31.8,35.5,34.5,36.5
2024-12-02T12:00:00Z,52,52,,83,83,,28,27.4,28.5,30.8,29.8,31.9
2024-12-02T18:00:00Z,48,48,,84,84,,19,18.4,19.7,20.3,19.4,21.1
2024-12-03T00:00:00Z,60,60,,76,76,,33.5,33,34,38.1,37,39.2
2024-12-03T06:00:00Z,63,63,,75,75,,39.1,38.7,39.5,46.6,45.8,47.4
2024-12-03T12:00:00Z,52,52,,82,82,,39.1,38.6,39.6,46.6,45.6,47.5
2024-12-03T18:00:00Z,48,48,,84,84,,38.6,38.2,38.9,45.7,45,46.4
2024-12-04T00:00:00Z,58,58,,77,77,,21.1,20.6,21.7,22.3,21.6,23
2024-12-04T06:00:00Z,64,64,,74,74,,33.3,32.9,33.8,38.9,38.1,39.8
2024-12-04T12:00:00Z,57,57,,79,79,,53.7,53.4,54.1,66,65.4,66.6
2024-12-04T18:00:00Z,48,48,,84,84,,27.9,27.5,28.4,31,30.1,31.8
2024-12-05T00:00:00Z,58,58,,76,76,,23,22.4,23.6,24.9,24.1,25.7
2024-12-05T06:00:00Z,64,64,,74,74,,39.3,39,39.7,47.4,46.6,48.1
2024-12-05T12:00:00Z,57,57,,78,78,,44.8,44.6,45.1,54.7,54,55.3
2024-12-05T18:00:00Z,49,49,,82,82,,24.7,24.2,25.1,27.2,26.4,28
2024-12-06T00:00:00Z,60,60,,75,75,,23.2,22.6,23.9,24.6,23.6,25.5
2024-12-06T06:00:00Z,62,62,,74,74,,34.8,34.3,35.2,40.6,39.8,41.5
2024-12-06T12:00:00Z,63,63,,73,73,,42.6,42.4,42.8,51.6,50.8,52.3
2024-12-10T18:00:00Z,48,48,,82,82,,24,23.4,24.7,25.9,25,26.7
2024-12-11T18:00:00Z,58,58,,75,75,,19.6,19.3,20,20.9,20.3,21.4
2024-12-12T00:00:00Z,54,54,,76,76,,18.4,17.8,19,19.3,18.6,20
2024-12-12T12:00:00Z,53,53,,80,80,,48.6,48.1,49,57.1,56.3,58
2024-12-12T18:00:00Z,44,44,,84,84,,17.7,17.2,18.2,19.1,18.4,19.7
2024-12-13T00:00:00Z,54,54,,77,77,,15.8,15.2,16.3,16.7,16,17.3
2024-12-13T06:00:00Z,61,61,,74,74,,48.2,47.2,49.3,52,50.6,53.4
2024-12-13T12:00:00Z,52,52,,81,81,,43.7,43.4,44.1,53.1,52.2,53.9
2024-12-13T18:00:00Z,45,45,,84,84,,26,25.5,26.5,28.4,27.6,29.3
2024-12-14T00:00:00Z,55,55,,78,78,,22,21.5,22.6,23.3,22.5,24.2
2024-12-26T18:00:00Z,45,45,,84,84,,10.9,10.4,11.4,11.6,10.9,12.2
2024-12-27T00:00:00Z,49,49,,82,82,,20.5,20.1,20.9,22.3,21.7,22.9
2024-12-29T00:00:00Z,58,58,,77,77,,20.8,20.3,21.4,22.3,21.6,22.9
2024-12-29T06:00:00Z,60,60,,76,76,,16.8,16.3,17.3,18.2,17.5,18.9
2024-12-29T12:00:00Z,51,51,,82,82,,35.2,34.9,35.5,41.4,40.8,42.1
2024-12-29T18:00:00Z,46,46,,85,85,,9.3,8.9,9.7,9.9,9.4,10.5
2024-12-30T00:00:00Z,59,59,,77,77,,13.5,13,14,14.2,13.6,14.8
2024-12-30T06:00:00Z,61,61,,76,76,,11.2,10.7,11.7,11.7,11.1,12.3
2024-12-30T12:00:00Z,53,53,,81,81,,18.2,17.6,18.7,19.2,18.5,19.9
2024-12-30T18:00:00Z,47,47,,83,83,,13.3,12.9,13.8,14,13.4,14.6
2024-12-31T00:00:00Z,55,55,,79,79,,35.5,35.1,35.8,39.7,39,40.4
2024-12-31T06:00:00Z,60,60,,76,76,,30.7,30.2,31.1,33.8,33,34.6
2024-12-31T12:00:00Z,51,51,,83,83,,31.7,31.2,32.2,35.7,34.8,36.6
2024-12-31T18:00:00Z,47,47,,85,85,,25.5,25.1,26,27.4,26.7,28.1
2025-01-01T00:00:00Z,54,54,,80,80,,81.3,80.4,82.2,90.7,89.4,92
2025-01-01T06:00:00Z,61,61,,78,78,,126.6,124.8,128.5,134,131.5,136.4
2025-01-01T12:00:00Z,59,59,,78,78,,28.3,27.9,28.6,29.8,29.1,30.5
2025-01-03T18:00:00Z,47,47,,86,86,,17.4,16.8,18,18.1,17.4,18.8
2025-01-04T00:00:00Z,55,55,,81,81,,27,26.4,27.6,29,28.1,29.9
2025-01-04T06:00:00Z,60,60,,78,78,,45.3,44.5,46,48.9,47.9,50
2025-01-04T12:00:00Z,46,46,,87,87,,43.8,43.2,44.3,50.3,49.4,51.1
2025-01-04T18:00:00Z,41,41,,90,90,,17.9,17.5,18.3,18.8,18.2,19.3
2025-01-05T00:00:00Z,56,56,,81,81,,24.9,24.3,25.6,26.2,25.3,27.1
2025-01-05T06:00:00Z,59,59,,79,79,,17.6,17,18.2,18.2,17.4,18.9
2025-01-05T12:00:00Z,47,47,,87,87,,26.2,25.7,26.7,28.2,27.3,29
2025-01-05T18:00:00Z,45,45,,88,88,,12.9,12.5,13.4,13.4,12.8,13.9
2025-01-06T00:00:00Z,56,56,,80,80,,15.2,14.7,15.8,16.2,15.5,16.9
2025-01-06T06:00:00Z,59,59,,79,79,,11.8,11.3,12.3,12.4,11.7,13
2025-01-06T12:00:00Z,51,51,,85,85,,15.2,14.7,15.8,15.9,15.2,16.6
2025-01-06T18:00:00Z,44,44,,88,88,,12.1,11.7,12.5,12.7,12.1,13.2
2025-01-07T00:00:00Z,58,58,,80,80,,14.3,13.7,14.8,14.9,14.2,15.6
2025-01-07T06:00:00Z,62,62,,78,78,,9.5,9,10.1,10,9.3,10.6
2025-01-07T12:00:00Z,51,51,,85,85,,29,28.5,29.4,33.1,32.3,33.8
2025-01-07T18:00:00Z,47,47,,87,87,,12.2,11.7,12.7,12.9,12.3,13.5
2025-01-08T00:00:00Z,58,58,,80,80,,13.9,13.4,14.5,14.5,13.9,15.2
2025-01-08T06:00:00Z,60,60,,79,79,,11.3,10.9,11.8,11.8,11.3,12.4
2025-01-08T12:00:00Z,52,52,,83,83,,11.3,10.7,11.8,11.8,11.2,12.5
2025-01-08T18:00:00Z,48,48,,86,86,,14.6,14.2,15.1,15.4,14.8,16
2025-01-09T00:00:00Z,59,59,,79,79,,18.1,17.5,18.7,19,18.2,19.7
2025-01-09T06:00:00Z,63,63,,77,77,,19.1,18.4,19.8,20,19,20.9
2025-01-09T12:00:00Z,55,55,,81,81,,33.2,32.8,33.6,37.8,36.8,38.8
2025-01-09T18:00:00Z,47,47,,84,84,,20.1,19.6,20.6,21.5,20.8,22.1
2025-01-10T00:00:00Z,52,52,,79,79,,14.2,13.8,14.6,15,14.5,15.6
2025-01-10T06:00:00Z,58,58,,77,77,,18,17.6,18.5,19.7,19.1,20.4
2025-01-10T12:00:00Z,51,51,,83,83,,37.5,37,38,43.1,42.1,44
2025-01-10T18:00:00Z,43,43,,87,87,,17.9,17.5,18.4,19.1,18.4,19.7
2025-01-11T00:00:00Z,54,54,,80,80,,16.3,15.8,16.8,17.2,16.6,17.9
2025-01-11T06:00:00Z,61,61,,77,77,,22.7,22.2,23.1,25.6,24.9,26.3
2025-01-11T12:00:00Z,54,54,,82,82,,27.3,26.7,27.9,30.2,29.3,31.1
2025-01-11T18:00:00Z,46,46,,87,87,,16.5,15.9,17,17.3,16.6,17.9
2025-01-12T00:00:00Z,54,54,,80,80,,17.4,16.8,17.9,18.1,17.4,18.8
2025-01-12T06:00:00Z,60,60,,78,78,,15.6,15.1,16.2,16.3,15.6,17
2025-01-12T12:00:00Z,49,49,,85,85,,25.5,24.9,26,27.2,26.3,28.1
2025-01-12T18:00:00Z,42,42,,89,89,,12.1,11.8,12.5,12.6,12.1,13.1
2025-01-13T00:00:00Z,55,55,,81,81,,17,16.5,17.4,18,17.4,18.7
2025-01-13T06:00:00Z,61,61,,77,77,,21,20.4,21.5,22.5,21.7,23.4
2025-01-13T12:00:00Z,51,51,,84,84,,27.5,27.1,28,30.8,30,31.7
2025-01-13T18:00:00Z,43,43,,88,88,,10.5,10.1,10.8,10.9,10.5,11.4
2025-01-14T00:00:00Z,53,53,,81,81,,16.4,15.9,16.9,17.8,17.2,18.4
2025-01-14T06:00:00Z,60,60,,78,78,,15.6,15,16.2,16.1,15.4,16.8
2025-01-14T12:00:00Z,48,48,,86,86,,23.3,22.8,23.8,25.2,24.3,26
2025-01-14T18:00:00Z,39,39,,90,90,,8.9,8.5,9.2,9.4,8.9,9.8
2025-01-15T00:00:00Z,51,51,,82,82,,13.4,13,13.9,14.3,13.8,14.8
2025-01-15T06:00:00Z,60,60,,78,78,,19.8,19.2,20.3,21.3,20.5,22.1
2025-01-15T12:00:00Z,51,51,,84,84,,30.9,30.4,31.4,35.1,34.1,36
2025-01-15T18:00:00Z,44,44,,89,89,,16.8,16.2,17.3,17.6,16.9,18.3
2025-01-16T00:00:00Z,56,56,,80,80,,36.3,36,36.6,42.1,41.4,42.8
2025-01-16T06:00:00Z,62,62,,77,77,,22.9,22.3,23.5,25,24.1,25.8
2025-01-16T12:00:00Z,47,47,,86,86,,21.3,20.9,21.7,23.7,23,24.4
2025-01-16T18:00:00Z,41,41,,90,90,,9,8.6,9.3,9.5,9.1,9.9
2025-01-17T00:00:00Z,53,53,,82,82,,18,17.6,18.5,19,18.4,19.6
2025-01-17T06:00:00Z,61,61,,78,78,,16.4,15.8,16.9,17.1,16.4,17.8
2025-01-17T12:00:00Z,49,49,,86,86,,20.8,20.4,21.3,22.4,21.7,23.2
2025-01-17T18:00:00Z,40,40,,90,90,,9,8.7,9.3,9.9,9.4,10.3
2025-01-18T00:00:00Z,49,49,,84,84,,17.6,17.3,18,18.5,18,19
2025-01-18T06:00:00Z,57,57,,80,80,,22.4,22,22.8,24.9,24.3,25.5
2025-01-18T12:00:00Z,46,46,,88,88,,27,26.6,27.4,30,29.4,30.7
2025-01-18T18:00:00Z,39,39,,92,92,,10.4,10.1,10.7,10.9,10.5,11.4
2025-01-19T00:00:00Z,53,53,,81,81,,14.3,13.9,14.8,14.9,14.3,15.5
2025-01-19T06:00:00Z,60,60,,79,79,,15.2,14.6,15.7,15.9,15.2,16.5
2025-01-19T12:00:00Z,55,55,,82,82,,31.7,31.2,32.2,35.2,34.4,36
2025-01-19T18:00:00Z,48,48,,85,85,,23.5,23,24,24.7,23.9,25.5
2025-01-20T00:00:00Z,56,56,,80,80,,26.4,25.8,26.9,29,28.3,29.7
2025-01-20T06:00:00Z,63,63,,77,77,,28.4,28,28.9,31.6,30.8,32.4
2025-01-20T12:00:00Z,54,54,,82,82,,37.5,37.3,37.8,44.3,43.6,45
2025-01-20T18:00:00Z,49,49,,85,85,,27.1,26.7,27.6,29.4,28.7,30.2
2025-01-21T00:00:00Z,56,56,,80,80,,33.2,32.8,33.6,37.7,37,38.5
2025-01-21T06:00:00Z,62,62,,77,77,,38,37.6,38.4,43.2,42.5,43.9
2025-01-21T12:00:00Z,54,54,,82,82,,46.9,46.7,47.1,57.5,57,58.1
2025-01-21T18:00:00Z,45,45,,88,88,,33.5,33.2,33.8,38.3,37.5,39
2025-01-22T00:00:00Z,53,53,,81,81,,27.7,27.3,28,30.6,30.1,31.2
2025-01-22T06:00:00Z,63,63,,77,77,,33.8,33.3,34.4,37.8,36.8,38.7
2025-01-22T12:00:00Z,52,52,,85,85,,44.5,44.1,44.9,52.3,51.5,53.1
2025-01-22T18:00:00Z,42,42,,89,89,,26.4,26.1,26.8,29.5,28.8,30.2
2025-01-23T00:00:00Z,55,55,,82,82,,15.5,15.2,15.9,16.6,16.2,17.1
2025-01-23T06:00:00Z,62,62,,78,78,,38.2,37.7,38.6,44.2,43.4,45
2025-01-23T12:00:00Z,53,53,,83,83,,37.9,37.6,38.3,43.8,43,44.6
2025-01-23T18:00:00Z,48,48,,86,86,,12.4,12,12.9,13.1,12.5,13.7
2025-01-24T00:00:00Z,56,56,,80,80,,13.5,13,13.9,14.2,13.6,14.7
2025-01-24T06:00:00Z,61,61,,78,78,,18.8,18.3,19.2,20.1,19.4,20.8
2025-01-24T12:00:00Z,51,51,,84,84,,33.4,33,33.8,39.2,38.5,40
2025-01-24T18:00:00Z,47,47,,86,86,,10.7,10.4,11.1,11.4,10.9,11.9
2025-01-25T00:00:00Z,57,57,,80,80,,14.6,14,15.1,15.3,14.6,15.9
2025-01-25T06:00:00Z,61,61,,78,78,,26,25.5,26.4,28.4,27.5,29.2
2025-01-25T12:00:00Z,50,50,,85,85,,28.5,28.1,28.9,32.8,32.1,33.6
2025-01-25T18:00:00Z,44,44,,88,88,,11.1,10.7,11.4,11.7,11.2,12.1
2025-01-26T00:00:00Z,55,55,,81,81,,29.5,29.1,30,33.1,32.3,33.8
2025-01-26T06:00:00Z,57,57,,79,79,,24.5,24,24.9,26,25.3,26.6
2025-01-26T12:00:00Z,49,49,,85,85,,16.8,16.3,17.3,17.6,16.9,18.3
2025-01-26T18:00:00Z,43,43,,88,88,,9.9,9.5,10.2,10.4,9.9,10.8
2025-01-27T00:00:00Z,55,55,,82,82,,17.3,16.8,17.9,18.5,17.9,19.2
2025-01-27T06:00:00Z,61,61,,80,80,,19.9,19.4,20.4,21.4,20.7,22.1
2025-01-27T12:00:00Z,51,51,,86,86,,40.2,39.9,40.5,47.6,46.9,48.2
2025-01-27T18:00:00Z,47,47,,88,88,,22.7,22.3,23.2,23.8,23.1,24.5
2025-01-28T00:00:00Z,55,55,,83,83,,20.2,19.6,20.7,21.6,20.9,22.4
2025-01-28T06:00:00Z,62,62,,78,78,,30.1,29.7,30.5,33.6,32.9,34.3
2025-01-28T12:00:00Z,51,51,,86,86,,31.5,31,32,35.7,34.9,36.5
2025-01-28T18:00:00Z,42,42,,90,90,,16.7,16.2,17.2,17.8,17.1,18.4
2025-01-29T00:00:00Z,54,54,,83,83,,24.6,24.1,25.1,26.5,25.8,27.2
2025-01-29T06:00:00Z,61,61,,80,80,,29.4,29,29.8,32.4,31.6,33.1
2025-01-29T12:00:00Z,49,49,,87,87,,34.9,34.4,35.3,40,39.2,40.8
2025-01-29T18:00:00Z,38,38,,91,91,,15.1,14.8,15.5,16.1,15.7,16.6
2025-01-30T00:00:00Z,51,51,,84,84,,32.7,32.4,33.1,36.5,36,37.1
2025-01-30T06:00:00Z,60,60,,80,80,,35.4,35.3,35.6,41.2,40.9,41.6
2025-01-30T12:00:00Z,48,48,,87,87,,27.2,26.8,27.5,30.3,29.6,31
2025-01-30T18:00:00Z,43,43,,90,90,,19.1,18.7,19.6,20.3,19.7,20.8
2025-01-31T00:00:00Z,55,55,,82,82,,17.4,16.9,17.9,18.5,17.8,19.1
2025-01-31T06:00:00Z,62,62,,79,79,,40.5,40,41,43.9,43.2,44.6
2025-01-31T12:00:00Z,57,57,,82,82,,46.8,46.7,46.9,56.3,55.9,56.7
2025-01-31T18:00:00Z,48,48,,87,87,,21.1,20.8,21.4,23.2,22.8,23.6
2025-02-01T00:00:00Z,57,57,,81,81,,20.5,20.1,21,21.4,20.8,22.1
2025-02-01T06:00:00Z,62,62,,79,79,,16.3,15.9,16.7,17.4,17,17.9
2025-02-01T12:00:00Z,53,53,,85,85,,32.7,32.4,33,36.8,36,37.5
2025-02-01T18:00:00Z,45,45,,89,89,,18.4,17.9,18.9,19.4,18.8,20
2025-02-02T00:00:00Z,55,55,,84,84,,23.3,22.6,24,24.3,23.5,25.1
2025-02-02T06:00:00Z,59,59,,81,81,,20.1,19.6,20.7,21.4,20.8,22.1
2025-02-02T12:00:00Z,53,53,,86,86,,47.2,46.8,47.7,56,55.3,56.8
2025-02-02T18:00:00Z,48,48,,87,87,,27.3,27,27.7,29.8,29.1,30.4
2025-02-03T00:00:00Z,55,55,,82,82,,25.2,24.7,25.6,26.9,26.2,27.6
2025-02-03T06:00:00Z,59,59,,81,81,,30.4,30,30.8,34.5,33.8,35.1
2025-02-03T12:00:00Z,51,51,,86,86,,48.6,48,49.2,55.8,54.9,56.7
2025-02-03T18:00:00Z,41,41,,92,92,,16,15.5,16.4,16.7,16.2,17.3
2025-02-04T00:00:00Z,52,52,,84,84,,24.4,23.8,24.9,26,25.3,26.8
2025-02-04T06:00:00Z,61,61,,80,80,,34.4,34,34.7,39.6,39,40.3
2025-02-04T12:00:00Z,47,47,,89,89,,28.8,28.4,29.2,32.5,31.7,33.3
2025-02-04T18:00:00Z,44,44,,90,90,,16.2,15.7,16.8,17.2,16.5,17.9
2025-02-05T00:00:00Z,52,52,,84,84,,20.9,20.5,21.4,22.2,21.6,22.8
2025-02-05T06:00:00Z,61,61,,80,80,,29.9,29.4,30.5,33.8,33,34.6
2025-02-05T12:00:00Z,55,55,,84,84,,22.3,21.7,22.9,23.8,23,24.6
2025-02-05T18:00:00Z,44,44,,91,91,,14.8,14.3,15.3,15.5,14.9,16.2
2025-02-06T00:00:00Z,58,58,,83,83,,30.2,29.7,30.7,33.8,33,34.6
2025-02-06T06:00:00Z,64,64,,80,80,,41.5,41.2,41.9,49.2,48.5,49.9
2025-02-06T12:00:00Z,52,52,,88,88,,48.9,48.4,49.3,57.1,56.5,57.7
2025-02-06T18:00:00Z,55,55,,86,86,,34.7,34.1,35.3,38,37,38.9
2025-02-07T00:00:00Z,65,65,,81,81,,78.3,77.6,79.1,84.4,83.2,85.5
2025-02-07T06:00:00Z,67,67,,79,79,,72.8,71.9,73.7,79.5,78.3,80.7
2025-02-07T12:00:00Z,61,61,,84,84,,50.4,50,50.8,59.5,58.8,60.1
2025-02-07T18:00:00Z,50,50,,89,89,,23.5,23.1,23.9,25.2,24.5,25.9
2025-02-08T00:00:00Z,54,54,,84,84,,37.8,37.3,38.3,43.4,42.9,43.9
2025-02-08T06:00:00Z,60,60,,81,81,,55.2,54.9,55.5,64.4,63.9,64.8
2025-02-08T12:00:00Z,56,56,,85,85,,47.7,47.2,48.1,52.6,51.7,53.5
2025-02-08T18:00:00Z,51,51,,87,87,,15.4,15,15.8,16.1,15.6,16.6
2025-02-09T00:00:00Z,60,60,,82,82,,19.6,19,20.2,20.3,19.6,21.1
2025-02-09T06:00:00Z,61,61,,81,81,,18,17.5,18.4,18.8,18.2,19.4
2025-02-09T12:00:00Z,49,49,,89,89,,20.8,20.3,21.4,21.9,21.1,22.6
2025-02-09T18:00:00Z,43,43,,92,92,,8.9,8.5,9.3,9.3,8.9,9.8
2025-02-10T00:00:00Z,54,54,,85,85,,19.4,19,19.8,20.7,20.2,21.3
2025-02-10T06:00:00Z,59,59,,82,82,,17.6,17.1,18,18.6,18.1,19.1
2025-02-10T12:00:00Z,47,47,,90,90,,16.5,16.1,16.9,17.5,17,18
2025-02-10T18:00:00Z,42,42,,92,92,,9.3,9.1,9.6,9.8,9.5,10.1
2025-02-11T00:00:00Z,50,50,,86,86,,18.2,17.7,18.6,19.5,18.9,20
2025-02-11T06:00:00Z,56,56,,84,84,,33.6,33.3,33.8,38,37.5,38.5
2025-02-11T12:00:00Z,42,42,,92,92,,18.6,18.2,19,19.8,19.2,20.4
2025-02-11T18:00:00Z,38,38,,95,95,,10.5,10.2,10.7,11,10.7,11.3
2025-02-12T00:00:00Z,49,49,,88,88,,19.7,19.3,20.1,21.5,20.9,22.1
2025-02-12T06:00:00Z,57,57,,84,84,,75.8,74.7,76.9,80.5,78.7,82.2
2025-02-12T12:00:00Z,58,58,,85,85,,62,61.8,62.2,71.1,70.6,71.6
2025-02-12T18:00:00Z,62,62,,84,84,,55.2,55.1,55.3,64.9,64.6,65.2
2025-02-13T00:00:00Z,67,67,,82,82,,50.1,49.9,50.3,60.7,60.2,61.3
2025-02-13T06:00:00Z,65,65,,82,82,,44.5,44.3,44.7,51.9,51.4,52.4
2025-02-13T12:00:00Z,54,54,,90,90,,55.2,55,55.4,64,63.5,64.4
2025-02-13T18:00:00Z,46,46,,91,91,,12.9,12.6,13.2,13.5,13.1,13.9
2025-02-14T00:00:00Z,53,53,,87,87,,20.8,20.5,21.1,22,21.5,22.4
2025-02-14T06:00:00Z,62,62,,82,82,,22.1,21.7,22.4,23.9,23.3,24.5
2025-02-14T12:00:00Z,52,52,,89,89,,44.4,44.2,44.5,52,51.6,52.5
2025-02-14T18:00:00Z,46,46,,93,93,,19.1,18.9,19.3,20.6,20.2,21
2025-02-15T00:00:00Z,59,59,,85,85,,24,23.8,24.2,25.4,24.9,25.9
2025-02-15T06:00:00Z,63,63,,82,82,,17.5,17.2,17.7,18.5,18.1,19
2025-02-15T12:00:00Z,54,54,,87,87,,18.2,18.1,18.3,19.6,19.3,19.9
2025-02-15T18:00:00Z,49,49,,90,90,,8.4,8.2,8.6,8.8,8.6,9.1
2025-02-16T00:00:00Z,59,59,,84,84,,15,14.8,15.3,15.7,15.2,16.1
2025-02-16T06:00:00Z,64,64,,81,81,,21.2,20.9,21.5,22.3,21.7,22.9
2025-02-16T12:00:00Z,56,56,,86,86,,40.1,40.2,40.1,46.7,46.4,47
2025-02-16T18:00:00Z,51,51,,88,88,,21.5,21.3,21.6,23.1,22.8,23.4
2025-02-17T00:00:00Z,58,58,,83,83,,27.6,27.5,27.7,30.7,30.4,31
2025-02-17T06:00:00Z,63,63,,81,81,,16.6,16.4,16.9,17.9,17.5,18.3
2025-02-17T12:00:00Z,52,52,,89,89,,31.2,31.1,31.3,35.7,35.3,36.2
2025-02-17T18:00:00Z,44,44,,92,92,,8.5,8.3,8.7,9,8.7,9.3
2025-02-18T00:00:00Z,59,59,,83,83,,10.4,10.1,10.7,11.1,10.7,11.5
2025-02-18T06:00:00Z,63,63,,80,80,,9.7,9.4,10,10.1,9.7,10.5
2025-02-18T12:00:00Z,53,53,,87,87,,32.1,32,32.2,36.7,36.3,37.1
2025-02-18T18:00:00Z,48,48,,89,89,,15.1,14.7,15.4,16,15.5,16.6
2025-02-19T00:00:00Z,59,59,,82,82,,18.9,18.6,19.3,19.9,19.4,20.5
2025-02-19T06:00:00Z,62,62,,80,80,,17,16.8,17.3,17.9,17.4,18.3
2025-02-19T12:00:00Z,51,51,,87,87,,35.9,35.8,35.9,42,41.6,42.4
2025-02-19T18:00:00Z,44,44,,91,91,,23.3,23.1,23.5,26.2,25.8,26.6
2025-02-20T00:00:00Z,57,57,,82,82,,35.7,35.5,35.9,39.6,39.2,40
2025-02-20T06:00:00Z,62,62,,79,79,,24.6,24.4,24.8,26.5,26,27.1
2025-02-20T12:00:00Z,51,51,,87,87,,41,41,41,48.9,48.6,49.2
2025-02-20T18:00:00Z,43,43,,91,91,,20.1,19.9,20.4,22.3,21.8,22.7
2025-02-21T00:00:00Z,56,56,,83,83,,30.8,30.7,31,34.6,34.1,35
2025-02-21T06:00:00Z,60,60,,81,81,,35.1,35.1,35.2,40.5,40.2,40.8
2025-02-21T12:00:00Z,49,49,,88,88,,38.3,38.2,38.4,45,44.6,45.4
2025-02-21T18:00:00Z,35,35,,94,94,,10.2,10.1,10.4,11.3,11,11.6
2025-02-22T00:00:00Z,48,48,,86,86,,21.1,20.9,21.3,22.7,22.2,23.1
2025-02-22T06:00:00Z,58,58,,81,81,,45.8,45.4,46.2,49.8,49,50.5
2025-02-22T12:00:00Z,47,47,,89,89,,33.6,33.5,33.7,39.3,39,39.6
2025-02-22T18:00:00Z,40,40,,92,92,,7.4,7.1,7.7,8,7.7,8.4
2025-02-23T00:00:00Z,49,49,,85,85,,14.3,14,14.6,15.2,14.7,15.6
2025-02-23T06:00:00Z,56,56,,82,82,,14.8,14.4,15.3,15.9,15.3,16.4
2025-02-23T12:00:00Z,57,57,,86,86,,32.3,32,32.6,36.8,36.1,37.4
2025-02-23T18:00:00Z,42,42,,92,92,,9.6,9.3,10,10.2,9.8,10.6
2025-02-24T00:00:00Z,54,54,,84,84,,25.1,24.7,25.5,28.5,27.9,29.1
2025-02-24T06:00:00Z,59,59,,82,82,,48.9,48.3,49.6,53.2,52.1,54.3
2025-02-24T12:00:00Z,47,47,,90,90,,38.1,37.8,38.4,43.9,43.3,44.4
2025-02-24T18:00:00Z,44,44,,93,93,,16.8,16.6,16.9,18,17.7,18.3
2025-02-25T00:00:00Z,54,54,,85,85,,27.2,26.8,27.6,30.3,29.7,30.9
2025-02-25T06:00:00Z,62,62,,81,81,,27.5,27.1,28,30.5,29.8,31.2
2025-02-25T12:00:00Z,53,53,,87,87,,30.5,30.1,30.9,35.1,34.4,35.7
2025-02-25T18:00:00Z,45,45,,92,92,,11.3,11,11.7,11.8,11.4,12.2
2025-02-26T18:00:00Z,57,57,,85,85,,14.3,13.9,14.8,15.4,15,15.9
2025-02-27T00:00:00Z,59,59,,83,83,,30,29.7,30.3,34,33.4,34.6
2025-02-27T06:00:00Z,63,63,,81,81,,33.4,33.1,33.7,38,37.4,38.6
2025-02-27T12:00:00Z,49,49,,89,89,,24.2,23.9,24.5,26.6,25.9,27.2
2025-02-27T18:00:00Z,42,42,,93,93,,9.9,9.5,10.2,10.4,10,10.9
2025-02-28T00:00:00Z,53,53,,85,85,,28.1,27.6,28.5,31.4,30.8,32
2025-02-28T06:00:00Z,58,58,,82,82,,14.9,14.5,15.3,15.6,15.1,16.1
2025-02-28T12:00:00Z,50,50,,88,88,,20.2,19.7,20.7,21.4,20.7,22.1
2025-02-28T18:00:00Z,42,42,,93,93,,8.9,8.7,9.2,9.5,9.2,9.8
2025-03-01T00:00:00Z,54,54,,86,86,,17.6,17.3,18,18.5,18.1,19
2025-03-01T06:00:00Z,60,60,,82,82,,44,43.4,44.6,48.8,47.9,49.8
2025-03-01T12:00:00Z,52,52,,88,88,,48.4,48.2,48.7,55.9,55.3,56.5
2025-03-01T18:00:00Z,43,43,,92,92,,12.7,12.4,13.1,13.5,13,13.9
2025-03-02T00:00:00Z,54,54,,86,86,,35.6,35.2,35.9,40.3,39.7,40.9
2025-03-02T06:00:00Z,61,61,,81,81,,40.8,40.5,41.1,47.1,46.4,47.7
2025-03-02T12:00:00Z,49,49,,89,89,,31.4,31,31.9,35.8,35.1,36.5
2025-03-02T18:00:00Z,39,39,,93,93,,14.2,13.9,14.6,15.2,14.7,15.6
2025-03-03T00:00:00Z,45,45,,88,88,,23.6,23.3,24,25.9,25.4,26.5
2025-03-03T06:00:00Z,55,55,,84,84,,16.4,16,16.8,17.3,16.7,17.8
2025-03-03T12:00:00Z,46,46,,90,90,,29,28.7,29.2,32.5,32,32.9
2025-03-03T18:00:00Z,39,39,,94,94,,12.4,12.1,12.8,13.4,12.9,13.8
2025-03-04T00:00:00Z,54,54,,85,85,,22,21.6,22.5,23.7,23,24.4
2025-03-10T00:00:00Z,59,59,,81,81,,22.3,21.8,22.8,24.4,23.8,25
2025-03-10T06:00:00Z,61,61,,79,79,,27.5,27.3,27.8,30.2,29.7,30.6
2025-03-10T12:00:00Z,49,49,,87,87,,32.5,32.2,32.7,37.3,36.9,37.8
2025-03-10T18:00:00Z,44,44,,90,90,,13.9,13.6,14.1,14.6,14.3,15
2025-03-11T00:00:00Z,54,54,,84,84,,20.3,19.9,20.6,21.2,20.8,21.7
2025-03-11T12:00:00Z,52,52,,86,86,,22.8,22.5,23,25.3,24.9,25.8
2025-03-11T18:00:00Z,45,45,,90,90,,15.4,15,15.7,16.4,15.9,16.8
2025-03-12T00:00:00Z,56,56,,82,82,,13.8,13.5,14.2,14.5,14,15
2025-03-12T06:00:00Z,62,62,,80,80,,21.7,21.2,22.1,23.1,22.4,23.7
2025-03-12T12:00:00Z,53,53,,85,85,,27.4,27.3,27.5,31.7,31.3,32.1
2025-03-12T18:00:00Z,47,47,,89,89,,12.6,12.2,12.9,13.6,13.1,14
2025-03-17T18:00:00Z,43,43,,89,89,,17.5,16.1,18.8,18.5,16.9,20
2025-03-18T00:00:00Z,54,54,,81,81,,16.6,15.4,17.9,17.5,16.2,18.9
2025-03-18T06:00:00Z,61,61,,78,78,,23.5,22.2,24.8,26.5,24.8,28.3
2025-03-18T12:00:00Z,52,52,,84,84,,29,27.3,30.7,32.2,29.8,34.6
2025-03-18T18:00:00Z,45,45,,87,87,,17.1,15.7,18.5,18.2,16.6,19.8
2025-03-19T00:00:00Z,55,55,,81,81,,18,16.6,19.5,19,17.4,20.7
2025-03-19T06:00:00Z,60,60,,79,79,,18.2,16.7,19.7,19.2,17.5,20.8
2025-03-19T12:00:00Z,50,50,,85,85,,26.3,24.7,28,28.4,26.1,30.6
2025-03-19T18:00:00Z,45,45,,88,88,,19.2,17.6,20.7,20.1,18.4,21.8
2025-03-20T00:00:00Z,54,54,,82,82,,30.5,28.7,32.3,32.6,30.2,35
2025-03-20T06:00:00Z,61,61,,78,78,,26.3,24.8,27.9,28.9,27.1,30.8
2025-03-20T12:00:00Z,53,53,,83,83,,34.1,32.6,35.6,39.3,37.1,41.5
2025-03-20T18:00:00Z,47,47,,85,85,,20.3,18.9,21.8,21.8,20.1,23.6
2025-03-21T00:00:00Z,54,54,,81,81,,21.4,20,22.9,23.4,21.5,25.2
2025-03-21T06:00:00Z,59,59,,79,79,,59.6,56,63.2,63.5,59.5,67.5
2025-03-21T12:00:00Z,47,47,,88,88,,37.1,35.7,38.5,43.1,40.9,45.3
2025-03-21T18:00:00Z,40,40,,90,90,,16.1,14.9,17.4,17.1,15.7,18.5
2025-03-22T00:00:00Z,53,53,,82,82,,20.3,18.8,21.9,21.5,19.8,23.2
2025-03-22T06:00:00Z,57,57,,79,79,,25.5,23.8,27.2,27.7,25.8,29.7
2025-03-22T12:00:00Z,49,49,,86,86,,47.6,45.7,49.5,56.1,53.8,58.4
2025-03-22T18:00:00Z,42,42,,89,89,,17.1,15.9,18.3,18.4,16.9,19.9
2025-03-23T00:00:00Z,53,53,,81,81,,16.3,15,17.6,17.4,15.8,18.9
2025-03-23T06:00:00Z,57,57,,79,79,,19.4,18.1,20.7,21.1,19.5,22.7
2025-03-23T12:00:00Z,47,47,,87,87,,22.3,20.8,23.9,23.7,21.8,25.5
2025-03-23T18:00:00Z,41,41,,91,91,,18.7,17.6,19.9,20.2,18.7,21.7
2025-03-24T00:00:00Z,53,53,,82,82,,14.4,13.2,15.6,15.3,13.9,16.6
2025-03-24T06:00:00Z,57,57,,80,80,,37.3,35.2,39.4,40.3,37.8,42.9
2025-03-24T12:00:00Z,49,49,,86,86,,31.8,30.2,33.4,35.7,33.3,38.1
2025-03-24T18:00:00Z,43,43,,90,90,,20.5,19.1,21.9,22.1,20.4,23.9
2025-03-25T00:00:00Z,54,54,,82,82,,20.6,19.2,22.1,22,20.2,23.7
2025-03-25T06:00:00Z,61,61,,78,78,,35.1,33.4,36.9,40.1,37.7,42.5
2025-03-25T12:00:00Z,52,52,,84,84,,32.8,31.1,34.4,37.3,35,39.6
2025-03-25T18:00:00Z,43,43,,90,90,,18.4,17.2,19.7,19.8,18.3,21.3
2025-03-26T00:00:00Z,55,55,,83,83,,31,29.6,32.4,35.6,33.6,37.6
2025-03-26T06:00:00Z,61,61,,79,79,,55.7,52.9,58.4,62.1,58.8,65.5
2025-03-26T12:00:00Z,50,50,,86,86,,36.1,34.5,37.8,41.5,39.3,43.8
2025-03-26T18:00:00Z,41,41,,90,90,,11.7,10.7,12.7,12.5,11.4,13.7
2025-03-27T00:00:00Z,51,51,,84,84,,25,23.5,26.4,27.4,25.5,29.2
2025-03-27T06:00:00Z,60,60,,81,81,,33,31.4,34.5,37.7,35.6,39.8
2025-03-27T12:00:00Z,48,48,,89,89,,27.7,26.1,29.3,29.5,27.2,31.7
2025-03-27T18:00:00Z,40,40,,91,91,,11.1,10.1,12,11.7,10.7,12.8
2025-03-28T00:00:00Z,53,53,,83,83,,18.8,17.5,20.1,20,18.4,21.7
2025-03-28T06:00:00Z,59,59,,80,80,,32.8,31.2,34.5,36.8,34.6,39.1
2025-03-28T12:00:00Z,48,48,,88,88,,32.1,30.6,33.6,36.1,33.7,38.5
2025-03-28T18:00:00Z,40,40,,92,92,,20.3,19.1,21.5,22.5,20.9,24.1
2025-03-29T00:00:00Z,53,53,,84,84,,37.4,35.8,39,43.3,41.3,45.4
2025-03-29T06:00:00Z,60,60,,79,79,,44.5,42.6,46.4,52.4,49.9,54.9
2025-03-29T12:00:00Z,52,52,,85,85,,44.3,42.8,45.8,53.5,51.4,55.6
2025-03-29T18:00:00Z,41,41,,92,92,,21.4,20.2,22.6,23.5,21.9,25
2025-03-30T00:00:00Z,55,55,,82,82,,22.2,20.9,23.5,24.2,22.5,25.9
2025-03-30T06:00:00Z,58,58,,80,80,,13.6,12.5,14.7,14.5,13.2,15.8
2025-03-30T12:00:00Z,48,48,,88,88,,28.9,27.3,30.4,31.7,29.5,33.9
2025-03-30T18:00:00Z,44,44,,89,89,,17.9,16.7,19.2,19,17.5,20.4
2025-03-31T00:00:00Z,54,54,,82,82,,19.3,17.9,20.6,20.6,19,22.1
2025-03-31T06:00:00Z,60,60,,79,79,,20,18.5,21.5,21.3,19.6,23
2025-03-31T12:00:00Z,51,51,,86,86,,40.5,39,42,48.4,46.1,50.6
2025-03-31T18:00:00Z,45,45,,89,89,,23.2,21.9,24.5,26.1,24.4,27.8
2025-04-01T00:00:00Z,54,54,,83,83,,22.1,20.7,23.6,23.7,22,25.5
2025-04-01T06:00:00Z,59,59,,79,79,,32,30.5,33.5,36.8,34.7,38.9
2025-04-01T12:00:00Z,47,47,,88,88,,40,38.5,41.5,47.9,45.8,49.9
2025-04-01T18:00:00Z,43,43,,89,89,,13.4,12.3,14.6,14.4,13.1,15.7
2025-04-02T00:00:00Z,52,52,,81,81,,16.6,15.3,17.9,17.6,16.1,19.1
2025-04-02T06:00:00Z,58,58,,78,78,,17.4,16.1,18.8,18.7,17.2,20.3
2025-04-02T12:00:00Z,47,47,,86,86,,39.7,38.1,41.2,47.2,44.9,49.4
2025-04-02T18:00:00Z,43,43,,88,88,,16.2,14.9,17.5,17.5,16,19
2025-04-03T00:00:00Z,54,54,,80,80,,15.3,13.9,16.6,16.4,14.9,17.9
2025-04-03T06:00:00Z,59,59,,77,77,,27.2,25.7,28.6,30.3,28.4,32.2
2025-04-03T12:00:00Z,53,53,,82,82,,23.8,22.3,25.4,25.9,24,27.8
2025-04-03T18:00:00Z,49,49,,84,84,,19.1,17.7,20.5,20.5,18.8,22.1
2025-04-04T00:00:00Z,57,57,,78,78,,13.7,12.5,14.9,14.7,13.4,16
2025-04-04T06:00:00Z,61,61,,77,77,,11.5,10.4,12.6,12.4,11.1,13.6
2025-04-04T12:00:00Z,49,49,,85,85,,26.7,25.2,28.2,29.4,27.3,31.4
2025-04-04T18:00:00Z,45,45,,86,86,,13.3,12.3,14.3,14.3,13.1,15.6
2025-04-05T00:00:00Z,57,57,,79,79,,13.7,12.7,14.7,14.4,13.3,15.6
2025-04-05T06:00:00Z,61,61,,78,78,,19.2,17.9,20.6,20.2,18.6,21.8
2025-04-05T12:00:00Z,51,51,,85,85,,32.7,31.4,34.1,37,34.8,39.3
2025-04-05T18:00:00Z,50,50,,84,84,,18.4,17.2,19.6,19.4,18,20.7
2025-04-06T00:00:00Z,56,56,,79,79,,16.4,15.3,17.4,17.2,16,18.4
2025-04-06T06:00:00Z,60,60,,78,78,,14.2,13.1,15.4,15,13.8,16.2
2025-04-06T12:00:00Z,50,50,,85,85,,30,28.6,31.4,32.7,30.8,34.7
2025-04-06T18:00:00Z,45,45,,87,87,,17.6,16.7,18.6,19.4,18.2,20.6
2025-04-07T00:00:00Z,54,54,,80,80,,15,14,16.1,16.1,14.9,17.3
2025-04-07T06:00:00Z,60,60,,77,77,,13.4,12.5,14.4,14.4,13.3,15.5
2025-04-07T12:00:00Z,53,53,,83,83,,35.8,34.4,37.1,40.9,38.9,42.9
2025-04-07T18:00:00Z,46,46,,86,86,,16.9,15.8,18.1,18.2,16.8,19.5
2025-04-08T00:00:00Z,55,55,,80,80,,13.4,12.4,14.3,14.2,13,15.3
2025-04-08T06:00:00Z,59,59,,77,77,,16.3,15.2,17.3,18.1,16.8,19.3
2025-04-08T12:00:00Z,52,52,,83,83,,37,35.5,38.5,42.6,40.6,44.6
2025-04-08T18:00:00Z,48,48,,84,84,,14.4,13.4,15.5,15.5,14.3,16.7
2025-04-09T00:00:00Z,57,57,,79,79,,12.9,12,13.9,13.6,12.6,14.7
2025-04-09T06:00:00Z,61,61,,77,77,,12.8,11.8,13.8,13.4,12.3,14.6
2025-04-09T12:00:00Z,51,51,,84,84,,29.5,28.1,30.9,32.7,30.5,34.9
2025-04-09T18:00:00Z,50,50,,84,84,,22.4,21.1,23.7,23.7,22.1,25.4
2025-04-10T00:00:00Z,58,58,,79,79,,25.3,23.9,26.7,27,25.1,29
2025-04-10T06:00:00Z,61,61,,77,77,,18.1,16.7,19.5,19,17.5,20.6
2025-04-10T12:00:00Z,52,52,,84,84,,35.4,33.8,36.9,40.5,38.3,42.6
2025-04-10T18:00:00Z,46,46,,86,86,,18.5,17.4,19.6,19.8,18.4,21.2
2025-04-11T00:00:00Z,55,55,,80,80,,21.5,20.2,22.9,22.8,21.2,24.5
2025-04-11T06:00:00Z,61,61,,77,77,,22.4,20.9,23.9,24,22.1,25.8
2025-04-11T12:00:00Z,51,51,,84,84,,39.3,38.1,40.5,46.5,44.5,48.5
2025-04-11T18:00:00Z,44,44,,87,87,,18.3,17.2,19.4,20.1,18.7,21.5
2025-04-12T00:00:00Z,55,55,,80,80,,24.2,22.7,25.6,25.8,24,27.6
2025-04-12T06:00:00Z,60,60,,77,77,,26.9,25.6,28.2,29.6,27.8,31.4
2025-04-12T12:00:00Z,51,51,,84,84,,38.9,37.6,40.3,45.3,43.2,47.4
2025-04-12T18:00:00Z,47,47,,86,86,,31.9,30.6,33.2,36.2,34.5,38
2025-04-13T00:00:00Z,57,57,,80,80,,35.1,33.9,36.2,40.6,38.7,42.5
2025-04-13T06:00:00Z,62,62,,76,76,,21.4,20,22.7,22.9,21.3,24.5
2025-04-13T12:00:00Z,51,51,,83,83,,37.9,36.6,39.2,44.5,42.4,46.6
2025-04-13T18:00:00Z,46,46,,86,86,,19.6,18.3,20.9,21,19.4,22.6
2025-04-14T00:00:00Z,55,55,,79,79,,19.7,18.4,21,21,19.4,22.6
2025-04-14T06:00:00Z,61,61,,76,76,,18.6,17.3,19.9,20,18.4,21.5
2025-04-14T12:00:00Z,49,49,,85,85,,27.5,26.2,28.8,31.1,29.2,33
2025-04-14T18:00:00Z,44,44,,86,86,,13.9,12.8,15,14.9,13.7,16.2
2025-04-15T00:00:00Z,57,57,,78,78,,16.5,15.4,17.7,17.6,16.3,18.9
2025-04-15T06:00:00Z,62,62,,75,75,,35,33.7,36.3,41.4,39.3,43.5
2025-04-15T12:00:00Z,55,55,,79,79,,38.8,37.5,40.1,46.2,44.1,48.4
2025-04-15T18:00:00Z,49,49,,82,82,,27.4,26,28.8,30,27.9,32
2025-04-16T00:00:00Z,58,58,,76,76,,28.4,27,29.8,31.1,29.1,33
2025-04-16T06:00:00Z,62,62,,73,73,,39.6,38.1,41.1,46.9,44.8,48.9
2025-04-16T12:00:00Z,53,53,,80,80,,38.3,36.4,40.2,44.7,42.7,46.7
2025-04-16T18:00:00Z,51,51,,80,80,,25,23.7,26.4,27.2,25.5,28.9
2025-04-17T00:00:00Z,59,59,,75,75,,44.4,43,45.8,52.9,50.9,54.8
2025-04-17T06:00:00Z,63,63,,73,73,,41.3,39.8,42.8,48.8,46.6,51
2025-04-17T12:00:00Z,54,54,,80,80,,47.8,46.2,49.4,57.8,55.7,59.8
2025-04-17T18:00:00Z,49,49,,82,82,,35,33.8,36.1,40,38,42.1
2025-04-18T00:00:00Z,58,58,,76,76,,36.2,35,37.4,41.9,39.9,43.8
2025-04-18T06:00:00Z,62,62,,73,73,,28.6,27.3,29.9,31.9,30,33.7
2025-04-18T12:00:00Z,51,51,,82,82,,40.1,38.8,41.4,47.8,45.7,49.9
2025-04-18T18:00:00Z,51,51,,81,81,,24.1,22.7,25.4,25.8,24.2,27.4
2025-04-19T00:00:00Z,58,58,,77,77,,27.7,26.5,29,30.8,29,32.6
2025-04-19T06:00:00Z,63,63,,74,74,,26.8,25.3,28.2,29.4,27.5,31.3
2025-04-19T12:00:00Z,54,54,,81,81,,41,39.6,42.3,47.8,45.9,49.7
2025-04-19T18:00:00Z,47,47,,84,84,,27.4,26.2,28.6,30.1,28.2,31.9
2025-04-20T00:00:00Z,58,58,,77,77,,24.2,22.9,25.5,26.2,24.5,27.9
2025-04-20T06:00:00Z,62,62,,75,75,,26.1,24.8,27.4,28.9,27.2,30.7
2025-04-20T12:00:00Z,52,52,,82,82,,23.9,22.6,25.3,25.7,24,27.5
2025-04-20T18:00:00Z,51,51,,82,82,,17.4,16.4,18.5,18.3,17.1,19.6
2025-04-21T00:00:00Z,58,58,,78,78,,31.8,30.4,33.1,36.5,34.9,38.1
2025-04-21T06:00:00Z,62,62,,75,75,,19.1,17.7,20.4,19.9,18.3,21.5
2025-04-21T12:00:00Z,54,54,,81,81,,40.9,39.7,42.1,48.7,46.9,50.6
2025-04-21T18:00:00Z,50,50,,83,83,,27.1,25.8,28.5,29.7,28,31.4
2025-04-22T00:00:00Z,59,59,,77,77,,31.2,29.8,32.5,34.2,32.1,36.4
2025-04-22T06:00:00Z,64,64,,75,75,,39.7,38.2,41.1,46.8,44.9,48.6
2025-04-22T12:00:00Z,55,55,,80,80,,53,51.3,54.6,65.4,63.5,67.3
2025-04-22T18:00:00Z,51,51,,82,82,,31.5,30.3,32.8,36.1,34.3,37.9
2025-04-23T00:00:00Z,59,59,,77,77,,21.9,20.6,23.2,23,21.5,24.6
2025-04-23T06:00:00Z,63,63,,75,75,,46.3,44.6,48.1,52.8,50.3,55.2
2025-04-23T12:00:00Z,54,54,,81,81,,43,41.6,44.4,51.6,49.8,53.4
2025-04-23T18:00:00Z,48,48,,84,84,,16.6,15.6,17.6,17.6,16.4,18.8
2025-04-24T00:00:00Z,57,57,,78,78,,30.5,29.3,31.6,34,32.2,35.8
2025-04-24T06:00:00Z,63,63,,74,74,,37.9,36.7,39.1,44.7,42.9,46.5
2025-04-24T12:00:00Z,53,53,,81,81,,39.7,38.5,40.9,46.7,44.8,48.6
2025-04-24T18:00:00Z,47,47,,84,84,,27.9,26.8,28.9,30.8,29.1,32.5
2025-04-25T00:00:00Z,57,57,,78,78,,34.8,33.7,35.8,40.1,38.4,41.9
2025-04-25T06:00:00Z,62,62,,75,75,,37.4,36.1,38.8,43.3,41.2,45.4
2025-04-25T12:00:00Z,52,52,,82,82,,46.7,45.2,48.2,55,53,57.1
2025-04-25T18:00:00Z,47,47,,84,84,,27.8,26.6,29,31.3,29.5,33
2025-04-26T00:00:00Z,57,57,,77,77,,32.5,31.1,33.9,36.4,34.5,38.3
2025-04-26T06:00:00Z,62,62,,73,73,,50.3,48.5,52.1,59.7,57.4,62
2025-04-26T12:00:00Z,53,53,,81,81,,42.3,40.4,44.2,49.7,47.5,51.9
2025-04-26T18:00:00Z,49,49,,81,81,,23.6,22.2,24.9,25.1,23.4,26.8
2025-04-27T00:00:00Z,58,58,,76,76,,38.6,37.3,40,45.7,43.7,47.7
2025-04-27T06:00:00Z,64,64,,74,74,,39.3,37.6,41,46.2,43.8,48.6
2025-04-27T12:00:00Z,53,53,,81,81,,56.8,54.3,59.3,66.2,63.6,68.9
2025-04-27T18:00:00Z,47,47,,83,83,,26.3,24.9,27.6,29.4,27.7,31.1
2025-04-28T00:00:00Z,56,56,,77,77,,28.9,27.5,30.3,32.3,30.3,34.4
2025-04-28T06:00:00Z,62,62,,74,74,,71.6,67.2,75.9,76.3,71.5,81
2025-04-28T12:00:00Z,55,55,,78,78,,38.9,37.2,40.5,45.2,42.8,47.6
2025-04-28T18:00:00Z,49,49,,81,81,,22.1,20.4,23.7,23.6,21.6,25.5
2025-04-29T00:00:00Z,58,58,,76,76,,21,19.2,22.8,22.5,20.4,24.6
2025-04-29T06:00:00Z,63,63,,73,73,,31.5,29,33.9,35.1,32.1,38.2
2025-04-29T12:00:00Z,56,56,,79,79,,40,38,42,47.8,44.7,50.9
2025-04-29T18:00:00Z,53,53,,79,79,,33.9,31.9,35.8,38.4,35.4,41.4
2025-04-30T00:00:00Z,62,62,,74,74,,48.5,46.1,50.9,55.5,52.3,58.6
2025-04-30T06:00:00Z,64,64,,73,73,,56.9,54,59.8,66.9,63.8,70
2025-04-30T12:00:00Z,57,57,,78,78,,47.4,45.7,49.2,58.7,56.1,61.3
2025-04-30T18:00:00Z,50,50,,81,81,,36.7,35.3,38.2,42.8,40.3,45.3
2025-05-01T00:00:00Z,61,61,,75,75,,44,42.2,45.7,53,50.3,55.6
2025-05-01T06:00:00Z,64,64,,73,73,,50.7,48.6,52.7,62,59.1,65
2025-05-01T12:00:00Z,54,54,,80,80,,48.2,46.2,50.2,56.6,54,59.1
2025-05-01T18:00:00Z,47,47,,82,82,,28.2,26.6,29.8,30.6,28.4,32.9
2025-05-02T00:00:00Z,57,57,,77,77,,24.3,22.8,25.8,25.9,24,27.8
2025-05-02T06:00:00Z,62,62,,74,74,,31.1,29.6,32.7,36.2,34.1,38.3
2025-05-02T12:00:00Z,52,52,,81,81,,48.2,46.6,49.8,58.6,56.5,60.7
2025-05-02T18:00:00Z,47,47,,83,83,,35,33.5,36.6,39.7,37.9,41.4
2025-05-03T00:00:00Z,57,57,,76,76,,20.6,19.2,22,21.9,20.3,23.5
2025-05-03T06:00:00Z,62,62,,74,74,,37.4,35,39.8,40.2,37.4,43
2025-05-03T12:00:00Z,53,53,,80,80,,48.2,46.3,50.1,56.5,54,59
2025-05-03T18:00:00Z,48,48,,81,81,,25.6,24.1,27.1,27.9,26,29.8
2025-05-04T00:00:00Z,57,57,,76,76,,21.5,19.9,23.1,22.6,20.7,24.4
2025-05-04T06:00:00Z,60,60,,74,74,,29.9,28.3,31.4,34.2,32.1,36.3
2025-05-04T12:00:00Z,55,55,,79,79,,39.4,37.4,41.3,44.9,42.6,47.3
2025-05-04T18:00:00Z,52,52,,79,79,,24.3,22.6,26,25.7,23.6,27.7
2025-05-05T00:00:00Z,58,58,,75,75,,21.5,20,23.1,22.6,20.8,24.5
2025-05-05T06:00:00Z,62,62,,73,73,,25.1,23.5,26.7,28,25.8,30.1
2025-05-05T12:00:00Z,52,52,,80,80,,29.5,27.9,31,32.7,30.3,35
2025-05-05T18:00:00Z,51,51,,80,80,,21.6,20.1,23,23.3,21.5,25
2025-05-06T00:00:00Z,62,62,,74,74,,46.3,44.2,48.4,53.1,50.4,55.9
2025-05-06T06:00:00Z,64,64,,73,73,,35,33.3,36.7,40.4,37.6,43.1
2025-05-06T12:00:00Z,52,52,,81,81,,39,37.7,40.4,46.6,44.3,48.9
2025-05-06T18:00:00Z,48,48,,82,82,,28.3,26.8,29.8,31.5,29.5,33.5
2025-05-07T00:00:00Z,58,58,,76,76,,27.5,25.9,29.1,29.6,27.5,31.7
2025-05-07T06:00:00Z,63,63,,73,73,,38.8,37.2,40.5,46.3,44,48.6
2025-05-07T12:00:00Z,54,54,,79,79,,39.6,38,41.2,47,44.7,49.4
2025-05-07T18:00:00Z,49,49,,81,81,,19.3,17.8,20.8,20.4,18.7,22.2
2025-05-08T00:00:00Z,59,59,,75,75,,24.1,22.5,25.7,25.8,23.7,27.9
2025-05-08T06:00:00Z,63,63,,72,72,,42.7,40.4,45.1,48.8,46,51.5
2025-05-08T12:00:00Z,56,56,,77,77,,50.6,48.5,52.6,61.1,58.5,63.7
2025-05-08T18:00:00Z,51,51,,79,79,,29.7,28.1,31.4,33.2,31,35.4
2025-05-09T00:00:00Z,60,60,,74,74,,25.1,23.4,26.9,26.8,24.7,29
2025-05-09T06:00:00Z,65,65,,71,71,,45.1,43.4,46.9,55.4,52.7,58.1
2025-05-09T12:00:00Z,62,62,,72,72,,35.5,33.8,37.2,41.5,38.8,44.1
2025-05-09T18:00:00Z,54,54,,77,77,,28.8,27,30.7,31.7,29.3,34
2025-05-10T00:00:00Z,62,62,,72,72,,42.8,41,44.6,50.1,47.6,52.7
2025-05-10T06:00:00Z,65,65,,70,70,,58.7,56,61.5,69.7,66.5,72.8
2025-05-10T12:00:00Z,56,56,,76,76,,58.1,55.3,60.9,69.1,66.4,71.7
2025-05-10T18:00:00Z,54,54,,76,76,,53.8,51.2,56.4,64.9,62.7,67.1
2025-05-11T00:00:00Z,61,61,,73,73,,32.3,30.8,33.9,36.3,33.9,38.7
2025-05-11T06:00:00Z,64,64,,71,71,,46.9,45.1,48.8,57.5,55.1,59.9
2025-05-11T12:00:00Z,57,57,,76,76,,49.4,47.5,51.4,60.8,58.6,63.1
2025-05-11T18:00:00Z,54,54,,77,77,,34.2,32.6,35.7,39,36.4,41.5
2025-05-12T00:00:00Z,61,61,,73,73,,30,28.3,31.7,33.9,31.4,36.3
2025-05-12T06:00:00Z,63,63,,72,72,,19.1,17.7,20.5,20.7,18.9,22.6
2025-05-12T12:00:00Z,57,57,,76,76,,37.9,36.4,39.4,45.1,42.5,47.7
2025-05-12T18:00:00Z,53,53,,77,77,,32.2,30.6,33.7,37.1,34.8,39.4
2025-05-13T00:00:00Z,61,61,,73,73,,32.5,30.8,34.1,37.1,34.6,39.6
2025-05-13T06:00:00Z,61,61,,72,72,,31.6,29.9,33.4,35.9,33.3,38.6
2025-05-13T12:00:00Z,58,58,,74,74,,36.5,35,38,42.8,40.3,45.2
2025-05-13T18:00:00Z,51,51,,78,78,,23.9,22.3,25.5,25.5,23.5,27.5
2025-05-14T00:00:00Z,62,62,,73,73,,43.3,41.6,44.9,52.5,49.9,55.1
2025-05-14T06:00:00Z,63,63,,71,71,,60.1,57,63.2,71.5,68.6,74.5
2025-05-14T12:00:00Z,57,57,,75,75,,50.4,48.5,52.2,62.6,60.4,64.9
2025-05-14T18:00:00Z,51,51,,78,78,,31.4,29.8,33,35.3,33.1,37.4
2025-05-15T00:00:00Z,60,60,,74,74,,37.4,35.8,39,42.8,40.6,45.1
2025-05-15T06:00:00Z,62,62,,72,72,,55.1,53.1,57.1,65.6,63.1,68.1
2025-05-15T12:00:00Z,51,51,,81,81,,64.4,61,67.7,73.5,70.5,76.5
2025-05-15T18:00:00Z,48,48,,83,83,,33.5,32.3,34.8,38.3,36.1,40.6
2025-05-16T00:00:00Z,60,60,,74,74,,37.9,36.5,39.4,44.4,42,46.9
2025-05-16T06:00:00Z,65,65,,72,72,,55.7,53.3,58.1,67.2,64.5,69.9
2025-05-16T12:00:00Z,55,55,,78,78,,60,56.8,63.1,70.6,68.2,73
2025-05-16T18:00:00Z,54,54,,80,80,,36.4,34.9,37.9,42.5,39.9,45.2
2025-05-17T00:00:00Z,62,62,,74,74,,42.3,40.8,43.7,51.2,48.9,53.6
2025-05-17T06:00:00Z,63,63,,73,73,,46.5,44.8,48.1,57.2,54.9,59.6
2025-05-17T12:00:00Z,52,52,,81,81,,41.9,40.4,43.3,51,48.8,53.2
2025-05-17T18:00:00Z,53,53,,80,80,,23.5,21.9,25.1,25,23,27
2025-05-18T00:00:00Z,62,62,,74,74,,37.7,36.2,39.3,44.7,42.4,46.9
2025-05-18T06:00:00Z,65,65,,72,72,,54.5,54.8,54.3,66.5,66.4,66.6
2025-05-18T12:00:00Z,59,59,,77,77,,46.3,46.6,46,57.8,57.9,57.8
2025-05-18T18:00:00Z,54,54,,79,79,,33.7,33.7,33.6,38.9,38.6,39.2
2025-05-19T00:00:00Z,63,63,,73,73,,34.1,34.2,34,39.1,38.8,39.5
2025-05-19T06:00:00Z,65,65,,72,72,,44,44.5,43.6,54.7,54.9,54.5
2025-05-19T12:00:00Z,64,64,,73,73,,45.5,46,45.1,56.6,56.8,56.4
2025-05-19T18:00:00Z,57,57,,76,76,,30.1,30.1,30.1,33.9,33.5,34.3
2025-05-20T00:00:00Z,63,63,,72,72,,35.9,36.2,35.7,42,41.8,42.2
2025-05-20T06:00:00Z,65,65,,71,71,,48.7,49.2,48.2,59.9,60,59.8
2025-05-20T12:00:00Z,63,63,,72,72,,37.3,37.5,37.1,44.5,44.3,44.7
2025-05-20T18:00:00Z,58,58,,74,74,,26.8,26.6,27,29.5,29,30
2025-05-21T00:00:00Z,62,62,,72,72,,29.5,29.6,29.5,32.6,32.2,33
2025-05-21T06:00:00Z,63,63,,72,72,,43.6,44.1,43.2,53.7,53.8,53.6
2025-05-21T12:00:00Z,56,56,,77,77,,40.1,40.3,39.8,48.6,48.5,48.7
2025-05-21T18:00:00Z,54,54,,78,78,,44.9,45.4,44.4,56.2,56.6,55.9
2025-05-22T00:00:00Z,61,61,,73,73,,34.5,34.7,34.3,40.1,39.9,40.3
2025-05-22T06:00:00Z,64,64,,71,71,,35.8,36.1,35.5,42.2,42,42.3
2025-05-22T12:00:00Z,63,63,,73,73,,40.1,41.3,38.8,48.5,49.8,47.3
2025-05-22T18:00:00Z,57,57,,75,75,,33,34,31.9,37.9,38.9,36.8
2025-05-23T00:00:00Z,62,62,,72,72,,37.4,38.7,36,44.2,45.6,42.9
2025-05-23T06:00:00Z,63,63,,71,71,,39.2,40.8,37.6,47.7,49.4,46.1
2025-05-23T12:00:00Z,59,59,,74,74,,41.1,42.7,39.4,50.5,52.3,48.7
2025-05-23T18:00:00Z,55,55,,75,75,,30.6,31.8,29.5,34.5,35.7,33.4
2025-05-24T00:00:00Z,61,61,,72,72,,38.8,40.2,37.4,47.3,48.8,45.8
2025-05-24T06:00:00Z,66,66,,71,71,,38.8,40.1,37.6,46.8,48,45.6
2025-05-24T12:00:00Z,61,61,,73,73,,36.3,37.5,35,42.6,43.9,41.3
2025-05-24T18:00:00Z,57,57,,74,74,,33,34.4,31.7,38.1,39.6,36.5
2025-05-25T00:00:00Z,60,60,,72,72,,39,40.6,37.4,47.5,49.2,45.7
2025-05-25T06:00:00Z,62,62,,71,71,,35.2,36.9,33.5,41.7,43.6,39.8
2025-05-25T12:00:00Z,56,56,,76,76,,42.9,44.5,41.3,53.1,54.8,51.4
2025-05-25T18:00:00Z,51,51,,77,77,,25.6,26.6,24.6,28.9,29.7,28
2025-05-26T00:00:00Z,56,56,,73,73,,27.8,29.1,26.4,30,31.2,28.9
2025-05-26T06:00:00Z,60,60,,71,71,,27.1,28.3,25.9,30,31.3,28.8
2025-05-26T12:00:00Z,52,52,,78,78,,29.9,30.8,28.9,32.9,33.8,31.9
2025-05-26T18:00:00Z,50,50,,79,79,,19.1,19.6,18.5,20.5,20.9,20.1
2025-05-27T00:00:00Z,60,60,,73,73,,42.2,43.9,40.5,48.2,49.8,46.5
2025-05-27T06:00:00Z,65,65,,71,71,,59.4,62.5,56.2,70.4,72.7,68
2025-05-27T12:00:00Z,61,61,,74,74,,51,53.3,48.6,63.5,65.5,61.5
2025-05-27T18:00:00Z,56,56,,77,77,,40.8,42.4,39.2,49.3,50.9,47.7
2025-05-28T00:00:00Z,63,63,,72,72,,50.8,53.1,48.6,62.3,64,60.5
2025-05-28T06:00:00Z,65,65,,71,71,,52.4,55.2,49.6,65.4,67.6,63.2
2025-05-28T12:00:00Z,62,62,,74,74,,51.8,54.3,49.4,64.1,66.2,62.1
2025-05-28T18:00:00Z,56,56,,77,77,,39.7,41.3,38.1,47.8,49.4,46.3
2025-05-29T00:00:00Z,62,62,,72,72,,47.4,49.5,45.3,59.2,61.3,57.2
2025-05-29T06:00:00Z,63,63,,71,71,,32.9,34.5,31.3,38.2,40.1,36.3
2025-05-29T12:00:00Z,60,60,,72,72,,37.8,39.3,36.2,45.3,47,43.5
2025-05-29T18:00:00Z,55,55,,75,75,,35.6,37.1,34.1,42,43.8,40.3
2025-05-30T00:00:00Z,62,62,,71,71,,38.7,40.4,37,46.8,48.5,45
2025-05-30T06:00:00Z,68,68,,69,69,,35.6,37.2,34.1,41.8,43.5,40.2
2025-05-30T12:00:00Z,63,63,,70,70,,27.6,28.8,26.4,29.8,30.9,28.8
2025-05-30T18:00:00Z,60,60,,72,72,,30.6,31.9,29.3,34.2,35.4,33
2025-05-31T00:00:00Z,62,62,,71,71,,39.2,41.1,37.3,47.3,49.2,45.4
2025-05-31T06:00:00Z,66,66,,69,69,,40.9,42.8,39,49.8,51.8,47.9
2025-05-31T12:00:00Z,66,66,,71,71,,41.8,43.6,40,50.4,52.1,48.6
2025-05-31T18:00:00Z,61,61,,71,71,,36.5,38.1,34.8,43.5,45.3,41.8
2025-06-01T00:00:00Z,62,62,,71,71,,45.5,47.5,43.5,56.9,59.2,54.6
2025-06-01T06:00:00Z,66,66,,70,70,,50.8,53.3,48.3,64.4,66.7,62
2025-06-01T12:00:00Z,68,68,,71,71,,42.5,44.4,40.6,52.9,55,50.8
2025-06-01T18:00:00Z,62,62,,72,72,,47.1,49.3,44.8,55.8,57.7,53.9
2025-06-02T00:00:00Z,63,63,,70,70,,46.2,48.4,43.9,57.1,59.1,55.1
2025-06-02T06:00:00Z,66,66,,70,70,,53.2,56.2,50.1,66.6,69.2,64.1
2025-06-02T12:00:00Z,67,67,,70,70,,50,52.5,47.5,63,65.5,60.6
2025-06-02T18:00:00Z,60,60,,73,73,,47,49.2,44.9,57.5,59.4,55.7
2025-06-03T00:00:00Z,65,65,,70,70,,45.5,47.3,43.6,57,58.9,55.1
2025-06-03T06:00:00Z,66,66,,70,70,,50.7,53.6,47.8,64.5,67.2,61.9
2025-06-03T12:00:00Z,63,63,,72,72,,41.8,43.7,39.8,52.1,54.3,49.9
2025-06-03T18:00:00Z,57,57,,75,75,,29,30.2,27.8,32.3,33.3,31.3
2025-06-04T00:00:00Z,65,65,,71,71,,49.2,51.5,46.9,62.4,64.4,60.3
2025-06-04T06:00:00Z,72,72,,68,68,,32.4,34.1,30.7,39.3,41,37.5
2025-06-04T12:00:00Z,66,66,,72,72,,19.3,20.6,17.9,20.2,21.3,19.1
2025-06-04T18:00:00Z,61,61,,73,73,,18.8,20.4,17.1,20.1,21.5,18.7
2025-06-05T00:00:00Z,66,66,,70,70,,30.7,33,28.3,34.9,37.5,32.3
2025-06-05T06:00:00Z,69,69,,69,69,,27.1,29.4,24.8,31.1,33.6,28.6
2025-06-05T12:00:00Z,66,66,,71,71,,34.6,37,32.3,40.5,43.4,37.7
2025-06-05T18:00:00Z,60,60,,73,73,,24.5,26.4,22.6,27.6,29.5,25.7
2025-06-06T00:00:00Z,65,65,,70,70,,29.4,31.7,27,33.1,35.4,30.7
2025-06-06T06:00:00Z,69,69,,69,69,,31.3,33.8,28.9,36.1,38.8,33.4
2025-06-06T12:00:00Z,64,64,,71,71,,32.6,35,30.2,38.3,40.8,35.7
2025-06-06T18:00:00Z,59,59,,73,73,,31,33.3,28.7,35.1,37.6,32.6
2025-06-07T00:00:00Z,64,64,,71,71,,38.7,41.1,36.2,46.3,49,43.6
2025-06-07T06:00:00Z,64,64,,70,70,,32.3,35.1,29.4,37.8,41,34.5
2025-06-07T12:00:00Z,59,59,,72,72,,35.4,38.1,32.6,42.2,45.7,38.7
2025-06-07T18:00:00Z,55,55,,74,74,,35,37.5,32.4,41.3,44.4,38.3
2025-06-08T00:00:00Z,60,60,,71,71,,40.1,43,37.2,49.2,52.5,45.9
2025-06-08T06:00:00Z,61,61,,71,71,,32.2,34.9,29.5,37.7,40.4,34.9
2025-06-08T12:00:00Z,57,57,,73,73,,32,34.3,29.7,37.2,39.7,34.7
2025-06-08T18:00:00Z,55,55,,76,76,,17.4,18.8,16,18.7,19.9,17.6
2025-06-09T00:00:00Z,61,61,,73,73,,24.6,26.8,22.4,26.4,28.4,24.4
2025-06-09T06:00:00Z,63,63,,72,72,,34.7,37.4,32,40.9,44.1,37.7
2025-06-09T12:00:00Z,58,58,,74,74,,40.4,43.4,37.4,50.5,53.9,47.2
2025-06-09T18:00:00Z,54,54,,75,75,,30.9,33.4,28.3,36.3,39,33.5
2025-06-10T00:00:00Z,59,59,,73,73,,32.3,34.8,29.8,36.9,39.6,34.2
2025-06-10T06:00:00Z,66,66,,71,71,,37,39.5,34.4,44.3,47.5,41.2
2025-06-10T12:00:00Z,58,58,,75,75,,42.5,45.1,40,52,54.9,49.2
2025-06-10T18:00:00Z,56,56,,77,77,,37.2,39.6,34.8,44.4,47.2,41.5
2025-06-11T00:00:00Z,60,60,,74,74,,43.8,46.4,41.2,54,56.8,51.1
2025-06-11T06:00:00Z,61,61,,74,74,,28.1,30.4,25.7,31.8,34.3,29.3
2025-06-11T12:00:00Z,54,54,,79,79,,43.9,47.1,40.6,52.1,54.9,49.3
2025-06-11T18:00:00Z,50,50,,82,82,,17.2,18.5,15.9,18.4,19.5,17.3
2025-06-12T00:00:00Z,59,59,,75,75,,27.6,29.7,25.5,29.9,32,27.7
2025-06-12T06:00:00Z,61,61,,72,72,,19.3,20.9,17.7,20.7,22.2,19.2
2025-06-12T12:00:00Z,53,53,,78,78,,24.3,26.1,22.5,26.6,28.3,25
2025-06-12T18:00:00Z,56,56,,77,77,,23.5,25.5,21.6,25.8,27.7,23.9
2025-06-13T00:00:00Z,60,60,,74,74,,36.9,39.5,34.3,44.5,47.4,41.5
2025-06-13T06:00:00Z,62,62,,73,73,,34.9,37.5,32.2,41.5,44.7,38.2
2025-06-13T12:00:00Z,58,58,,76,76,,31.5,33.7,29.3,35.8,37.9,33.7
2025-06-13T18:00:00Z,57,57,,76,76,,14.2,15.3,13.1,15.3,16.2,14.4
2025-06-14T00:00:00Z,63,63,,73,73,,27.3,29.1,25.4,30,31.8,28.3
2025-06-14T06:00:00Z,64,64,,73,73,,25.9,27.9,23.8,28.4,30.2,26.5
2025-06-14T12:00:00Z,58,58,,76,76,,35.6,37.9,33.4,41.9,44.5,39.4
2025-06-14T18:00:00Z,58,58,,76,76,,29.3,31.4,27.2,32.4,34.8,30.1
2025-06-15T00:00:00Z,63,63,,74,74,,30,32.2,27.8,33.5,36.1,30.9
2025-06-15T06:00:00Z,63,63,,73,73,,43.3,46.4,40.2,54.1,57.6,50.6
2025-06-15T12:00:00Z,58,58,,76,76,,36.2,38.7,33.7,43.4,46.4,40.5
2025-06-15T18:00:00Z,53,53,,77,77,,17.3,18.5,16.1,18.4,19.5,17.4
2025-06-16T00:00:00Z,62,62,,73,73,,27,29,24.9,31.2,33.4,29
2025-06-16T06:00:00Z,66,66,,72,72,,21.4,23.5,19.4,23.4,25.1,21.6
2025-06-16T12:00:00Z,62,62,,74,74,,19.5,20.9,18,21.3,22.6,20
2025-06-16T18:00:00Z,59,59,,75,75,,26.5,28.7,24.3,29,31,26.9
2025-06-17T00:00:00Z,65,65,,72,72,,34,36.6,31.4,39.3,42,36.5
2025-06-17T06:00:00Z,67,67,,71,71,,9.7,10.4,8.9,10.4,11,9.9
2025-06-17T12:00:00Z,61,61,,73,73,,23.9,25.6,22.2,26.6,28.2,25
2025-06-17T18:00:00Z,60,60,,73,73,,27.7,29.9,25.5,31.4,33.6,29.2
2025-06-18T00:00:00Z,64,64,,71,71,,26.4,28.5,24.2,30.1,32,28.2
2025-06-18T06:00:00Z,64,64,,71,71,,30.2,32.5,28,34.7,36.9,32.4
2025-06-18T12:00:00Z,62,62,,73,73,,38.8,41.6,36.1,47.5,50.4,44.5
2025-06-18T18:00:00Z,62,62,,73,73,,24.7,26.7,22.7,27,28.6,25.4
2025-06-19T00:00:00Z,65,65,,71,71,,21.3,23.1,19.5,22.8,24.4,21.3
2025-06-19T06:00:00Z,68,68,,70,70,,30.9,33.1,28.6,35.6,37.8,33.4
2025-06-19T12:00:00Z,66,66,,71,71,,23.1,24.7,21.6,25.4,26.9,23.9
2025-06-19T18:00:00Z,63,63,,73,73,,23.4,24.8,22,26.6,27.8,25.4
2025-06-20T00:00:00Z,65,65,,72,72,,44.4,47.2,41.5,51.6,54.1,49.1
2025-06-20T06:00:00Z,63,63,,72,72,,35.6,37.9,33.3,41.7,44,39.5
2025-06-20T12:00:00Z,63,63,,73,73,,33.6,35.6,31.6,39.5,41.6,37.4
2025-06-20T18:00:00Z,63,63,,72,72,,36,38.3,33.7,42.6,45.4,39.9
2025-06-21T00:00:00Z,65,65,,70,70,,38.4,40.8,35.9,46,48.8,43.3
2025-06-21T06:00:00Z,65,65,,70,70,,26.6,28.7,24.5,29.7,31.6,27.8
2025-06-21T12:00:00Z,64,64,,71,71,,29.8,31.7,27.8,33.3,35.5,31
2025-06-21T18:00:00Z,59,59,,72,72,,29.8,32,27.7,33.2,35.5,30.9
2025-06-22T00:00:00Z,65,65,,70,70,,38.9,41.4,36.4,46.7,49.4,44.1
2025-06-22T06:00:00Z,68,68,,69,69,,22.1,23.9,20.4,24.2,25.9,22.5
2025-06-22T12:00:00Z,70,70,,69,69,,22.1,23.7,20.6,23.6,24.9,22.2
2025-06-22T18:00:00Z,63,63,,70,70,,19.3,20.8,17.8,20.3,21.6,19.1
2025-06-23T00:00:00Z,65,65,,70,70,,22.6,24.4,20.8,23.9,25.5,22.4
2025-06-23T06:00:00Z,65,65,,70,70,,31.1,33.5,28.8,35.6,38.3,32.9
2025-06-23T12:00:00Z,59,59,,74,74,,44.5,47.2,41.8,54.1,57,51.3
2025-06-23T18:00:00Z,53,53,,79,79,,41.9,44.5,39.3,51,53.7,48.3
2025-06-24T00:00:00Z,61,61,,73,73,,46.6,49.6,43.6,56.3,59.1,53.5
2025-06-24T06:00:00Z,65,65,,70,70,,49.3,52.6,46.1,58.2,61.2,55.3
2025-06-24T12:00:00Z,54,54,,79,79,,83.5,89.7,77.3,89.9,95.3,84.4
2025-06-24T18:00:00Z,47,47,,81,81,,19.4,20.9,18,20.7,22,19.4
2025-06-25T00:00:00Z,58,58,,75,75,,24.9,26.8,23,26.8,28.7,24.9
2025-06-25T06:00:00Z,63,63,,72,72,,19.1,20.5,17.6,20.4,21.7,19.2
2025-06-25T12:00:00Z,56,56,,77,77,,40,42.8,37.3,48.7,51.7,45.7
2025-06-25T18:00:00Z,51,51,,79,79,,24.6,26.3,22.9,27.2,28.8,25.5
2025-06-26T00:00:00Z,61,61,,73,73,,38.1,40.8,35.4,45.9,48.8,43.1
2025-06-26T06:00:00Z,63,63,,72,72,,29.5,32,27,33.4,36.3,30.6
2025-06-26T12:00:00Z,59,59,,74,74,,38.3,41.1,35.4,46.9,50.2,43.5
2025-06-26T18:00:00Z,56,56,,76,76,,35,37.5,32.6,41.4,44.5,38.3
2025-06-27T00:00:00Z,63,63,,72,72,,39.2,42.1,36.4,48,51,44.9
2025-06-27T06:00:00Z,65,65,,71,71,,23.5,26,21,26.3,28.7,23.9
2025-06-27T12:00:00Z,64,64,,73,73,,29.6,31.6,27.6,33.7,35.8,31.5
2025-06-27T18:00:00Z,68,68,,71,71,,13.9,14.9,12.9,14.7,15.6,13.9
2025-06-28T00:00:00Z,69,69,,70,70,,20.5,22.3,18.8,22,23.5,20.4
2025-06-28T06:00:00Z,68,68,,70,70,,28.3,30.9,25.7,33,35.9,30
2025-06-28T12:00:00Z,65,65,,72,72,,22.8,25,20.7,25,27,23.1
2025-06-28T18:00:00Z,67,67,,71,71,,21.6,23.6,19.6,23.3,25.1,21.5
2025-06-29T00:00:00Z,68,68,,70,70,,22.2,24.1,20.3,24.4,26.4,22.5
2025-06-29T06:00:00Z,71,71,,69,69,,18.9,20.6,17.2,20.3,21.7,18.8
2025-06-29T12:00:00Z,67,67,,71,71,,22.3,24,20.6,24,25.6,22.3
2025-06-29T18:00:00Z,64,64,,72,72,,20.9,22.5,19.2,22.3,23.8,20.7
2025-06-30T00:00:00Z,70,70,,70,70,,17.5,19,16,18.6,19.9,17.3
2025-06-30T06:00:00Z,69,69,,70,70,,30.8,33.5,28.1,35.8,38.7,32.9
2025-06-30T12:00:00Z,68,68,,71,71,,29.7,32.1,27.4,33.6,36.1,31.1
2025-06-30T18:00:00Z,68,68,,70,70,,20.8,22.6,19,22.3,23.9,20.7
2025-07-01T00:00:00Z,69,69,,69,69,,34,36.8,31.3,40.1,43,37.3
2025-07-01T06:00:00Z,71,71,,68,68,,25.9,28.6,23.2,29.3,31.8,26.7
2025-07-01T12:00:00Z,67,67,,70,70,,18.4,20,16.9,19.6,20.9,18.2
2025-07-01T18:00:00Z,60,60,,72,72,,25.1,27.2,22.9,27.2,29.3,25.1
2025-07-02T00:00:00Z,64,64,,70,70,,40.3,43,37.5,49,52.4,45.7
2025-07-02T06:00:00Z,66,66,,70,70,,39.6,42.8,36.5,49.2,52.8,45.5
2025-07-02T12:00:00Z,59,59,,74,74,,48.5,52.4,44.6,60.6,64.3,56.8
2025-07-02T18:00:00Z,55,55,,76,76,,32,34.5,29.5,36.9,40,33.8
2025-07-03T00:00:00Z,61,61,,72,72,,45.6,48.7,42.4,56.6,59.9,53.3
2025-07-03T06:00:00Z,65,65,,70,70,,45.5,48.7,42.4,57.6,61.2,53.9
2025-07-03T12:00:00Z,58,58,,75,75,,49.4,52.8,46,61.2,64.4,58
2025-07-03T18:00:00Z,53,53,,78,78,,43.7,46.5,40.9,54,57,50.9
2025-07-04T00:00:00Z,63,63,,73,73,,42.8,45.7,39.8,53.3,56.7,49.9
2025-07-04T06:00:00Z,64,64,,72,72,,43.6,46.5,40.7,54.2,57.4,50.9
2025-07-04T12:00:00Z,59,59,,75,75,,47.5,50.4,44.6,59.3,62.5,56.1
2025-07-04T18:00:00Z,53,53,,79,79,,52.3,56,48.5,64.2,67.3,61
2025-07-05T00:00:00Z,63,63,,72,72,,54.5,59.2,49.8,67.3,70.7,64
2025-07-05T06:00:00Z,68,68,,71,71,,25.1,27.1,23.2,29.2,31.1,27.3
2025-07-05T12:00:00Z,67,67,,71,71,,22,24,19.9,23.6,25.4,21.9
2025-07-05T18:00:00Z,65,65,,71,71,,21.4,23.3,19.5,22.8,24.5,21.1
2025-07-06T00:00:00Z,66,66,,70,70,,34.9,37.3,32.4,40.8,43.5,38
2025-07-06T06:00:00Z,68,68,,69,69,,25.1,27.6,22.6,28.4,31,25.7
2025-07-06T12:00:00Z,62,62,,71,71,,36,38.8,33.3,43,46.2,39.9
2025-07-06T18:00:00Z,61,61,,72,72,,25.9,27.8,23.9,28.6,30.5,26.7
2025-07-07T00:00:00Z,66,66,,70,70,,24.5,26.4,22.6,27.5,29.4,25.6
2025-07-07T06:00:00Z,67,67,,69,69,,16.5,18.3,14.7,18,19.7,16.4
2025-07-07T12:00:00Z,51,51,,77,77,,40.3,42.9,37.7,49.2,51.9,46.5
2025-07-07T18:00:00Z,51,51,,76,76,,30,32.3,27.6,34.7,37.3,32.2
2025-07-08T00:00:00Z,60,60,,72,72,,39.6,42.3,36.9,48.3,51.4,45.2
2025-07-08T06:00:00Z,65,65,,70,70,,28.5,30.9,26.1,31,33.1,28.9
2025-07-08T12:00:00Z,64,64,,71,71,,32.8,35.2,30.5,37,39.5,34.5
2025-07-08T18:00:00Z,55,55,,73,73,,22.6,24.3,20.9,24.8,26.3,23.3
2025-07-09T00:00:00Z,61,61,,71,71,,26.6,28.8,24.3,29.4,31.7,27.1
2025-07-09T06:00:00Z,63,63,,70,70,,22.2,24.3,20.1,23.9,25.6,22.2
2025-07-09T12:00:00Z,61,61,,72,72,,29.8,32.2,27.5,34,36.6,31.5
2025-07-09T18:00:00Z,61,61,,72,72,,21.2,23,19.4,22.7,24.2,21.2
2025-07-10T00:00:00Z,66,66,,70,70,,24.7,26.8,22.6,26.8,28.8,24.8
2025-07-10T06:00:00Z,62,62,,70,70,,29.2,32,26.5,33.5,36.3,30.7
2025-07-10T12:00:00Z,60,60,,71,71,,26.4,28.6,24.2,29.1,31.3,26.9
2025-07-10T18:00:00Z,60,60,,71,71,,25.9,28,23.7,28.5,30.5,26.4
2025-07-11T00:00:00Z,64,64,,70,70,,30.1,32.5,27.6,34.1,36.8,31.3
2025-07-11T06:00:00Z,65,65,,69,69,,26.1,28.4,23.7,29.7,32.2,27.2
2025-07-11T12:00:00Z,59,59,,71,71,,23.2,25.1,21.3,25.4,27.2,23.6
2025-07-11T18:00:00Z,51,51,,75,75,,35.8,38.3,33.3,42.8,45.9,39.8
2025-07-12T00:00:00Z,60,60,,70,70,,49.3,53.4,45.2,60.4,63.9,57
2025-07-12T06:00:00Z,60,60,,70,70,,69.7,77.8,61.7,79.7,84.8,74.6
2025-07-12T12:00:00Z,54,54,,75,75,,60.6,66.1,55.2,71.5,75.8,67.2
2025-07-12T18:00:00Z,50,50,,77,77,,28.6,30.7,26.6,32.3,34.4,30.1
2025-07-13T00:00:00Z,61,61,,72,72,,37.8,40.4,35.1,45.5,48.4,42.6
2025-07-13T06:00:00Z,63,63,,70,70,,41.9,44.9,38.9,52.2,55.6,48.8
2025-07-13T12:00:00Z,60,60,,72,72,,39.6,42.5,36.7,48.8,52.1,45.5
2025-07-13T18:00:00Z,52,52,,76,76,,30.2,32.6,27.8,34.1,36.5,31.6
2025-07-14T00:00:00Z,61,61,,71,71,,44.6,48.4,40.8,53.8,57,50.6
2025-07-14T06:00:00Z,61,61,,71,71,,43.9,47.3,40.6,55,58.5,51.4
2025-07-14T12:00:00Z,59,59,,71,71,,33.3,36,30.6,39.4,42.6,36.2
2025-07-14T18:00:00Z,57,57,,72,72,,29.8,32.1,27.6,33.4,35.7,31
2025-07-15T00:00:00Z,63,63,,69,69,,31,33.4,28.7,35.4,37.8,33
2025-07-15T06:00:00Z,64,64,,68,68,,18.6,20.3,16.9,19.9,21.3,18.5
2025-07-15T12:00:00Z,58,58,,71,71,,28.2,30.5,25.9,31.8,34.3,29.3
2025-07-15T18:00:00Z,59,59,,71,71,,23.7,25.7,21.7,26,27.8,24.2
2025-07-16T00:00:00Z,65,65,,69,69,,25.3,27.2,23.3,27.2,29,25.4
2025-07-16T06:00:00Z,66,66,,68,68,,23.8,25.6,22,26.8,28.4,25.1
2025-07-16T12:00:00Z,60,60,,71,71,,35.4,37.6,33.1,40.8,43.4,38.2
2025-07-16T18:00:00Z,58,58,,71,71,,32.1,34.1,30,36.6,38.6,34.5
2025-07-17T00:00:00Z,62,62,,70,70,,36.5,38.8,34.2,43.2,45.9,40.5
2025-07-17T06:00:00Z,63,63,,70,70,,33.6,36.2,31.1,39.7,42.3,37
2025-07-17T12:00:00Z,60,60,,72,72,,34.8,37.1,32.5,41.2,43.8,38.6
2025-07-17T18:00:00Z,56,56,,74,74,,39.1,41.5,36.8,47.8,50.4,45.1
2025-07-18T00:00:00Z,61,61,,71,71,,39,41.4,36.6,47.2,49.9,44.5
2025-07-18T06:00:00Z,65,65,,70,70,,37.2,39.6,34.8,44.6,47.4,41.7
2025-07-18T12:00:00Z,63,63,,71,71,,42.6,45,40.3,52.4,55,49.8
2025-07-18T18:00:00Z,60,60,,72,72,,33.1,35.3,31,38.5,41.1,36
2025-07-19T00:00:00Z,62,62,,70,70,,41.8,44.4,39.3,50.9,53.6,48.2
2025-07-19T06:00:00Z,66,66,,69,69,,35.3,37.9,32.8,42.1,45.1,39.2
2025-07-19T12:00:00Z,65,65,,69,69,,32.4,34.6,30.1,37.2,39.9,34.5
2025-07-19T18:00:00Z,59,59,,71,71,,31.4,33.6,29.1,35.7,38.4,32.9
2025-07-20T00:00:00Z,64,64,,69,69,,36.9,39.7,34.1,44.6,47.9,41.2
2025-07-20T06:00:00Z,65,65,,69,69,,35.9,38.9,33,43.2,46.6,39.8
2025-07-20T12:00:00Z,62,62,,70,70,,35.8,38.6,33,42.9,46.3,39.6
2025-07-20T18:00:00Z,56,56,,72,72,,33.3,35.8,30.9,38.9,42.2,35.6
2025-07-21T00:00:00Z,62,62,,69,69,,39.7,42.6,36.8,48.8,52.2,45.4
2025-07-21T06:00:00Z,62,62,,69,69,,39.8,42.9,36.8,49.1,52.6,45.7
2025-07-21T12:00:00Z,58,58,,72,72,,53.3,58,48.6,67.5,71.7,63.3
2025-07-21T18:00:00Z,52,52,,75,75,,32.2,34.6,29.7,36.9,39.5,34.3
2025-07-22T00:00:00Z,59,59,,72,72,,41.7,44.4,38.9,51.4,54.3,48.5
2025-07-22T06:00:00Z,62,62,,70,70,,46.7,49.9,43.4,59.1,62.7,55.5
2025-07-22T12:00:00Z,59,59,,72,72,,44.7,47.7,41.7,56.3,59.8,52.8
2025-07-22T18:00:00Z,51,51,,76,76,,32.4,34.8,30,37.7,40.5,34.9
2025-07-23T00:00:00Z,60,60,,71,71,,41.5,44.3,38.7,50.9,54,47.9
2025-07-23T06:00:00Z,63,63,,70,70,,40.2,43.3,37.1,49.7,53.1,46.3
2025-07-23T12:00:00Z,61,61,,72,72,,42.7,45.8,39.6,53.5,57.1,49.9
2025-07-23T18:00:00Z,54,54,,74,74,,29.5,31.9,27.1,33.5,36,30.9
2025-07-24T00:00:00Z,60,60,,70,70,,40.2,43.2,37.3,49.1,52.4,45.8
2025-07-24T06:00:00Z,62,62,,69,69,,36.1,39.1,33.1,44.1,47.3,40.9
2025-07-24T12:00:00Z,54,54,,74,74,,38.6,41.7,35.6,47.8,51.2,44.3
2025-07-24T18:00:00Z,49,49,,76,76,,26.9,29.4,24.4,29.9,32.3,27.4
2025-07-25T00:00:00Z,59,59,,71,71,,34.3,37,31.6,40.4,43.5,37.3
2025-07-25T06:00:00Z,61,61,,70,70,,38.2,41.3,35,46.7,50.2,43.3
2025-07-25T12:00:00Z,54,54,,73,73,,39.4,42.4,36.5,48.4,51.8,45
2025-07-25T18:00:00Z,48,48,,76,76,,26.3,28.6,24,28.9,30.9,26.8
2025-07-26T00:00:00Z,58,58,,70,70,,42.9,45.8,40.1,52.8,55.7,49.9
2025-07-26T06:00:00Z,59,59,,69,69,,45.5,48.5,42.4,56.9,60.1,53.7
2025-07-26T12:00:00Z,51,51,,75,75,,54.1,59.8,48.3,64.8,68.9,60.7
2025-07-26T18:00:00Z,49,49,,76,76,,24.9,27,22.8,26.9,28.8,25
2025-07-27T00:00:00Z,58,58,,71,71,,40.9,43.6,38.1,49.8,52.7,46.8
2025-07-27T06:00:00Z,59,59,,70,70,,31.9,34.7,29.1,37.5,40.5,34.5
2025-07-27T12:00:00Z,56,56,,72,72,,32.8,35.3,30.2,37.8,40.7,35
2025-07-27T18:00:00Z,52,52,,75,75,,24.6,26.8,22.3,26.8,28.9,24.7
2025-07-28T00:00:00Z,57,57,,71,71,,34.8,37.3,32.3,41,43.8,38.2
2025-07-28T06:00:00Z,60,60,,70,70,,34.2,36.8,31.6,40.1,43.2,37
2025-07-28T12:00:00Z,52,52,,75,75,,31.7,34.1,29.2,36.3,38.9,33.8
2025-07-28T18:00:00Z,50,50,,76,76,,22.4,24.5,20.4,24.1,25.8,22.4
2025-07-29T00:00:00Z,59,59,,71,71,,30.9,33.1,28.7,35.1,37.6,32.6
2025-07-29T06:00:00Z,60,60,,71,71,,40.8,43.5,38.1,49.8,52.8,46.8
2025-07-29T12:00:00Z,57,57,,74,74,,44.2,47.1,41.2,54.7,57.9,51.5
2025-07-29T18:00:00Z,56,56,,75,75,,39.7,42.5,36.9,48.3,51.3,45.3
2025-07-30T00:00:00Z,62,62,,71,71,,32.8,35.1,30.5,37.4,40,34.8
2025-07-30T06:00:00Z,64,64,,70,70,,41.7,44.6,38.8,50.9,53.9,47.8
2025-07-30T12:00:00Z,59,59,,73,73,,38.2,40.7,35.6,46.1,48.9,43.3
2025-07-30T18:00:00Z,55,55,,75,75,,27.4,29.5,25.3,30.7,32.9,28.5
2025-07-31T00:00:00Z,62,62,,70,70,,24.4,26.4,22.4,26.7,28.6,24.7
2025-07-31T06:00:00Z,62,62,,70,70,,33.2,35.6,30.8,38.3,41.3,35.3
2025-07-31T12:00:00Z,56,56,,75,75,,42.3,44.9,39.7,51.9,54.7,49.1
2025-07-31T18:00:00Z,53,53,,76,76,,33.1,35.3,30.8,38.6,40.7,36.5
2025-08-01T00:00:00Z,61,61,,70,70,,31.3,33.5,29.1,35.6,37.8,33.4
2025-08-01T06:00:00Z,63,63,,70,70,,32.2,34.5,29.9,36.6,39.1,34.1
2025-08-01T12:00:00Z,60,60,,72,72,,36,38.5,33.6,44.1,47,41.2
2025-08-01T18:00:00Z,61,61,,71,71,,17.6,19.1,16.2,20,21.3,18.6
2025-08-02T00:00:00Z,62,62,,70,70,,24.1,26,22.2,26.3,28.1,24.5
2025-08-02T06:00:00Z,62,62,,69,69,,32.1,34.4,29.8,36.8,39.3,34.2
2025-08-02T12:00:00Z,58,58,,72,72,,26,27.9,24.2,29.1,31,27.2
2025-08-02T18:00:00Z,52,52,,75,75,,16.7,18.1,15.3,18.5,19.7,17.2
2025-08-03T00:00:00Z,60,60,,71,71,,28,30.2,25.8,31.6,33.9,29.2
2025-08-03T06:00:00Z,65,65,,69,69,,32.8,35.4,30.2,38.4,41.2,35.7
2025-08-03T12:00:00Z,65,65,,69,69,,21.4,23,19.8,23.3,24.7,21.8
2025-08-03T18:00:00Z,57,57,,73,73,,14.3,15.4,13.2,15.2,16.2,14.3
2025-08-04T00:00:00Z,60,60,,71,71,,24.4,26.2,22.5,26.9,28.9,25
2025-08-04T06:00:00Z,63,63,,70,70,,38.9,41.9,36,48.1,51.6,44.6
2025-08-04T12:00:00Z,61,61,,72,72,,45.7,48.9,42.4,56.6,60.1,53.1
2025-08-04T18:00:00Z,57,57,,74,74,,36.9,39.4,34.4,44.2,47.1,41.3
2025-08-05T00:00:00Z,63,63,,71,71,,38.3,41,35.6,46.4,49.5,43.4
2025-08-05T06:00:00Z,66,66,,69,69,,38.3,41,35.5,46.7,49.8,43.6
2025-08-05T12:00:00Z,61,61,,72,72,,38,40.7,35.3,46.5,49.6,43.4
2025-08-05T18:00:00Z,57,57,,75,75,,34,36.3,31.7,39.7,42.4,37
2025-08-06T00:00:00Z,63,63,,70,70,,42.7,45.3,40.2,52.8,55.5,50
2025-08-06T06:00:00Z,66,66,,69,69,,40.5,43.4,37.7,50.1,53.4,46.9
2025-08-06T12:00:00Z,59,59,,73,73,,40.8,43.6,38.1,51,54.3,47.7
2025-08-06T18:00:00Z,53,53,,76,76,,32.9,35.1,30.7,38.3,40.9,35.8
2025-08-07T00:00:00Z,61,61,,71,71,,39.3,41.7,36.9,47.4,50.1,44.7
2025-08-07T06:00:00Z,64,64,,70,70,,42.1,45,39.1,52.7,55.8,49.5
2025-08-07T12:00:00Z,64,64,,71,71,,28.7,30.7,26.8,32.4,34.5,30.4
2025-08-07T18:00:00Z,59,59,,72,72,,27.2,29.2,25.2,29.6,31.6,27.7
2025-08-08T00:00:00Z,65,65,,69,69,,32.7,34.9,30.5,37.2,39.2,35.2
2025-08-08T06:00:00Z,70,70,,68,68,,38.5,40.9,36,45.9,48.6,43.3
2025-08-08T12:00:00Z,65,65,,70,70,,37.6,40,35.2,44.8,47.3,42.4
2025-08-08T18:00:00Z,61,61,,71,71,,30.2,32.1,28.2,34.5,36.6,32.3
2025-08-09T00:00:00Z,64,64,,69,69,,44.6,47.2,42,55.4,58.2,52.6
2025-08-09T06:00:00Z,67,67,,68,68,,35.9,38.5,33.4,43.1,45.9,40.3
2025-08-09T12:00:00Z,63,63,,70,70,,36.1,38.4,33.7,43.6,46.2,40.9
2025-08-09T18:00:00Z,58,58,,72,72,,23.7,25.5,21.9,25.5,27,24
2025-08-10T00:00:00Z,63,63,,69,69,,46.6,50.4,42.8,56,58.6,53.4
2025-08-10T06:00:00Z,64,64,,68,68,,44.7,47.8,41.5,55.9,59,52.8
2025-08-10T12:00:00Z,59,59,,71,71,,33.9,36.2,31.6,40,42.5,37.5
2025-08-10T18:00:00Z,54,54,,74,74,,28.8,30.7,26.9,32.2,34,30.5
2025-08-11T00:00:00Z,63,63,,69,69,,37.7,40.2,35.3,45.4,48.1,42.7
2025-08-11T06:00:00Z,64,64,,68,68,,19.5,21,17.9,21,22.3,19.7
2025-08-11T12:00:00Z,58,58,,71,71,,28.5,30.3,26.8,31.6,33.4,29.7
2025-08-11T18:00:00Z,54,54,,74,74,,23.2,24.7,21.7,25.2,26.6,23.9
2025-08-12T00:00:00Z,59,59,,70,70,,30.7,32.6,28.8,34.5,36.4,32.6
2025-08-12T06:00:00Z,64,64,,69,69,,36.6,38.8,34.4,43.8,46,41.6
2025-08-12T12:00:00Z,61,61,,70,70,,30.6,32.5,28.6,34.6,36.7,32.6
2025-08-12T18:00:00Z,53,53,,72,72,,28.1,29.9,26.2,31.3,33.1,29.6
2025-08-13T00:00:00Z,60,60,,70,70,,29,30.9,27.1,32.2,34,30.4
2025-08-13T06:00:00Z,61,61,,69,69,,41.3,43.8,38.7,51,53.9,48
2025-08-13T12:00:00Z,59,59,,72,72,,46.5,49.1,43.9,58.6,61.5,55.6
2025-08-13T18:00:00Z,50,50,,76,76,,33.3,35.4,31.2,38.5,40.8,36.2
2025-08-14T00:00:00Z,59,59,,71,71,,39.3,41.8,36.9,47.8,50.5,45.1
2025-08-14T06:00:00Z,62,62,,70,70,,42.5,45.3,39.7,53.1,56.1,50.1
2025-08-14T12:00:00Z,60,60,,71,71,,46.2,49.1,43.4,58.6,61.8,55.3
2025-08-14T18:00:00Z,53,53,,75,75,,36.4,38.7,34.1,43.4,46.1,40.8
2025-08-15T00:00:00Z,62,62,,70,70,,45,47.6,42.4,56,58.7,53.4
2025-08-15T06:00:00Z,63,63,,69,69,,39.6,42.1,37,48.2,51.2,45.3
2025-08-15T12:00:00Z,62,62,,71,71,,30.4,32.5,28.2,34.4,36.8,32
2025-08-15T18:00:00Z,51,51,,74,74,,21.5,22.9,20,23.3,24.5,22.2
2025-08-16T00:00:00Z,57,57,,70,70,,37.6,39.9,35.4,45.3,47.6,43
2025-08-16T06:00:00Z,60,60,,69,69,,36.4,38.9,34,43.8,46.5,41.1
2025-08-16T12:00:00Z,51,51,,75,75,,42.3,45.1,39.6,52.8,55.7,50
2025-08-16T18:00:00Z,48,48,,76,76,,26.5,28.4,24.5,29.6,31.4,27.8
2025-08-17T00:00:00Z,55,55,,71,71,,35.1,37.1,33.1,41.5,43.7,39.2
2025-08-17T06:00:00Z,60,60,,69,69,,32.7,34.9,30.5,37.9,40.3,35.6
2025-08-17T12:00:00Z,54,54,,75,75,,44.1,46.7,41.4,55,57.7,52.3
2025-08-17T18:00:00Z,51,51,,76,76,,28.6,30.6,26.6,31.9,33.7,30.1
2025-08-18T00:00:00Z,60,60,,70,70,,32.3,34.3,30.2,36.9,38.9,34.9
2025-08-18T06:00:00Z,62,62,,69,69,,31.1,33.3,28.9,35.7,38,33.5
2025-08-18T12:00:00Z,57,57,,72,72,,31.3,33.5,29.2,36.3,38.5,34.1
2025-08-18T18:00:00Z,53,53,,74,74,,17,18.1,15.9,18.4,19.2,17.5
2025-08-19T00:00:00Z,60,60,,70,70,,40.8,43.2,38.4,49.6,51.9,47.2
2025-08-19T06:00:00Z,60,60,,69,69,,36.6,39,34.2,43.4,45.7,41.2
2025-08-19T12:00:00Z,53,53,,74,74,,45.3,48.2,42.4,52.3,55.1,49.6
2025-08-19T18:00:00Z,52,52,,74,74,,18.1,19.4,16.8,19.6,20.6,18.6
2025-08-20T00:00:00Z,59,59,,70,70,,29.4,31.4,27.5,32.7,34.6,30.7
2025-08-20T06:00:00Z,61,61,,70,70,,25.4,27.2,23.6,27.6,29,26.1
2025-08-20T12:00:00Z,54,54,,74,74,,27.2,28.9,25.4,30,31.7,28.3
2025-08-20T18:00:00Z,49,49,,77,77,,20.2,21.4,19,21.7,22.7,20.7
2025-08-21T00:00:00Z,58,58,,71,71,,34.8,36.8,32.7,41.2,43.3,39.1
2025-08-21T06:00:00Z,63,63,,69,69,,21.1,22.5,19.7,23.5,24.8,22.2
2025-08-21T12:00:00Z,60,60,,71,71,,14.1,14.9,13.3,15.2,15.7,14.6
2025-08-21T18:00:00Z,58,58,,71,71,,15.2,16,14.3,16.3,16.9,15.7
2025-08-22T00:00:00Z,65,65,,68,68,,26.9,28.5,25.4,30.1,31.7,28.5
2025-08-22T06:00:00Z,68,68,,67,67,,11.7,12.2,11.2,12.3,12.7,11.9
2025-08-22T12:00:00Z,60,60,,71,71,,21.6,22.5,20.6,23.4,24.3,22.5
2025-08-22T18:00:00Z,60,60,,70,70,,18.2,19.3,17.2,19.4,20.2,18.6
2025-08-23T00:00:00Z,63,63,,68,68,,18.3,19.4,17.3,19.6,20.5,18.7
2025-08-23T06:00:00Z,63,63,,68,68,,10.1,10.8,9.5,11.5,12,10.9
2025-08-23T12:00:00Z,60,60,,71,71,,19.2,20.4,18,21.5,22.5,20.5
2025-08-23T18:00:00Z,59,59,,70,70,,20.6,21.9,19.4,23,24.1,21.9
2025-08-24T00:00:00Z,64,64,,68,68,,20.1,21.4,18.8,22.4,23.6,21.2
2025-08-24T06:00:00Z,66,66,,68,68,,22.6,24.3,21,26,27.6,24.4
2025-08-24T12:00:00Z,67,67,,68,68,,14.8,15.7,13.9,17,17.7,16.2
2025-08-24T18:00:00Z,60,60,,69,69,,23.7,25.3,22.1,26.9,28.5,25.2
2025-08-25T00:00:00Z,63,63,,68,68,,28.8,30.6,26.9,33.1,35,31.2
2025-08-25T06:00:00Z,66,66,,66,66,,23,24.3,21.7,25.6,26.7,24.5
2025-08-25T12:00:00Z,60,60,,68,68,,16.5,17.4,15.7,17.9,18.4,17.4
2025-08-25T18:00:00Z,52,52,,73,73,,13.9,14.6,13.3,15.3,15.9,14.8
2025-08-26T00:00:00Z,61,61,,69,69,,35.4,37.3,33.5,42.7,44.4,41
2025-08-26T06:00:00Z,65,65,,67,67,,37.4,39.9,34.9,45.1,47.1,43.1
2025-08-26T12:00:00Z,58,58,,71,71,,36,38,34.1,43.3,45.4,41.2
2025-08-26T18:00:00Z,53,53,,74,74,,26.6,28.1,25,29.5,30.9,28
2025-08-27T00:00:00Z,61,61,,69,69,,36.4,38.1,34.6,43.2,45.1,41.3
2025-08-27T06:00:00Z,66,66,,67,67,,24.9,26.5,23.2,27.3,28.6,25.9
2025-08-27T12:00:00Z,65,65,,67,67,,23.9,25.5,22.2,26,27.3,24.8
2025-09-03T12:00:00Z,59,59,,71,71,,29.2,30.4,28,31.9,33,30.8
2025-09-03T18:00:00Z,53,53,,74,74,,36.7,38.5,34.9,44.2,46,42.3
2025-09-04T00:00:00Z,63,63,,69,69,,36.7,38.4,35,43.8,45.6,41.9
2025-09-04T06:00:00Z,65,65,,67,67,,20.7,21.5,19.9,22.9,23.6,22.3
2025-09-04T12:00:00Z,60,60,,70,70,,25.9,27,24.8,28.9,30,27.9
2025-09-04T18:00:00Z,54,54,,72,72,,16.6,17.3,15.9,17.8,18.4,17.3
2025-09-05T00:00:00Z,61,61,,69,69,,43.5,45.7,41.2,52.8,54.6,51
2025-09-05T06:00:00Z,64,64,,68,68,,47.5,50,45,59.4,61.7,57
2025-09-05T12:00:00Z,64,64,,69,69,,28,29.5,26.6,31.6,32.9,30.4
2025-09-05T18:00:00Z,55,55,,71,71,,21.7,22.6,20.8,24,24.8,23.3
2025-09-06T00:00:00Z,60,60,,69,69,,36.4,38,34.8,42.8,44.3,41.3
2025-09-06T06:00:00Z,62,62,,69,69,,49.1,51.7,46.6,61.4,63.7,59.2
2025-09-06T12:00:00Z,64,64,,69,69,,37.7,39.5,35.9,45.2,47.1,43.3
2025-09-06T18:00:00Z,53,53,,73,73,,27.5,29,25.9,30,31.4,28.6
2025-09-07T00:00:00Z,61,61,,68,68,,31.4,33.1,29.8,36.7,38.1,35.3
2025-09-07T06:00:00Z,61,61,,69,69,,51.4,54.5,48.3,64.6,67.1,62.1
2025-09-07T12:00:00Z,57,57,,72,72,,32.5,34.2,30.8,37.6,39.3,35.9
2025-09-07T18:00:00Z,54,54,,74,74,,30.7,32.3,29.1,35.2,36.7,33.8
2025-09-08T00:00:00Z,63,63,,69,69,,39.6,41.5,37.7,48.1,49.9,46.2
2025-09-08T06:00:00Z,65,65,,68,68,,36.8,38.9,34.8,44.5,46.5,42.5
2025-09-08T12:00:00Z,63,63,,70,70,,32.5,34.2,30.9,37.4,39.1,35.7
2025-09-08T18:00:00Z,59,59,,71,71,,27.4,29,25.8,31.4,33,29.7
2025-09-09T00:00:00Z,63,63,,69,69,,23.5,24.6,22.3,26.5,27.6,25.5
2025-09-09T06:00:00Z,67,67,,67,67,,22.8,23.9,21.8,25.1,26,24.3
2025-09-09T12:00:00Z,61,61,,69,69,,15.3,16,14.7,16.3,16.8,15.8
2025-09-09T18:00:00Z,57,57,,72,72,,42.7,44.9,40.6,48.9,51.1,46.7
2025-09-10T00:00:00Z,63,63,,69,69,,35.4,37,33.8,41.9,43.6,40.2
2025-09-10T06:00:00Z,64,64,,68,68,,40.3,42.5,38,49.7,52.1,47.3
2025-09-10T12:00:00Z,62,62,,70,70,,31.8,33.6,30,36.8,38.9,34.7
2025-09-10T18:00:00Z,53,53,,74,74,,28.3,29.9,26.7,31.5,32.9,30
2025-09-11T00:00:00Z,60,60,,70,70,,35.8,37.6,34,42.6,44.4,40.8
2025-09-11T06:00:00Z,68,68,,67,67,,26.8,28.2,25.5,31,32.1,29.9
2025-09-11T12:00:00Z,63,63,,70,70,,28,29.3,26.7,31.6,32.7,30.4
2025-09-11T18:00:00Z,52,52,,74,74,,23.9,25.3,22.4,25.6,26.8,24.5
2025-09-12T00:00:00Z,62,62,,69,69,,29.9,31.3,28.4,34,35.3,32.7
2025-09-12T06:00:00Z,64,64,,68,68,,46.9,49.3,44.5,59.2,61.6,56.9
2025-09-12T12:00:00Z,68,68,,68,68,,33.5,35.4,31.6,36.7,38.2,35.2
2025-09-12T18:00:00Z,52,52,,75,75,,29.4,30.9,27.8,33.8,35.2,32.4
2025-09-13T00:00:00Z,58,58,,70,70,,27.7,29.2,26.2,30.3,31.8,28.9
2025-09-13T06:00:00Z,64,64,,67,67,,34.3,36.3,32.3,41.3,43.2,39.3
2025-09-13T12:00:00Z,54,54,,75,75,,45.9,49,42.8,55.7,58.1,53.3
2025-09-13T18:00:00Z,52,52,,76,76,,23,24.5,21.6,25,26.3,23.8
2025-09-14T00:00:00Z,62,62,,70,70,,29,30.7,27.3,32.9,34.7,31.2
2025-09-14T06:00:00Z,64,64,,69,69,,26.6,28.6,24.7,29.8,31.4,28.1
2025-09-14T12:00:00Z,63,63,,70,70,,32.9,34.7,31.1,37.7,39.5,35.8
2025-09-14T18:00:00Z,57,57,,72,72,,25.1,26.7,23.5,27.9,29.4,26.4
2025-09-15T00:00:00Z,62,62,,69,69,,31.3,33.3,29.4,37,38.9,35.1
2025-09-15T06:00:00Z,63,63,,69,69,,47.4,50.3,44.6,60.6,63.6,57.5
2025-09-15T12:00:00Z,56,56,,74,74,,46.2,48.6,43.7,58.2,60.9,55.6
2025-09-15T18:00:00Z,51,51,,76,76,,34.8,36.6,32.9,40.7,42.8,38.7
2025-09-16T00:00:00Z,61,61,,71,71,,40,42.2,37.8,49,51.4,46.5
2025-09-16T06:00:00Z,64,64,,69,69,,45.3,47.6,43,56.1,58.5,53.8
2025-09-16T12:00:00Z,55,55,,75,75,,42.4,44.6,40.2,52.4,54.7,50.1
2025-09-16T18:00:00Z,50,50,,77,77,,31.2,32.8,29.6,35.4,37.2,33.7
2025-09-17T00:00:00Z,60,60,,71,71,,45.5,48.1,42.9,54.9,57,52.7
2025-09-17T06:00:00Z,63,63,,70,70,,48.9,51.6,46.2,60.9,63.3,58.5
2025-09-17T12:00:00Z,57,57,,74,74,,53.2,56.4,50.1,64.8,67.4,62.3
2025-09-17T18:00:00Z,49,49,,79,79,,32.5,34.1,30.8,37.7,39.3,36.2
2025-09-18T00:00:00Z,61,61,,72,72,,46.1,48.5,43.7,56.8,59.1,54.6
2025-09-18T06:00:00Z,63,63,,70,70,,41.9,44.1,39.7,51.3,53.5,49.2
2025-09-18T12:00:00Z,55,55,,76,76,,48.4,51,45.9,59.6,61.8,57.3
2025-09-18T18:00:00Z,49,49,,79,79,,36.3,38.2,34.4,42.7,44.6,40.8
2025-09-19T00:00:00Z,60,60,,72,72,,43.8,45.9,41.6,54.1,56.3,51.9
2025-09-19T06:00:00Z,64,64,,70,70,,36.8,38.8,34.8,44.4,46.5,42.2
2025-09-19T12:00:00Z,58,58,,74,74,,37.3,39.2,35.5,44.6,46.7,42.6
2025-09-19T18:00:00Z,51,51,,77,77,,31.6,33.2,29.9,35.7,37.4,34
2025-09-20T00:00:00Z,60,60,,71,71,,42.7,44.6,40.8,52.3,54.1,50.5
2025-09-20T06:00:00Z,64,64,,69,69,,43.6,45.8,41.4,54.3,56.5,52.2
2025-09-20T12:00:00Z,55,55,,74,74,,33.3,35.1,31.4,38.9,40.7,37
2025-09-20T18:00:00Z,48,48,,77,77,,22.7,23.9,21.4,24.1,25,23.2
2025-09-21T00:00:00Z,59,59,,70,70,,27,28.4,25.5,29.7,31,28.5
2025-09-21T06:00:00Z,61,61,,69,69,,21.2,22.6,19.9,23.1,24.1,22.2
2025-09-21T12:00:00Z,52,52,,75,75,,28.9,30.4,27.3,33.2,34.7,31.8
2025-09-21T18:00:00Z,49,49,,77,77,,26.9,28.5,25.4,29,30.4,27.7
2025-09-22T00:00:00Z,57,57,,71,71,,29.2,30.7,27.8,32.9,34.3,31.4
2025-09-22T06:00:00Z,62,62,,68,68,,24.7,26,23.3,26.9,28,25.7
2025-09-22T12:00:00Z,55,55,,72,72,,16.1,16.9,15.4,17.3,17.9,16.8
2025-09-22T18:00:00Z,50,50,,75,75,,15.2,16,14.5,16.7,17.2,16.1
2025-09-23T00:00:00Z,58,58,,71,71,,32.5,34,31,37.5,39,36
2025-09-23T06:00:00Z,62,62,,69,69,,41.8,43.6,40.1,51.1,52.9,49.3
2025-09-23T12:00:00Z,54,54,,75,75,,38.2,39.9,36.5,45.9,47.6,44.1
2025-09-23T18:00:00Z,49,49,,77,77,,22.6,23.7,21.4,25.2,26.2,24.1
2025-09-24T00:00:00Z,60,60,,71,71,,18.8,19.8,17.7,20.1,20.9,19.3
2025-09-24T06:00:00Z,61,61,,70,70,,28.6,30.2,27,32.5,34.2,30.9
2025-09-24T12:00:00Z,51,51,,77,77,,40,41.9,38.2,49.1,50.9,47.3
2025-09-24T18:00:00Z,51,51,,77,77,,22.9,24.1,21.7,24.8,25.8,23.9
2025-09-25T00:00:00Z,60,60,,71,71,,35.1,36.7,33.6,41.5,43.1,39.8
2025-09-25T06:00:00Z,63,63,,70,70,,42.7,44.6,40.9,53.2,55.1,51.3
2025-09-25T12:00:00Z,63,63,,71,71,,34.8,36.5,33.2,41.4,43.1,39.6
2025-09-25T18:00:00Z,58,58,,73,73,,28.8,30.2,27.5,32,33.3,30.7
2025-09-26T00:00:00Z,63,63,,70,70,,38.1,39.6,36.6,45.7,47.1,44.2
2025-09-26T06:00:00Z,66,66,,69,69,,40.3,42.1,38.5,49.4,51.3,47.6
2025-09-26T12:00:00Z,64,64,,70,70,,28.8,30,27.5,31.8,33.1,30.6
2025-09-26T18:00:00Z,62,62,,70,70,,22.9,24,21.9,24.9,25.8,24
2025-09-27T00:00:00Z,67,67,,68,68,,17.8,18.5,17,19,19.5,18.5
2025-09-27T06:00:00Z,66,66,,68,68,,18.3,19.1,17.6,20,20.5,19.4
2025-09-27T12:00:00Z,61,61,,70,70,,22.7,23.7,21.7,24.1,24.8,23.4
2025-09-27T18:00:00Z,59,59,,71,71,,28.3,29.4,27.3,31.4,32.2,30.5
2025-09-28T00:00:00Z,63,63,,69,69,,53,55,51,59.6,61.2,58
2025-09-28T06:00:00Z,65,65,,68,68,,21.2,22.1,20.4,22.7,23.3,22.2
2025-09-28T12:00:00Z,56,56,,72,72,,20,20.8,19.3,21.6,22.2,21.1
2025-09-28T18:00:00Z,50,50,,77,77,,16.7,17.4,16,17.8,18.2,17.3
2025-09-29T00:00:00Z,60,60,,71,71,,24.7,25.8,23.6,27,27.8,26.2
2025-09-29T06:00:00Z,64,64,,70,70,,32.3,33.9,30.7,38.1,39.9,36.3
2025-09-29T12:00:00Z,58,58,,73,73,,27.3,28.5,26,31.4,32.7,30.1
2025-09-29T18:00:00Z,49,49,,79,79,,23,24,21.9,25.6,26.6,24.7
2025-09-30T00:00:00Z,58,58,,72,72,,26.7,27.9,25.5,29.4,30.4,28.4
2025-09-30T06:00:00Z,62,62,,70,70,,26.6,27.9,25.2,29.5,30.5,28.5
2025-09-30T12:00:00Z,52,52,,77,77,,35.4,37.1,33.7,41.4,43.2,39.5
2025-09-30T18:00:00Z,48,48,,79,79,,18.6,19.9,17.3,20.4,21.7,19.2
2025-10-01T00:00:00Z,58,58,,72,72,,17.3,18.5,16.1,18.9,20,17.8
2025-10-01T06:00:00Z,61,61,,70,70,,16.7,17.9,15.4,18.3,19.4,17.3
2025-10-01T12:00:00Z,53,53,,76,76,,36.5,38.5,34.5,43.6,46,41.1
2025-10-01T18:00:00Z,47,47,,79,79,,21.5,23.2,19.7,23.4,25.1,21.8
2025-10-02T00:00:00Z,58,58,,72,72,,23.9,25.5,22.2,26,27.6,24.4
2025-10-02T06:00:00Z,62,62,,70,70,,29.9,32,27.8,34.1,36.3,31.8
2025-10-02T12:00:00Z,53,53,,76,76,,33.7,35.9,31.5,39.4,41.8,36.9
2025-10-02T18:00:00Z,47,47,,79,79,,14.5,15.6,13.5,15.7,16.7,14.8
2025-10-03T00:00:00Z,57,57,,72,72,,14.8,15.9,13.8,16,16.9,15.2
2025-10-03T06:00:00Z,60,60,,70,70,,16.7,18,15.4,17.9,19,16.9
2025-10-03T12:00:00Z,54,54,,74,74,,30.3,32.5,28.1,34.5,37.1,31.9
2025-10-03T18:00:00Z,46,46,,79,79,,23.4,25.2,21.6,25.4,27,23.8
2025-10-04T00:00:00Z,54,54,,73,73,,24.5,26.2,22.7,26,27.5,24.6
2025-10-04T06:00:00Z,60,60,,70,70,,29.8,31.8,27.7,33.9,36,31.7
2025-10-04T12:00:00Z,50,50,,78,78,,36,38.2,33.8,42.6,44.9,40.3
2025-10-04T18:00:00Z,47,47,,79,79,,16.4,17.5,15.4,17.6,18.4,16.7
2025-10-05T00:00:00Z,57,57,,72,72,,19.7,21.2,18.3,21.1,22.3,19.8
2025-10-05T06:00:00Z,61,61,,70,70,,19.4,20.9,17.9,21.1,22.4,19.8
2025-10-05T12:00:00Z,56,56,,73,73,,29.9,31.9,27.9,34.3,36.5,32
2025-10-05T18:00:00Z,52,52,,74,74,,21.6,23.1,20,23.6,25.1,22.2
2025-10-06T00:00:00Z,59,59,,70,70,,15.7,16.8,14.6,17.1,18.1,16
2025-10-06T06:00:00Z,61,61,,69,69,,19.8,21.2,18.3,21.4,22.7,20.2
2025-10-06T12:00:00Z,54,54,,74,74,,20.7,22.3,19.1,22.3,23.7,20.9
2025-10-06T18:00:00Z,48,48,,77,77,,27.4,29.4,25.4,30.6,32.7,28.5
2025-10-07T00:00:00Z,58,58,,71,71,,17.8,19.3,16.4,19.5,20.7,18.2
2025-10-07T06:00:00Z,62,62,,69,69,,15.5,16.8,14.2,17.2,18.3,16.1
2025-10-07T12:00:00Z,54,54,,74,74,,23.9,25.9,21.9,26,27.8,24.2
2025-10-07T18:00:00Z,50,50,,77,77,,15.9,17.1,14.8,17.5,18.5,16.5
2025-10-08T00:00:00Z,60,60,,70,70,,23.6,25.3,21.9,26.1,27.7,24.5
2025-10-08T06:00:00Z,62,62,,69,69,,33.7,36.2,31.2,38.4,40.7,36
2025-10-08T12:00:00Z,59,59,,72,72,,31.3,33.4,29.1,36,38.6,33.5
2025-10-08T18:00:00Z,54,54,,74,74,,20.8,22.2,19.3,22.6,23.9,21.2
2025-10-09T00:00:00Z,62,62,,69,69,,26.7,28.5,24.8,29.3,31.1,27.5
2025-10-09T06:00:00Z,63,63,,69,69,,41.3,43.5,39.1,50.4,52.8,47.9
2025-10-09T12:00:00Z,53,53,,75,75,,33.8,35.7,31.9,39.6,41.7,37.5
2025-10-09T18:00:00Z,49,49,,78,78,,13.8,14.7,12.9,15,15.8,14.2
2025-10-10T00:00:00Z,57,57,,72,72,,18.5,19.7,17.3,19.9,20.9,18.9
2025-10-10T06:00:00Z,62,62,,70,70,,17.8,18.9,16.7,19.5,20.3,18.6
2025-10-10T12:00:00Z,52,52,,77,77,,32.1,33.7,30.4,36.6,38.6,34.6
2025-10-10T18:00:00Z,52,52,,76,76,,24.8,26.5,23.1,27,28.6,25.4
2025-10-11T00:00:00Z,61,61,,71,71,,41.6,43.8,39.4,50.7,53,48.4
2025-10-11T06:00:00Z,63,63,,70,70,,29.1,31,27.1,33.7,35.8,31.7
2025-10-11T12:00:00Z,60,60,,72,72,,39.7,42,37.4,48,50.4,45.6
2025-10-11T18:00:00Z,54,54,,75,75,,22.1,23.5,20.7,24.6,25.9,23.3
2025-10-12T00:00:00Z,63,63,,70,70,,40.8,42.9,38.7,49.6,51.7,47.5
2025-10-12T06:00:00Z,65,65,,70,70,,47.7,50.4,45.1,59.6,62.4,56.9
2025-10-12T12:00:00Z,61,61,,72,72,,42.6,45.1,40,52.1,54.6,49.6
2025-10-12T18:00:00Z,51,51,,77,77,,25.6,27.1,24,28.7,30.2,27.3
2025-10-13T00:00:00Z,62,62,,71,71,,37.9,40,35.7,45.7,47.9,43.4
2025-10-13T06:00:00Z,63,63,,70,70,,37.8,40.1,35.5,45.5,47.8,43.1
2025-10-13T12:00:00Z,58,58,,74,74,,39.9,42.1,37.7,48.1,50.3,45.9
2025-10-13T18:00:00Z,50,50,,79,79,,20,21.2,18.8,21.5,22.5,20.5
2025-10-14T00:00:00Z,60,60,,72,72,,42.2,44.3,40.1,51.5,53.8,49.2
2025-10-14T06:00:00Z,65,65,,69,69,,34.6,36.6,32.6,40.6,42.8,38.3
2025-10-14T12:00:00Z,57,57,,75,75,,31.3,33.2,29.5,36.4,38.1,34.6
2025-10-14T18:00:00Z,50,50,,78,78,,27,28.7,25.3,29.1,30.7,27.6
2025-10-15T00:00:00Z,62,62,,71,71,,30.5,32.3,28.6,34.3,36,32.6
2025-10-15T06:00:00Z,64,64,,70,70,,26.2,28,24.4,28.9,30.5,27.3
2025-10-15T12:00:00Z,59,59,,73,73,,24.9,26.6,23.2,27.4,29,25.7
2025-10-15T18:00:00Z,57,57,,73,73,,22.1,23.4,20.8,24.2,25.3,23.1
2025-10-16T00:00:00Z,62,62,,70,70,,38.2,40,36.3,45.9,47.8,44.1
2025-10-16T06:00:00Z,65,65,,69,69,,25.6,27.1,24.1,28.6,29.9,27.4
2025-10-16T12:00:00Z,56,56,,73,73,,15.5,16.2,14.7,16.6,17.1,16.1
2025-10-16T18:00:00Z,49,49,,77,77,,14.2,14.9,13.5,15.2,15.6,14.7
2025-10-17T00:00:00Z,58,58,,72,72,,20.5,21.8,19.2,21.9,22.9,21
2025-10-17T06:00:00Z,61,61,,70,70,,16.9,17.8,16.1,18.1,18.7,17.4
2025-10-17T12:00:00Z,53,53,,75,75,,21.8,23,20.6,23.5,24.4,22.6
2025-10-17T18:00:00Z,50,50,,77,77,,13.7,14.4,13,14.6,15.2,14.1
2025-10-18T00:00:00Z,58,58,,72,72,,31.3,33,29.6,36.7,38.4,35
2025-10-18T06:00:00Z,59,59,,71,71,,29.2,30.7,27.8,32.4,33.8,31
2025-10-18T12:00:00Z,50,50,,77,77,,36.5,38.3,34.8,43.7,45.5,41.8
2025-10-18T18:00:00Z,48,48,,79,79,,21,22.1,19.8,22.3,23.1,21.4
2025-10-19T00:00:00Z,60,60,,72,72,,24.8,26.2,23.4,26.7,27.8,25.6
2025-10-19T06:00:00Z,62,62,,71,71,,21.7,22.9,20.4,23.6,24.5,22.6
2025-10-19T12:00:00Z,52,52,,77,77,,39.2,41.1,37.3,47.8,49.8,45.8
2025-10-19T18:00:00Z,49,49,,80,80,,29.6,31.2,28,33.1,34.6,31.5
2025-10-20T00:00:00Z,59,59,,73,73,,27.4,28.9,25.9,30,31.2,28.7
2025-10-20T06:00:00Z,64,64,,70,70,,16.4,17.1,15.7,17.3,17.7,16.9
2025-10-20T12:00:00Z,53,53,,78,78,,29.7,31.1,28.3,33.4,34.8,32
2025-10-20T18:00:00Z,46,46,,81,81,,28.7,30.2,27.2,32.1,33.6,30.5
2025-10-21T00:00:00Z,59,59,,73,73,,35.6,37.2,34.1,41.9,43.4,40.4
2025-10-21T06:00:00Z,61,61,,71,71,,25.7,27.2,24.2,28,29.1,26.9
2025-10-21T12:00:00Z,52,52,,77,77,,36.2,37.9,34.6,43,44.6,41.4
2025-10-21T18:00:00Z,48,48,,80,80,,23.7,24.8,22.6,25.6,26.6,24.6
2025-10-22T00:00:00Z,58,58,,73,73,,36,37.7,34.2,42,43.6,40.4
2025-10-22T06:00:00Z,60,60,,72,72,,32,33.6,30.4,37.1,38.8,35.4
2025-10-22T12:00:00Z,50,50,,80,80,,41.8,43.5,40,51.3,53.2,49.5
2025-10-22T18:00:00Z,47,47,,81,81,,20.9,21.9,20,22.4,23.2,21.6
2025-10-23T00:00:00Z,58,58,,74,74,,22.2,23.3,21.1,23.5,24.3,22.7
2025-10-23T06:00:00Z,61,61,,72,72,,26.1,27.6,24.6,27.9,28.9,26.8
2025-10-23T12:00:00Z,53,53,,78,78,,34.1,35.5,32.7,39.5,40.8,38.2
2025-10-23T18:00:00Z,48,48,,81,81,,22.2,23.2,21.3,23.4,24.1,22.7
2025-10-24T00:00:00Z,60,60,,73,73,,34,35.3,32.6,39,40.3,37.6
2025-10-24T06:00:00Z,63,63,,71,71,,33.1,34.7,31.5,38.5,40.1,36.9
2025-10-24T12:00:00Z,55,55,,77,77,,34.1,35.6,32.7,39.9,41.5,38.3
2025-10-24T18:00:00Z,50,50,,79,79,,24.7,26,23.4,26.8,27.9,25.6
2025-10-25T00:00:00Z,60,60,,73,73,,26.1,27.2,25,28.5,29.5,27.5
2025-10-25T06:00:00Z,63,63,,71,71,,13.6,14,13.1,14.4,14.7,14.1
2025-10-25T12:00:00Z,57,57,,75,75,,25.3,26.5,24.2,27.7,28.6,26.7
2025-10-25T18:00:00Z,50,50,,79,79,,26.9,28.1,25.6,29.3,30.4,28.2
2025-10-26T00:00:00Z,60,60,,73,73,,29.8,31.1,28.6,33.1,34.5,31.8
2025-10-26T06:00:00Z,64,64,,71,71,,27.3,28.5,26.1,31.2,32.4,30
2025-10-26T12:00:00Z,57,57,,75,75,,22.9,23.9,21.9,25,25.9,24.1
2025-10-26T18:00:00Z,51,51,,78,78,,14.6,15.3,14,15.5,15.9,15
2025-10-27T00:00:00Z,61,61,,72,72,,32.5,34,31.1,37.5,38.9,36.1
2025-10-27T06:00:00Z,64,64,,71,71,,22.4,23.5,21.3,24.7,25.7,23.8
2025-10-27T12:00:00Z,56,56,,75,75,,27.8,29.2,26.4,30.4,31.7,29.2
2025-10-27T18:00:00Z,48,48,,79,79,,19.3,20.4,18.3,21.1,21.9,20.2
2025-10-28T00:00:00Z,60,60,,72,72,,23.4,24.3,22.5,25.6,26.3,24.9
2025-10-28T06:00:00Z,61,61,,71,71,,47.1,49.8,44.5,58.3,60.2,56.3
2025-10-28T12:00:00Z,54,54,,76,76,,37.2,39.3,35.2,44.4,46.2,42.6
2025-10-28T18:00:00Z,45,45,,81,81,,14.8,15.4,14.1,16,16.4,15.6
2025-10-29T00:00:00Z,59,59,,73,73,,26.7,28,25.5,30.2,31.3,29.2
2025-10-29T06:00:00Z,62,62,,71,71,,32,33.6,30.5,37.9,39.2,36.5
2025-10-29T12:00:00Z,53,53,,77,77,,33.9,35.4,32.4,39.9,41.3,38.4
2025-10-29T18:00:00Z,47,47,,80,80,,18.7,19.7,17.8,20.1,20.8,19.4
2025-10-30T00:00:00Z,59,59,,73,73,,36.7,38.2,35.1,43.6,45.2,42.1
2025-10-30T06:00:00Z,62,62,,71,71,,38.8,40.4,37.1,47.5,49.3,45.8
2025-10-30T12:00:00Z,52,52,,78,78,,37.5,39.1,35.8,45.3,46.8,43.7
2025-10-30T18:00:00Z,47,47,,80,80,,19.7,20.6,18.7,21,21.7,20.3
2025-10-31T00:00:00Z,57,57,,73,73,,24.4,25.7,23.1,26.7,27.9,25.5
2025-10-31T06:00:00Z,60,60,,72,72,,33.5,35.1,31.9,39.6,41.3,37.9
2025-10-31T12:00:00Z,59,59,,73,73,,38.3,40.2,36.3,46.3,48.3,44.3
2025-11-03T12:00:00Z,53,53,,77,77,,23.3,24.5,22.1,25.6,26.7,24.5
2025-11-03T18:00:00Z,47,47,,81,81,,15.8,16.5,15.1,16.8,17.2,16.3
2025-11-04T00:00:00Z,58,58,,73,73,,31.4,32.7,30,36.1,37.2,34.9
2025-11-04T06:00:00Z,61,61,,72,72,,23.8,25.1,22.6,26.1,27.1,25
2025-11-04T12:00:00Z,51,51,,79,79,,35.9,37.7,34.2,43.1,44.9,41.3
2025-11-04T18:00:00Z,47,47,,81,81,,16.9,17.7,16.1,18,18.6,17.3
2025-11-05T00:00:00Z,57,57,,74,74,,17.4,18.2,16.7,18.6,19.2,18
2025-11-05T06:00:00Z,61,61,,72,72,,15.4,16,14.7,16.5,16.9,16
2025-11-05T12:00:00Z,50,50,,80,80,,34.5,35.8,33.1,40.2,41.7,38.7
2025-11-05T18:00:00Z,46,46,,83,83,,18.4,19.3,17.6,19.7,20.4,19
2025-11-06T00:00:00Z,58,58,,75,75,,18.9,19.7,18,20.2,20.8,19.6
2025-11-06T06:00:00Z,63,63,,71,71,,30.3,31.9,28.6,34.7,36.5,33
2025-11-06T12:00:00Z,53,53,,78,78,,38.9,40.7,37.1,47.5,49.5,45.6
2025-11-06T18:00:00Z,49,49,,80,80,,27.4,28.7,26.2,30.9,32.1,29.7
2025-11-07T00:00:00Z,60,60,,73,73,,21.6,22.7,20.6,23.4,24.1,22.7
2025-11-07T06:00:00Z,62,62,,71,71,,26.9,28.3,25.5,30.3,31.6,29
2025-11-07T12:00:00Z,57,57,,74,74,,32.8,34.3,31.3,37.5,39,35.9
2025-11-07T18:00:00Z,50,50,,78,78,,27.7,29.1,26.2,30.6,31.9,29.3
2025-11-08T00:00:00Z,59,59,,72,72,,32.3,33.8,30.7,36.8,38.3,35.3
2025-11-08T06:00:00Z,65,65,,69,69,,31.1,32.5,29.8,35.1,36.5,33.7
2025-11-08T12:00:00Z,57,57,,73,73,,19.9,20.7,19.1,21.9,22.6,21.2
2025-11-08T18:00:00Z,49,49,,79,79,,12.1,12.6,11.6,13.1,13.4,12.7
2025-11-09T00:00:00Z,59,59,,72,72,,41.7,43.9,39.4,48,49.5,46.4
2025-11-09T06:00:00Z,62,62,,71,71,,30,31.5,28.5,33.5,34.7,32.4
2025-11-09T12:00:00Z,51,51,,79,79,,40.4,42.3,38.5,46.8,48.6,45
2025-11-09T18:00:00Z,45,45,,83,83,,22.3,23.4,21.3,24.1,25,23.2
2025-11-10T00:00:00Z,58,58,,74,74,,22.4,23.5,21.2,24.5,25.6,23.5
2025-11-10T06:00:00Z,64,64,,71,71,,36.2,37.8,34.7,43,44.7,41.3
2025-11-10T12:00:00Z,60,60,,73,73,,32.7,34.3,31.1,37.9,39.6,36.2
2025-11-10T18:00:00Z,50,50,,78,78,,18.7,19.7,17.8,20,20.6,19.3
2025-11-11T00:00:00Z,59,59,,72,72,,21.8,22.8,20.8,23.5,24.2,22.7
2025-11-11T06:00:00Z,62,62,,71,71,,38.3,40.2,36.4,46.4,48.2,44.7
2025-11-11T12:00:00Z,54,54,,76,76,,33.2,34.7,31.8,38.3,39.8,36.8
2025-11-11T18:00:00Z,49,49,,79,79,,18.9,19.8,17.9,20,20.7,19.4
2025-11-12T00:00:00Z,60,60,,73,73,,31.5,32.8,30.1,36.7,37.9,35.5
2025-11-12T06:00:00Z,63,63,,71,71,,42,43.8,40.2,51.4,53.2,49.7
2025-11-12T12:00:00Z,54,54,,77,77,,48.1,50.7,45.4,58.3,60.2,56.3
2025-11-12T18:00:00Z,47,47,,81,81,,20.1,21,19.1,21.5,22.3,20.7
2025-11-13T00:00:00Z,58,58,,73,73,,23.3,24.4,22.2,25.3,26.2,24.4
2025-11-13T06:00:00Z,62,62,,71,71,,27.5,28.7,26.2,32.1,33.2,31
2025-11-13T12:00:00Z,54,54,,76,76,,39,40.7,37.3,47.1,48.9,45.4
2025-11-13T18:00:00Z,48,48,,79,79,,24.7,25.9,23.5,27.4,28.6,26.2
2025-11-14T00:00:00Z,58,58,,73,73,,17.2,18.1,16.4,18.4,19,17.7
2025-11-14T06:00:00Z,61,61,,70,70,,30.7,32,29.3,35.6,36.8,34.3
2025-11-14T12:00:00Z,52,52,,77,77,,45.2,46.9,43.5,55.6,57.3,53.8
2025-11-14T18:00:00Z,47,47,,80,80,,19.2,20.1,18.3,20.8,21.6,20.1
2025-11-15T00:00:00Z,58,58,,73,73,,18.9,19.6,18.1,20.1,20.7,19.5
2025-11-15T06:00:00Z,62,62,,71,71,,27.2,28.3,26,30.9,31.9,29.9
2025-11-15T12:00:00Z,53,53,,77,77,,41.2,42.7,39.6,50.4,52,48.8
2025-11-15T18:00:00Z,47,47,,81,81,,18.3,18.9,17.6,19.4,19.9,18.9
2025-11-16T00:00:00Z,58,58,,73,73,,18.1,18.9,17.3,19.3,19.8,18.8
2025-11-16T06:00:00Z,61,61,,72,72,,23.9,25,22.7,26,26.8,25.2
2025-11-16T12:00:00Z,51,51,,78,78,,39.3,40.9,37.8,47.4,48.9,46
2025-11-16T18:00:00Z,46,46,,81,81,,25.9,26.8,24.9,29.6,30.5,28.8
2025-11-17T00:00:00Z,59,59,,73,73,,22.4,23.3,21.5,25,25.7,24.3
2025-11-17T06:00:00Z,62,62,,71,71,,41.5,42.8,40.1,50.1,51.2,49
2025-11-17T12:00:00Z,54,54,,77,77,,36.3,37.7,34.9,43,44.3,41.7
2025-11-17T18:00:00Z,49,49,,79,79,,22.4,23.4,21.4,23.9,24.6,23.2
2025-11-18T00:00:00Z,56,56,,74,74,,17.3,18,16.6,18.3,18.8,17.9
2025-11-18T06:00:00Z,61,61,,72,72,,31.2,32.3,30.1,36.3,37.2,35.4
2025-11-18T12:00:00Z,50,50,,80,80,,35.3,36.5,34.1,41.2,42.4,40.1
2025-11-18T18:00:00Z,46,46,,82,82,,17.6,18.1,17,18.6,19,18.2
2025-11-19T00:00:00Z,59,59,,74,74,,24.5,25.5,23.5,26.5,27.3,25.7
2025-11-19T06:00:00Z,61,61,,73,73,,27.9,29.3,26.6,31,32.1,30
2025-11-19T12:00:00Z,51,51,,80,80,,35.3,36.7,33.8,41.2,42.8,39.7
2025-11-19T18:00:00Z,48,48,,81,81,,16.5,17.1,16,17.4,17.8,17.1
2025-11-20T00:00:00Z,60,60,,73,73,,21.8,22.8,20.9,23.1,23.7,22.5
2025-11-20T06:00:00Z,66,66,,71,71,,12.1,12.4,11.8,12.7,12.8,12.6
2025-11-20T12:00:00Z,58,58,,75,75,,27.4,28.5,26.2,29.9,30.8,29
2025-11-20T18:00:00Z,53,53,,78,78,,22.3,23.4,21.3,24.1,24.9,23.3
2025-11-21T00:00:00Z,64,64,,72,72,,19.8,20.7,19,21.2,21.8,20.6
2025-11-21T06:00:00Z,68,68,,70,70,,8.6,8.7,8.4,9,9,9
2025-11-21T12:00:00Z,58,58,,76,76,,25.7,26.7,24.7,27.8,28.6,27.1
2025-11-21T18:00:00Z,49,49,,80,80,,19.9,20.8,19,21.5,22.1,20.9
2025-11-22T00:00:00Z,57,57,,75,75,,26.6,27.8,25.5,29.2,30.3,28.2
2025-11-22T06:00:00Z,61,61,,73,73,,29.5,31.1,28,33.2,34.6,31.8
2025-11-22T12:00:00Z,54,54,,78,78,,33.6,35.1,32.1,39.4,41,37.8
2025-11-22T18:00:00Z,45,45,,84,84,,22.8,23.7,22,24.8,25.4,24.2
2025-11-23T00:00:00Z,57,57,,76,76,,18.5,19.2,17.7,19.4,19.8,18.9
2025-11-23T06:00:00Z,59,59,,75,75,,30.5,31.9,29.1,34.8,36.1,33.5
2025-11-23T12:00:00Z,50,50,,81,81,,32.4,33.7,31.2,38.1,39.2,37
2025-11-23T18:00:00Z,46,46,,83,83,,13.1,13.4,12.8,13.7,13.8,13.6
2025-11-24T00:00:00Z,57,57,,76,76,,22.9,23.5,22.3,25.2,25.5,24.8
2025-11-24T06:00:00Z,59,59,,75,75,,35.6,36.8,34.5,41.7,42.8,40.5
2025-11-24T12:00:00Z,51,51,,81,81,,30.4,31.3,29.5,35,35.8,34.3
2025-11-24T18:00:00Z,44,44,,85,85,,15.5,15.9,15.1,16.7,16.9,16.4
2025-11-25T00:00:00Z,57,57,,76,76,,34.7,35.9,33.6,40.5,41.6,39.4
2025-11-25T06:00:00Z,59,59,,75,75,,31.5,32.5,30.4,35.3,36.3,34.4
2025-11-25T12:00:00Z,51,51,,81,81,,43.2,44.5,41.8,52.6,53.8,51.5
2025-11-25T18:00:00Z,45,45,,84,84,,24,24.7,23.3,25.2,25.6,24.8
2025-11-26T00:00:00Z,56,56,,77,77,,30.8,31.3,30.3,34.2,34.4,33.9
2025-11-26T06:00:00Z,61,61,,75,75,,33.7,34.8,32.7,38.4,39.2,37.6
2025-11-26T12:00:00Z,53,53,,80,80,,43.2,44.6,41.8,52.9,54.1,51.6
2025-11-26T18:00:00Z,46,46,,83,83,,16,16.5,15.5,16.9,17.2,16.6
2025-11-27T00:00:00Z,56,56,,76,76,,16.2,16.7,15.7,17.1,17.4,16.8
2025-11-27T06:00:00Z,59,59,,74,74,,19.1,20,18.3,20.4,21,19.8
2025-11-27T12:00:00Z,55,55,,76,76,,26.7,27.6,25.7,29.2,30,28.3
2025-11-27T18:00:00Z,47,47,,81,81,,18.1,18.5,17.6,19.1,19.4,18.8
2025-11-28T00:00:00Z,57,57,,74,74,,19.3,19.9,18.7,20.3,20.6,20
2025-11-28T06:00:00Z,59,59,,74,74,,24.6,25.5,23.7,26.6,27.2,26
2025-11-28T12:00:00Z,49,49,,80,80,,33,34,32,38.7,39.5,38
2025-11-28T18:00:00Z,45,45,,83,83,,26,26.7,25.3,27.8,28.2,27.5
2025-11-29T00:00:00Z,56,56,,77,77,,20.9,21.6,20.1,22.1,22.6,21.6
2025-11-29T06:00:00Z,60,60,,74,74,,32,33.3,30.7,36.7,37.9,35.5
2025-11-29T12:00:00Z,52,52,,80,80,,43.5,44.9,42.1,53.2,54.4,52.1
2025-11-29T18:00:00Z,46,46,,84,84,,18.4,18.7,18.2,19.4,19.4,19.3
2025-11-30T00:00:00Z,55,55,,78,78,,19.1,19.6,18.7,20,20.2,19.8
2025-11-30T06:00:00Z,59,59,,76,76,,26.4,27.1,25.6,29,29.5,28.5
2025-11-30T12:00:00Z,49,49,,83,83,,39.5,40.3,38.8,46.9,47.5,46.4
2025-11-30T18:00:00Z,41,41,,87,87,,15.7,15.9,15.5,16.7,16.7,16.6
2025-12-01T00:00:00Z,54,54,,79,79,,16.5,16.8,16.2,17.5,17.6,17.5
2025-12-01T06:00:00Z,61,61,,75,75,,35.9,36.9,35,40.3,41,39.6
2025-12-01T12:00:00Z,51,51,,82,82,,34.7,35.3,34.1,40.3,40.5,40.2
2025-12-01T18:00:00Z,44,44,,86,86,,14.2,14.3,14,15.1,15.1,15.1
2025-12-02T00:00:00Z,56,56,,77,77,,20.6,20.8,20.4,21.8,21.8,21.7
2025-12-02T06:00:00Z,61,61,,75,75,,36.3,37.2,35.4,42.7,43.3,42.2
2025-12-02T12:00:00Z,58,58,,77,77,,26.3,26.8,25.7,28.9,29.2,28.6
2025-12-02T18:00:00Z,54,54,,79,79,,16.1,16.2,16.1,16.9,16.7,17.1
2025-12-03T00:00:00Z,59,59,,75,75,,18.7,18.9,18.6,19.6,19.5,19.7
2025-12-03T06:00:00Z,59,59,,75,75,,22.5,22.9,22,23.8,23.8,23.8
2025-12-03T12:00:00Z,53,53,,80,80,,22.5,23,22.1,24.3,24.5,24.2
2025-12-03T18:00:00Z,46,46,,85,85,,18.5,18.7,18.3,19.6,19.6,19.7
2025-12-04T00:00:00Z,57,57,,77,77,,22,22.2,21.7,23.2,23.1,23.3
2025-12-04T06:00:00Z,60,60,,75,75,,23.8,24.3,23.4,25.3,25.3,25.2
2025-12-04T12:00:00Z,57,57,,77,77,,27.6,28.1,27.2,30.6,30.8,30.4
2025-12-04T18:00:00Z,55,55,,78,78,,16.3,16.5,16.1,17.3,17.3,17.2
2025-12-05T00:00:00Z,60,60,,75,75,,28.4,29,27.7,31.6,32,31.3
2025-12-05T06:00:00Z,67,67,,73,73,,10,10.1,9.9,10.6,10.5,10.6
2025-12-05T12:00:00Z,59,59,,76,76,,14.9,15.1,14.6,15.7,15.7,15.6
2025-12-05T18:00:00Z,54,54,,78,78,,14.7,14.7,14.7,15.6,15.4,15.7
2025-12-06T00:00:00Z,62,62,,75,75,,23.1,23.7,22.6,24.4,24.6,24.2
2025-12-06T06:00:00Z,61,61,,75,75,,24.6,25.1,24.1,26,26.1,25.8
2025-12-06T12:00:00Z,55,55,,78,78,,17.7,18,17.4,18.8,18.8,18.8
2025-12-06T18:00:00Z,49,49,,81,81,,13.9,14.1,13.8,14.7,14.7,14.7
2025-12-07T00:00:00Z,56,56,,76,76,,17.8,18.1,17.6,18.8,18.8,18.9
2025-12-07T06:00:00Z,58,58,,75,75,,17.2,17.3,17,18.1,18,18.2
2025-12-07T12:00:00Z,49,49,,82,82,,22.8,23.4,22.2,24.6,24.7,24.4
2025-12-07T18:00:00Z,44,44,,85,85,,16,16,16,16.8,16.5,17.1
2025-12-08T00:00:00Z,56,56,,77,77,,18.8,18.8,18.8,19.8,19.5,20.1
2025-12-08T06:00:00Z,60,60,,75,75,,19,19,18.9,20.2,19.9,20.5
2025-12-08T12:00:00Z,56,56,,77,77,,15.6,15.6,15.6,16.5,16.3,16.6
2025-12-08T18:00:00Z,55,55,,77,77,,18.8,18.9,18.7,20.5,20.4,20.6
2025-12-09T00:00:00Z,60,60,,74,74,,45.6,46.3,44.9,53.4,53.8,53.1
2025-12-09T06:00:00Z,60,60,,75,75,,39.2,39.8,38.6,46.7,47,46.4
2025-12-10T00:00:00Z,58,58,,76,76,,26.2,26.4,26,28.3,28.1,28.5
2025-12-10T06:00:00Z,58,58,,75,75,,20.2,20.2,20.1,22.4,22.3,22.6
2025-12-10T12:00:00Z,49,49,,82,82,,33.3,33.5,33,38.4,38.2,38.6
2025-12-10T18:00:00Z,46,46,,83,83,,13,12.9,13,13.7,13.6,13.8
2025-12-11T00:00:00Z,54,54,,77,77,,9.8,9.7,9.8,10.3,10.2,10.4
2025-12-11T06:00:00Z,58,58,,75,75,,28.9,29,28.8,32.1,31.9,32.3
2025-12-11T12:00:00Z,50,50,,82,82,,23,23.1,22.9,24.5,24.3,24.7
2025-12-11T18:00:00Z,45,45,,85,85,,13.4,13.4,13.3,14.1,14,14.2
2025-12-12T00:00:00Z,56,56,,77,77,,13.7,13.6,13.7,14.3,14,14.5
2025-12-12T06:00:00Z,56,56,,77,77,,29.4,29.6,29.2,33.1,32.9,33.4
2025-12-12T12:00:00Z,47,47,,81,81,,28.9,29.3,28.5,32.4,32.4,32.4
2025-12-12T18:00:00Z,44,44,,84,84,,18.9,19.1,18.7,20.2,20,20.3
2025-12-13T00:00:00Z,55,55,,77,77,,27.6,27.7,27.5,30.2,29.9,30.5
2025-12-13T06:00:00Z,58,58,,75,75,,44.6,45.1,44,54.4,54.5,54.4
2025-12-13T12:00:00Z,51,51,,80,80,,34.9,35.3,34.5,40.8,40.6,40.9
2025-12-13T18:00:00Z,45,45,,84,84,,14.1,14.2,14,15.1,15,15.2
2025-12-14T00:00:00Z,56,56,,77,77,,28.5,28.6,28.4,31.8,31.5,32
2025-12-14T06:00:00Z,59,59,,75,75,,28.5,28.7,28.4,31.6,31.3,31.8
2025-12-14T12:00:00Z,50,50,,81,81,,39.9,40.5,39.4,47.9,47.9,47.9
2025-12-14T18:00:00Z,46,46,,84,84,,15.1,15,15.1,15.8,15.5,16.1
2025-12-15T00:00:00Z,54,54,,77,77,,27.3,27.4,27.2,30,29.8,30.3
2025-12-15T06:00:00Z,58,58,,75,75,,43.7,44.1,43.2,53,52.9,53
2025-12-15T12:00:00Z,50,50,,82,82,,49.6,50.4,48.7,61.8,62,61.6
2025-12-15T18:00:00Z,46,46,,84,84,,34.7,35,34.4,40,39.9,40.2
2025-12-16T00:00:00Z,56,56,,77,77,,55.4,55.7,55.1,64.4,64.2,64.6
2025-12-16T06:00:00Z,61,61,,74,74,,55.3,55.9,54.8,65.7,65.6,65.8
2025-12-16T12:00:00Z,52,52,,81,81,,43.1,43.4,42.8,51.5,51.1,51.9
2025-12-16T18:00:00Z,45,45,,85,85,,39.1,39.8,38.3,51.1,53.7,48.6
2025-12-17T00:00:00Z,57,57,,77,77,,54.2,55.4,52.9,62.6,63.3,61.9
2025-12-17T06:00:00Z,62,62,,75,75,,40.8,41.5,40.2,48.8,49.2,48.4
2025-12-17T12:00:00Z,53,53,,81,81,,41.5,42,41.1,50.4,50.4,50.4
2025-12-17T18:00:00Z,43,43,,87,87,,26.5,26.8,26.2,29.4,29.5,29.4
2025-12-18T00:00:00Z,56,56,,78,78,,94.2,95.6,92.8,98.9,98.8,99
2025-12-18T06:00:00Z,62,62,,75,75,,107.8,109.7,106,117,117,117
2025-12-18T12:00:00Z,52,52,,82,82,,43.7,44.5,42.9,52.3,52.5,52.1
2025-12-18T18:00:00Z,44,44,,85,85,,20.9,21.2,20.7,22.4,22.5,22.4
2025-12-19T00:00:00Z,56,56,,78,78,,24.2,24.5,23.9,26,26.1,26
2025-12-19T06:00:00Z,61,61,,75,75,,41.3,41.9,40.7,49.9,50.1,49.6
2025-12-19T12:00:00Z,52,52,,81,81,,43.6,44.3,43,53.3,53.5,53.2
2025-12-19T18:00:00Z,45,45,,85,85,,15.6,15.6,15.7,16.4,16.2,16.7
2025-12-20T00:00:00Z,56,56,,77,77,,32.5,32.7,32.2,36.5,36.3,36.7
2025-12-20T06:00:00Z,59,59,,76,76,,48.7,49.5,47.8,58.7,59,58.4
2025-12-20T12:00:00Z,48,48,,83,83,,35.6,36,35.3,41.4,41.2,41.5
2025-12-20T18:00:00Z,44,44,,86,86,,17.6,17.6,17.6,18.5,18.2,18.8
2025-12-21T00:00:00Z,55,55,,79,79,,20,20.1,19.9,20.8,20.7,21
2025-12-21T06:00:00Z,60,60,,77,77,,25.3,25.4,25.2,27.1,26.8,27.3
2025-12-21T12:00:00Z,53,53,,81,81,,36.3,36.7,35.9,42.6,42.5,42.8
2025-12-21T18:00:00Z,46,46,,86,86,,14.3,14.3,14.3,14.9,14.7,15.1
2025-12-22T00:00:00Z,56,56,,79,79,,21.1,21.1,21,22,21.8,22.3
2025-12-22T06:00:00Z,58,58,,78,78,,36.5,37.1,35.9,43,43.2,42.8
2025-12-22T12:00:00Z,54,54,,80,80,,24.8,24.9,24.7,27.1,26.8,27.3
2025-12-22T18:00:00Z,48,48,,84,84,,20.7,20.8,20.5,22.1,22,22.3
2025-12-23T00:00:00Z,56,56,,78,78,,34.7,35.2,34.3,40.2,40.3,40
2025-12-23T06:00:00Z,57,57,,77,77,,20.1,20.4,19.8,21.8,21.8,21.8
2025-12-23T12:00:00Z,52,52,,80,80,,23.4,23.7,23.1,26.7,26.8,26.6
2025-12-23T18:00:00Z,48,48,,84,84,,15.1,15.1,15,15.9,15.8,16
2025-12-24T00:00:00Z,57,57,,78,78,,39.1,39.6,38.7,45.9,46,45.8
2025-12-24T06:00:00Z,60,60,,76,76,,41.5,42.3,40.7,49.8,50.2,49.4
2025-12-24T12:00:00Z,54,54,,80,80,,32.5,32.9,32.1,38.1,38.2,38.1
2025-12-24T18:00:00Z,46,46,,86,86,,14.1,14.3,13.9,14.7,14.8,14.7
2025-12-25T00:00:00Z,56,56,,79,79,,57,58.4,55.5,61.2,62.1,60.3
2025-12-25T06:00:00Z,60,60,,78,78,,69.4,71.7,67.2,79.4,80.6,78.2
2025-12-25T12:00:00Z,51,51,,84,84,,45,46.3,43.6,51,51.4,50.6
2025-12-25T18:00:00Z,46,46,,86,86,,15.9,16.1,15.7,16.6,16.7,16.6
2025-12-26T00:00:00Z,56,56,,79,79,,17.5,17.8,17.2,18.3,18.3,18.2
2025-12-26T06:00:00Z,59,59,,77,77,,36.8,37.8,35.8,43.7,44.4,43
2025-12-26T12:00:00Z,51,51,,82,82,,29.1,29.7,28.5,33.1,33.4,32.9
2025-12-26T18:00:00Z,45,45,,86,86,,12.2,12.3,12.1,12.8,12.8,12.9
2025-12-27T00:00:00Z,56,56,,79,79,,30.2,30.6,29.8,33.7,33.9,33.6
2025-12-27T06:00:00Z,60,60,,76,76,,35.9,36.5,35.4,41.7,41.9,41.5
2025-12-27T12:00:00Z,53,53,,82,82,,44.9,45.8,44,55.1,55.5,54.6
2025-12-27T18:00:00Z,43,43,,87,87,,16.1,16.3,16,16.9,16.8,16.9
2025-12-28T00:00:00Z,56,56,,79,79,,23.9,24,23.7,25.2,25.1,25.4
2025-12-28T06:00:00Z,59,59,,77,77,,38.8,39.4,38.2,45.9,46,45.7
2025-12-28T12:00:00Z,51,51,,81,81,,41.5,42.2,40.7,50.7,51.1,50.4
2025-12-28T18:00:00Z,47,47,,85,85,,23.5,23.5,23.4,24.7,24.4,25
2025-12-29T00:00:00Z,59,59,,77,77,,42.5,43.3,41.7,51.4,51.9,51
2025-12-29T06:00:00Z,62,62,,75,75,,52,53.5,50.5,63.1,64.3,62
2025-12-29T12:00:00Z,53,53,,80,80,,40.1,40.9,39.4,48.2,48.5,47.9
2025-12-29T18:00:00Z,48,48,,84,84,,31,31.6,30.4,35.1,35.3,34.9
2025-12-30T00:00:00Z,57,57,,78,78,,25.2,25.5,25,27.4,27.4,27.3
2025-12-30T06:00:00Z,60,60,,76,76,,34.1,34.9,33.3,40.1,40.5,39.7
2025-12-30T12:00:00Z,53,53,,80,80,,23.7,24,23.4,26,26,26.1
2025-12-30T18:00:00Z,48,48,,83,83,,24.3,24.6,23.9,26.5,26.6,26.5
2025-12-31T00:00:00Z,58,58,,77,77,,45.4,46.6,44.3,53.9,54.8,53.1
2025-12-31T06:00:00Z,63,63,,74,74,,48.6,50,47.2,59.4,60.6,58.1
2025-12-31T12:00:00Z,52,52,,82,82,,30.8,31.2,30.4,35.1,35.3,35
2025-12-31T18:00:00Z,49,49,,83,83,,23,23.2,22.8,24.2,24.1,24.3
2026-01-01T00:00:00Z,56,56,,78,78,,72.6,74,71.2,81.4,82,80.7
2026-01-01T06:00:00Z,61,61,,76,76,,98.1,101,95.3,104,105.4,102.6
2026-01-01T12:00:00Z,51,51,,83,83,,51,52,49.9,56.9,57.2,56.6
2026-01-01T18:00:00Z,43,43,,88,88,,13.6,13.6,13.5,14.4,14.3,14.4
2026-01-02T00:00:00Z,54,54,,81,81,,26,26.4,25.6,28.7,28.9,28.4
2026-01-02T06:00:00Z,59,59,,78,78,,12.5,12.6,12.4,13.1,13,13.1
2026-01-02T12:00:00Z,51,51,,84,84,,26.8,27.1,26.6,28.8,28.7,28.8
2026-01-02T18:00:00Z,44,44,,87,87,,18.5,18.6,18.5,19.7,19.6,19.9
2026-01-03T00:00:00Z,55,55,,80,80,,20.8,21,20.6,21.9,21.9,22
2026-01-03T06:00:00Z,61,61,,77,77,,22,22.3,21.8,23.9,24,23.8
2026-01-03T12:00:00Z,54,54,,82,82,,35.1,35.4,34.7,40.7,40.7,40.7
2026-01-03T18:00:00Z,46,46,,86,86,,16.7,16.8,16.7,17.8,17.7,17.9
2026-01-04T00:00:00Z,55,55,,81,81,,18.3,18.5,18.1,19.4,19.4,19.4
2026-01-04T06:00:00Z,59,59,,78,78,,15.9,15.9,15.8,16.7,16.5,16.8
2026-01-04T12:00:00Z,51,51,,84,84,,25.4,25.5,25.4,27.2,26.9,27.4
2026-01-04T18:00:00Z,40,40,,90,90,,14.6,14.5,14.6,15.3,15.1,15.5
2026-01-05T00:00:00Z,53,53,,82,82,,22.8,23.1,22.5,25,25.1,24.9
2026-01-05T06:00:00Z,61,61,,78,78,,14,14.1,13.9,14.7,14.7,14.8
2026-01-05T12:00:00Z,55,55,,82,82,,35.8,36.2,35.3,41.4,41.7,41.2
2026-01-05T18:00:00Z,51,51,,84,84,,34.1,34.5,33.8,38.9,38.9,38.8
2026-01-06T00:00:00Z,58,58,,79,79,,31.7,32.1,31.3,35.4,35.5,35.3
2026-01-06T06:00:00Z,61,61,,77,77,,44.3,45.2,43.5,50.8,51.3,50.3
2026-01-06T12:00:00Z,51,51,,84,84,,34.7,35.5,33.9,40,40.6,39.4
2026-01-06T18:00:00Z,42,42,,89,89,,12.6,12.7,12.5,13.1,13.1,13.1
2026-01-07T00:00:00Z,50,50,,82,82,,15.7,16.1,15.4,16.4,16.6,16.3
2026-01-07T06:00:00Z,56,56,,79,79,,13.8,14.3,13.3,14.5,14.9,14.2
2026-01-07T12:00:00Z,49,49,,86,86,,17.7,18.2,17.3,18.5,18.7,18.3
2026-01-07T18:00:00Z,43,43,,88,88,,13.4,13.6,13.1,13.9,14,13.8
2026-01-08T00:00:00Z,52,52,,81,81,,16.3,16.9,15.8,17,17.4,16.6
2026-01-08T06:00:00Z,59,59,,78,78,,19.9,20.5,19.3,21.3,21.7,20.8
2026-01-08T12:00:00Z,50,50,,85,85,,30.4,31.2,29.7,33.2,33.8,32.6
2026-01-08T18:00:00Z,41,41,,90,90,,18.5,18.9,18,20.6,20.9,20.2
2026-01-09T00:00:00Z,54,54,,82,82,,25.9,26.7,25.2,28.7,29.4,28.1
2026-01-09T06:00:00Z,62,62,,79,79,,20.5,21.2,19.9,22.1,22.6,21.6
2026-01-09T12:00:00Z,52,52,,85,85,,26.7,27.4,26,29.5,30,29
2026-01-09T18:00:00Z,53,53,,84,84,,17.9,18.4,17.4,19.5,19.8,19.2
2026-01-10T00:00:00Z,59,59,,80,80,,51.5,53.4,49.6,59.3,60.8,57.9
2026-01-10T06:00:00Z,61,61,,79,79,,40.1,41.4,38.9,47.2,48.3,46
2026-01-10T12:00:00Z,51,51,,86,86,,38.2,39.2,37.2,45.2,46.1,44.3
2026-01-10T18:00:00Z,47,47,,87,87,,17.7,18.1,17.2,18.5,18.8,18.3
2026-01-11T00:00:00Z,56,56,,82,82,,29.3,30.2,28.5,33.1,33.8,32.4
2026-01-11T06:00:00Z,59,59,,80,80,,19.3,19.9,18.6,20.7,21.3,20.2
2026-01-11T12:00:00Z,50,50,,87,87,,30.3,31.2,29.5,33.9,34.5,33.3
2026-01-11T18:00:00Z,42,42,,91,91,,9.7,10,9.5,10.2,10.3,10
2026-01-12T00:00:00Z,54,54,,83,83,,16.7,17.2,16.2,17.8,18.1,17.6
2026-01-12T06:00:00Z,59,59,,81,81,,11.3,11.6,11,11.9,12.1,11.8
2026-01-12T12:00:00Z,50,50,,88,88,,28.2,29.1,27.4,31.3,32,30.5
2026-01-12T18:00:00Z,52,52,,86,86,,29.4,30.3,28.4,32.2,32.9,31.6
2026-01-13T00:00:00Z,58,58,,81,81,,36.6,37.7,35.5,42.8,43.8,41.7
2026-01-13T06:00:00Z,59,59,,80,80,,15.2,15.9,14.6,16.1,16.7,15.6
2026-01-13T12:00:00Z,51,51,,86,86,,18.6,19.3,18,19.5,20,19.1
2026-01-13T18:00:00Z,44,44,,90,90,,11.1,11.4,10.7,11.8,12,11.6
2026-01-14T00:00:00Z,54,54,,83,83,,21.6,22.3,20.8,23.7,24.3,23
2026-01-14T06:00:00Z,58,58,,81,81,,14,14.5,13.6,14.7,15,14.3
2026-01-14T12:00:00Z,45,45,,89,89,,19.9,20.5,19.2,21.5,22,21
2026-01-14T18:00:00Z,39,39,,92,92,,8.7,9,8.5,9.2,9.3,9
2026-01-15T00:00:00Z,50,50,,84,84,,16,16.5,15.5,16.7,17.1,16.4
2026-01-15T06:00:00Z,58,58,,81,81,,24,24.6,23.4,26.5,27,26
2026-01-15T12:00:00Z,56,56,,84,84,,30.7,31.2,30.2,34.2,34.5,33.9
2026-01-15T18:00:00Z,48,48,,88,88,,22.9,23.4,22.5,24.6,25,24.3
2026-01-16T00:00:00Z,56,56,,82,82,,39.4,40.3,38.5,46.5,47.3,45.7
2026-01-16T06:00:00Z,60,60,,81,81,,25.6,26.2,25.1,28.4,28.8,28
2026-01-16T12:00:00Z,49,49,,87,87,,18.3,18.6,18,19.2,19.3,19.1
2026-01-16T18:00:00Z,43,43,,91,91,,14.3,14.5,14.1,14.9,15,14.9
2026-01-17T00:00:00Z,53,53,,83,83,,16.2,16.5,15.8,16.8,17,16.7
2026-01-17T06:00:00Z,59,59,,80,80,,22,22.5,21.5,23.3,23.6,23.1
2026-01-17T12:00:00Z,53,53,,85,85,,34.9,35.5,34.2,40.2,40.6,39.8
2026-01-17T18:00:00Z,45,45,,90,90,,16.2,16.5,15.9,17,17.1,17
2026-01-18T00:00:00Z,55,55,,82,82,,18.6,19,18.2,19.4,19.6,19.2
2026-01-18T06:00:00Z,62,62,,79,79,,28.2,28.9,27.6,32,32.4,31.6
2026-01-18T12:00:00Z,54,54,,83,83,,38.7,39.6,37.8,46,46.8,45.1
2026-01-18T18:00:00Z,46,46,,88,88,,19.5,19.9,19.2,21,21.2,20.8
2026-01-19T00:00:00Z,56,56,,82,82,,30,30.8,29.2,32.4,32.9,31.8
2026-01-19T06:00:00Z,57,57,,81,81,,9.9,10,9.8,10.3,10.3,10.3
2026-01-19T12:00:00Z,44,44,,90,90,,12.1,12.3,11.9,12.7,12.8,12.6
2026-01-19T18:00:00Z,39,39,,93,93,,7.9,8,7.8,8.4,8.4,8.4
2026-01-20T00:00:00Z,50,50,,85,85,,14,14.2,13.9,14.7,14.8,14.7
2026-01-20T06:00:00Z,53,53,,82,82,,11.2,11.5,11,11.9,12,11.7
2026-01-20T12:00:00Z,45,45,,90,90,,15.9,16.2,15.6,16.9,17.1,16.8
2026-01-20T18:00:00Z,38,38,,94,94,,9.1,9.2,9,9.6,9.6,9.6
2026-01-21T00:00:00Z,53,53,,85,85,,15.8,16,15.5,16.6,16.7,16.5
2026-01-21T06:00:00Z,58,58,,82,82,,22.2,22.7,21.6,23.8,24.2,23.4
2026-01-21T12:00:00Z,45,45,,90,90,,17.6,17.9,17.2,18.5,18.7,18.4
2026-01-21T18:00:00Z,40,40,,94,94,,15.5,15.8,15.2,16.8,17.1,16.6
2026-01-22T00:00:00Z,55,55,,85,85,,15.3,15.6,15,16.3,16.5,16.2
2026-01-22T06:00:00Z,57,57,,83,83,,13.4,13.7,13.2,14.1,14.2,14
2026-01-22T12:00:00Z,53,53,,86,86,,31.5,32.2,30.8,35.4,36,34.7
2026-01-22T18:00:00Z,40,40,,93,93,,14.6,14.9,14.3,15.7,15.9,15.4
2026-01-23T00:00:00Z,49,49,,86,86,,20.2,20.9,19.6,21.6,22.1,21.2
2026-01-23T06:00:00Z,56,56,,84,84,,19.4,19.9,18.9,20.8,21.1,20.4
2026-01-23T12:00:00Z,45,45,,91,91,,21.1,21.6,20.6,23.2,23.7,22.8
2026-01-23T18:00:00Z,36,36,,95,95,,7.8,8,7.7,8.2,8.3,8.1
2026-01-24T00:00:00Z,45,45,,87,87,,12.5,12.7,12.2,13.1,13.2,12.9
2026-01-24T06:00:00Z,52,52,,84,84,,25.7,26.4,25,29.4,30.1,28.7
2026-01-24T12:00:00Z,46,46,,89,89,,22.7,23.3,22.2,25.5,25.9,25.1
2026-01-24T18:00:00Z,38,38,,93,93,,9.8,10,9.6,10.4,10.5,10.3
2026-01-25T00:00:00Z,47,47,,87,87,,13.2,13.6,12.8,13.8,14.1,13.5
2026-01-25T06:00:00Z,53,53,,84,84,,18.1,18.6,17.6,19.4,19.8,19
2026-01-25T12:00:00Z,43,43,,91,91,,20,20.6,19.5,21.5,21.9,21
2026-01-25T18:00:00Z,36,36,,96,96,,8.1,8.3,7.9,8.5,8.6,8.4
2026-01-26T00:00:00Z,51,51,,86,86,,16.7,17.1,16.3,17.5,17.7,17.2
2026-01-26T06:00:00Z,59,59,,83,83,,20.7,21.2,20.2,21.8,22.2,21.5
2026-01-26T12:00:00Z,49,49,,89,89,,27.2,27.9,26.6,30,30.5,29.5
2026-01-26T18:00:00Z,41,41,,94,94,,19.9,20.3,19.5,21.8,22,21.5
2026-01-27T00:00:00Z,53,53,,85,85,,34,34.8,33.1,39.3,40,38.5
2026-01-27T06:00:00Z,55,55,,84,84,,16.9,17.3,16.5,18,18.3,17.8
2026-01-27T12:00:00Z,44,44,,92,92,,26,26.5,25.4,28.6,29,28.2
2026-01-27T18:00:00Z,40,40,,94,94,,10.6,10.7,10.4,11.2,11.3,11.2
2026-01-28T00:00:00Z,53,53,,85,85,,10.6,10.7,10.5,11.3,11.4,11.2
2026-01-28T06:00:00Z,58,58,,81,81,,11.4,11.5,11.2,12.3,12.3,12.4
2026-01-28T12:00:00Z,50,50,,87,87,,26.4,26.8,25.9,28.6,28.8,28.5
2026-01-28T18:00:00Z,43,43,,90,90,,16,16.3,15.7,17.5,17.6,17.4
2026-01-29T00:00:00Z,55,55,,82,82,,13.4,13.6,13.1,14.2,14.3,14.1
2026-01-29T06:00:00Z,60,60,,80,80,,6,6,5.9,6.3,6.3,6.3
2026-01-29T12:00:00Z,52,52,,86,86,,19.3,19.7,19,20.5,20.6,20.3
2026-01-29T18:00:00Z,43,43,,91,91,,13.5,13.7,13.3,14.4,14.5,14.3
2026-01-30T00:00:00Z,56,56,,83,83,,18.6,19,18.2,19.5,19.8,19.3
2026-01-30T06:00:00Z,60,60,,80,80,,21.8,22.4,21.2,23.9,24.3,23.5
2026-01-30T12:00:00Z,48,48,,88,88,,24.2,24.6,23.7,25.7,25.9,25.5
2026-01-30T18:00:00Z,40,40,,92,92,,10.3,10.4,10.2,10.9,10.9,10.9
2026-01-31T00:00:00Z,51,51,,84,84,,13.2,13.4,12.9,13.9,14,13.8
2026-01-31T06:00:00Z,55,55,,81,81,,12,12.3,11.7,12.7,12.9,12.5
2026-01-31T12:00:00Z,51,51,,85,85,,22.7,23.7,21.8,24.6,25.6,23.7
2026-01-31T18:00:00Z,45,45,,90,90,,12,12.4,11.6,12.6,12.9,12.3
2026-02-01T00:00:00Z,52,52,,84,84,,11.5,12,10.9,12,12.4,11.6
2026-02-01T06:00:00Z,56,56,,82,82,,8.2,8.5,7.9,8.6,8.8,8.4
2026-02-01T12:00:00Z,46,46,,90,90,,15.3,15.9,14.7,16.1,16.6,15.6
2026-02-01T18:00:00Z,44,44,,90,90,,10.3,10.6,9.9,10.7,11,10.5
2026-02-02T00:00:00Z,51,51,,85,85,,20.5,21.4,19.6,22.5,23.4,21.6
2026-02-02T06:00:00Z,55,55,,82,82,,29.2,30.6,27.7,32.8,34.2,31.4
2026-02-02T12:00:00Z,50,50,,87,87,,26,26.8,25.1,29.2,30.1,28.3
2026-02-02T18:00:00Z,41,41,,91,91,,10.4,10.7,10.1,11,11.2,10.7
2026-02-03T00:00:00Z,48,48,,86,86,,22.8,23.7,21.9,24.6,25.5,23.8
2026-02-03T06:00:00Z,53,53,,83,83,,16.5,17.2,15.8,17.5,18.1,17
2026-02-03T12:00:00Z,44,44,,90,90,,16.8,17.4,16.1,17.8,18.3,17.2
2026-02-03T18:00:00Z,36,36,,93,93,,8.3,8.6,8,8.8,9,8.6
2026-02-04T00:00:00Z,44,44,,86,86,,12.2,12.8,11.7,12.8,13.3,12.3
2026-02-04T06:00:00Z,52,52,,83,83,,20.8,21.9,19.7,22.4,23.3,21.5
2026-02-04T12:00:00Z,41,41,,91,91,,9.8,10.1,9.5,10.4,10.6,10.2
2026-02-04T18:00:00Z,36,36,,95,95,,5.8,5.9,5.7,6.2,6.3,6.1
2026-02-05T00:00:00Z,48,48,,87,87,,13.4,14,12.8,14.1,14.5,13.6
2026-02-05T06:00:00Z,55,55,,83,83,,12.6,13.2,12,13.3,13.7,12.8
2026-02-05T12:00:00Z,49,49,,88,88,,31.7,32.7,30.7,36.2,37.1,35.3
2026-02-05T18:00:00Z,44,44,,90,90,,12,12.4,11.5,12.6,13,12.2
2026-02-06T00:00:00Z,55,55,,83,83,,42.7,44.4,41.1,49.7,51.1,48.3
2026-02-06T06:00:00Z,61,61,,79,79,,43.8,46.2,41.3,51.6,53.9,49.3
2026-02-06T12:00:00Z,52,52,,86,86,,22.3,23.5,21.1,24,25.2,22.9
2026-02-06T18:00:00Z,50,50,,87,87,,22.2,23.3,21.2,24.5,25.5,23.6
2026-02-07T00:00:00Z,58,58,,82,82,,37.5,39.4,35.6,42.8,44.9,40.7
2026-02-07T06:00:00Z,62,62,,79,79,,40.3,42.6,38,45.3,47.9,42.8
2026-02-07T12:00:00Z,52,52,,86,86,,29.2,30.6,27.7,33.3,34.9,31.7
2026-02-07T18:00:00Z,40,40,,93,93,,9.9,10.4,9.4,10.7,11.1,10.2
2026-02-08T00:00:00Z,52,52,,86,86,,26.3,27.7,24.9,29.9,31.2,28.6
2026-02-08T06:00:00Z,58,58,,82,82,,34.5,36.4,32.5,39.9,41.6,38.1
2026-02-08T12:00:00Z,50,50,,88,88,,25.8,27.2,24.4,29.1,30.5,27.8
2026-02-08T18:00:00Z,39,39,,94,94,,7.9,8.3,7.5,8.3,8.7,8
2026-02-09T00:00:00Z,51,51,,86,86,,20.3,21.6,19,22.2,23.4,21.1
2026-02-09T06:00:00Z,60,60,,81,81,,13.2,14.1,12.4,14.4,15.2,13.5
2026-02-09T12:00:00Z,51,51,,88,88,,30,31.4,28.5,33.6,35.1,32.1
2026-02-09T18:00:00Z,43,43,,93,93,,16.7,17.6,15.8,17.7,18.4,16.9
2026-02-10T00:00:00Z,55,55,,84,84,,16.4,17.4,15.4,17.4,18.3,16.5
2026-02-10T06:00:00Z,62,62,,80,80,,31.6,33.4,29.9,36.8,38.7,34.9
2026-02-10T12:00:00Z,55,55,,84,84,,31.7,33.4,30,36.9,38.8,35.1
2026-02-10T18:00:00Z,44,44,,92,92,,9,9.5,8.6,9.6,10,9.3
2026-02-11T00:00:00Z,54,54,,85,85,,11.6,12.4,10.9,12.2,12.8,11.6
2026-02-11T06:00:00Z,59,59,,83,83,,10.5,11.1,9.9,11.1,11.7,10.6
2026-02-11T12:00:00Z,51,51,,88,88,,22.3,23.5,21,23.8,25,22.6
2026-02-11T18:00:00Z,39,39,,95,95,,13.1,13.8,12.4,14,14.6,13.3
2026-02-12T00:00:00Z,50,50,,86,86,,14.8,15.8,13.8,15.8,16.7,14.9
2026-02-12T06:00:00Z,56,56,,83,83,,14.6,15.6,13.6,15.9,16.8,14.9
2026-02-12T12:00:00Z,50,50,,88,88,,29.2,30.7,27.8,32.8,34.7,30.9
2026-02-12T18:00:00Z,40,40,,93,93,,12.2,12.9,11.5,13.3,13.9,12.6
2026-02-13T00:00:00Z,47,47,,87,87,,27.2,28.8,25.6,30.3,32,28.6
2026-02-13T06:00:00Z,58,58,,82,82,,19.7,20.9,18.5,21.8,23.1,20.6
2026-02-13T12:00:00Z,47,47,,90,90,,26.1,27.4,24.8,29.3,30.8,27.8
2026-02-13T18:00:00Z,39,39,,94,94,,8,8.5,7.6,8.5,8.9,8.2
2026-02-14T00:00:00Z,51,51,,86,86,,19.5,20.8,18.3,21.2,22.4,19.9
2026-02-14T06:00:00Z,58,58,,83,83,,34.7,36.6,32.8,40.6,43,38.1
2026-02-14T12:00:00Z,50,50,,89,89,,28,29.6,26.3,30.7,32.5,29
2026-02-14T18:00:00Z,43,43,,92,92,,19.8,21.1,18.6,21.4,22.7,20.2
2026-02-15T00:00:00Z,54,54,,84,84,,25.2,26.8,23.6,28,29.8,26.2
2026-02-15T06:00:00Z,58,58,,82,82,,12.4,13.4,11.5,13.1,14,12.3
2026-02-15T12:00:00Z,53,53,,86,86,,27.2,28.7,25.6,30.6,32.3,29
2026-02-15T18:00:00Z,44,44,,92,92,,10.4,11,9.8,11,11.5,10.5
2026-02-16T00:00:00Z,54,54,,84,84,,14.4,15.4,13.4,15.3,16.1,14.4
2026-02-16T06:00:00Z,62,62,,80,80,,11.4,12.2,10.6,12,12.7,11.3
2026-02-16T12:00:00Z,50,50,,89,89,,14.6,15.5,13.7,15.3,16.1,14.5
2026-02-16T18:00:00Z,40,40,,93,93,,7.7,8.1,7.2,8.1,8.5,7.8
2026-02-17T00:00:00Z,46,46,,88,88,,13.3,14.2,12.4,14,14.9,13.2
2026-02-17T06:00:00Z,56,56,,83,83,,14.9,16,13.8,15.8,16.9,14.8
2026-02-17T12:00:00Z,49,49,,89,89,,14.5,15.4,13.7,15.3,15.9,14.6
2026-02-17T18:00:00Z,45,45,,92,92,,11,11.6,10.3,11.6,12.1,11
2026-02-18T00:00:00Z,54,54,,86,86,,21.6,22.9,20.2,23.6,25,22.1
2026-02-18T06:00:00Z,62,62,,83,83,,16.8,17.9,15.6,17.4,18.5,16.3
2026-02-18T12:00:00Z,48,48,,90,90,,18.4,19.6,17.3,19.5,20.6,18.3
2026-02-18T18:00:00Z,43,43,,93,93,,17,17.9,16.1,19.5,20.4,18.6
2026-02-19T00:00:00Z,56,56,,84,84,,27.7,29.3,26.1,31.1,32.8,29.3
2026-02-19T06:00:00Z,60,60,,82,82,,26.4,28.1,24.8,29.7,31.4,27.9
2026-02-19T12:00:00Z,49,49,,89,89,,25.9,27.3,24.4,30,31.4,28.6
2026-02-19T18:00:00Z,42,42,,94,94,,7.3,7.8,6.8,7.7,8.1,7.3
2026-02-20T00:00:00Z,50,50,,88,88,,12,12.8,11.2,12.6,13.3,11.9
2026-02-20T06:00:00Z,54,54,,85,85,,12.2,13.1,11.3,13.2,14.1,12.3
2026-02-20T12:00:00Z,46,46,,92,92,,18.3,19.5,17.1,19.8,21.1,18.6
2026-02-20T18:00:00Z,38,38,,95,95,,5.6,5.9,5.3,6,6.3,5.7
2026-02-21T00:00:00Z,46,46,,89,89,,11.6,12.4,10.8,12.3,13,11.5
2026-02-21T06:00:00Z,60,60,,84,84,,18.5,20,17.1,20.7,22.2,19.1
2026-02-21T12:00:00Z,48,48,,91,91,,26.3,27.9,24.7,30.9,32.7,29
2026-02-21T18:00:00Z,41,41,,95,95,,7.1,7.6,6.6,7.5,7.9,7
2026-02-22T00:00:00Z,54,54,,86,86,,20,21.5,18.5,21.4,22.9,19.9
2026-02-22T06:00:00Z,60,60,,83,83,,26.5,28.4,24.5,28.8,30.9,26.7
2026-02-22T12:00:00Z,48,48,,92,92,,21.8,23.2,20.5,24.5,26,23
2026-02-22T18:00:00Z,39,39,,96,96,,7,7.5,6.5,7.4,7.9,6.9
2026-02-23T00:00:00Z,55,55,,86,86,,14.5,15.6,13.4,15.3,16.4,14.3
2026-02-23T06:00:00Z,59,59,,84,84,,14.9,16.1,13.7,16,17.1,14.9
2026-02-23T12:00:00Z,43,43,,94,94,,15.7,16.8,14.6,16.9,18,15.7
2026-02-23T18:00:00Z,40,40,,95,95,,6,6.4,5.6,6.4,6.8,6.1
2026-02-24T00:00:00Z,51,51,,88,88,,24.3,26.1,22.4,26.5,28.4,24.6
2026-02-24T06:00:00Z,56,56,,86,86,,13.5,14.5,12.6,14.4,15.3,13.4
2026-02-24T12:00:00Z,43,43,,94,94,,23,24.4,21.7,26.7,28.5,25
2026-02-24T18:00:00Z,34,34,,98,98,,5.8,6.2,5.4,6.3,6.6,5.9
2026-02-25T00:00:00Z,43,43,,91,91,,17.9,19.4,16.5,19.7,21.2,18.3
2026-02-25T06:00:00Z,51,51,,87,87,,18,19.7,16.4,19.8,21.5,18.2
2026-02-25T12:00:00Z,44,44,,93,93,,13.1,14.2,12.1,14.1,15.2,13.1
2026-02-25T18:00:00Z,40,40,,96,96,,7.9,8.4,7.4,8.4,8.8,7.9
2026-02-26T00:00:00Z,55,55,,88,88,,23.4,25.5,21.3,24.6,26.5,22.8
2026-02-26T06:00:00Z,60,60,,85,85,,24.3,26.4,22.2,26.3,28.4,24.1
2026-02-26T12:00:00Z,50,50,,92,92,,28.8,30.5,27.1,32.6,34.6,30.7
2026-02-26T18:00:00Z,40,40,,95,95,,8.6,9.2,8,9.1,9.6,8.5
2026-02-27T00:00:00Z,56,56,,86,86,,18.6,20,17.1,20.1,21.6,18.6
2026-02-27T06:00:00Z,59,59,,84,84,,12.9,14,11.8,13.5,14.5,12.6
2026-02-27T12:00:00Z,51,51,,89,89,,27,28.9,25.2,30.2,32.2,28.2
2026-02-27T18:00:00Z,44,44,,93,93,,15.3,16.5,14.1,16.5,17.7,15.4
2026-02-28T00:00:00Z,56,56,,85,85,,10.1,10.9,9.3,10.6,11.4,9.9
2026-02-28T06:00:00Z,61,61,,82,82,,13.1,14.3,12,13.7,14.7,12.8
2026-02-28T12:00:00Z,53,53,,87,87,,32.7,35.2,30.3,37.7,40.1,35.2
2026-02-28T18:00:00Z,44,44,,92,92,,10.4,11.2,9.6,10.9,11.6,10.2
2026-03-01T00:00:00Z,56,56,,85,85,,15.7,17,14.5,16.3,17.5,15.2
2026-03-01T06:00:00Z,60,60,,82,82,,19.8,21.4,18.2,21.3,22.7,19.8
2026-03-01T12:00:00Z,52,52,,87,87,,29.7,32,27.5,33.2,35.7,30.6
2026-03-01T18:00:00Z,46,46,,90,90,,13.1,14.3,12,13.8,14.9,12.8
2026-03-02T00:00:00Z,51,51,,85,85,,11.1,12,10.2,11.9,12.7,11
2026-03-02T06:00:00Z,58,58,,82,82,,10.3,11.2,9.4,11,11.8,10.1
2026-03-02T12:00:00Z,48,48,,90,90,,24.4,26.2,22.5,26.6,28.6,24.7
2026-03-02T18:00:00Z,41,41,,93,93,,16.8,18.3,15.4,17.9,19.3,16.6
2026-03-03T00:00:00Z,49,49,,85,85,,14.9,16.2,13.7,15.9,17.1,14.8
2026-03-03T06:00:00Z,56,56,,81,81,,9.5,10.4,8.6,10.1,10.9,9.3
2026-03-03T12:00:00Z,50,50,,87,87,,28.6,30.7,26.5,31.9,34.4,29.5
2026-03-03T18:00:00Z,40,40,,91,91,,20.5,22.1,18.8,22.4,23.9,20.8
2026-03-04T00:00:00Z,46,46,,86,86,,15.2,16.6,13.9,16.2,17.5,14.9
2026-03-04T06:00:00Z,55,55,,83,83,,14.4,15.6,13.3,15.4,16.5,14.3
2026-03-04T12:00:00Z,47,47,,89,89,,26,27.8,24.1,29,31.1,26.8
2026-03-04T18:00:00Z,40,40,,92,92,,9.8,10.6,9,10.6,11.3,9.8
2026-03-05T00:00:00Z,49,49,,85,85,,12.5,13.6,11.5,13.2,14.2,12.3
2026-03-05T06:00:00Z,55,55,,82,82,,26.9,29,24.8,29.8,32.2,27.3
2026-03-05T12:00:00Z,44,44,,90,90,,36.8,39,34.5,43.6,46.4,40.8
2026-03-05T18:00:00Z,42,42,,91,91,,10.1,11,9.2,10.7,11.6,9.9
2026-03-06T00:00:00Z,53,53,,84,84,,19,20.6,17.4,20.5,22.1,19
2026-03-06T06:00:00Z,59,59,,81,81,,29.2,31.5,27,32.7,35.2,30.2
2026-03-06T12:00:00Z,48,48,,89,89,,27.4,29.3,25.5,30.1,32.2,27.9
2026-03-06T18:00:00Z,35,35,,95,95,,8.2,8.9,7.5,8.6,9.3,8
2026-03-07T00:00:00Z,49,49,,86,86,,24.5,26.5,22.5,26.9,29.1,24.7
2026-03-07T06:00:00Z,58,58,,81,81,,18.2,19.7,16.6,19.2,20.7,17.8
2026-03-07T12:00:00Z,51,51,,87,87,,36.2,38.4,33.9,43,45.4,40.5
2026-03-07T18:00:00Z,41,41,,93,93,,7.5,8.1,6.9,8,8.5,7.4
2026-03-08T00:00:00Z,53,53,,85,85,,11.9,12.8,10.9,12.4,13.3,11.6
2026-03-08T06:00:00Z,57,57,,83,83,,6.9,7.5,6.2,7.2,7.8,6.7
2026-03-08T12:00:00Z,47,47,,90,90,,8.3,8.9,7.7,8.8,9.3,8.3
2026-03-08T18:00:00Z,41,41,,93,93,,6.6,7,6.1,7,7.4,6.5
2026-03-09T00:00:00Z,52,52,,86,86,,12.2,13.1,11.4,12.9,13.7,12.1
2026-03-09T06:00:00Z,59,59,,82,82,,20.5,22.1,18.8,22.4,24.1,20.6
2026-03-09T12:00:00Z,51,51,,87,87,,33,35.2,30.8,37.1,39.7,34.6
2026-03-09T18:00:00Z,47,47,,90,90,,29.4,31.4,27.4,33.3,35.4,31.1
2026-03-10T00:00:00Z,56,56,,84,84,,46.4,49.9,42.9,52.9,56.3,49.6
2026-03-10T06:00:00Z,62,62,,80,80,,38.3,40.9,35.7,44.7,47.6,41.7
2026-03-10T12:00:00Z,53,53,,87,87,,35.4,37.2,33.7,41.4,43.3,39.5
2026-03-10T18:00:00Z,45,45,,91,91,,26.1,27.5,24.7,28.8,30.2,27.3
2026-03-11T00:00:00Z,52,52,,85,85,,18.7,19.9,17.5,20,21.1,19
2026-03-11T06:00:00Z,59,59,,81,81,,21,22.3,19.8,23.1,24.4,21.8
2026-03-11T12:00:00Z,53,53,,87,87,,25.9,27.4,24.4,28.4,30,26.8
2026-03-11T18:00:00Z,48,48,,89,89,,17.5,18.6,16.4,18.6,19.5,17.7
2026-03-12T00:00:00Z,55,55,,84,84,,41.8,44.4,39.2,47.5,50,45
2026-03-12T06:00:00Z,60,60,,80,80,,30.4,32.2,28.5,34.4,36.4,32.4
2026-03-12T12:00:00Z,52,52,,87,87,,31.4,32.9,29.9,36.2,37.9,34.5
2026-03-12T18:00:00Z,42,42,,93,93,,13.3,14.1,12.5,14.1,14.8,13.3
2026-03-13T00:00:00Z,52,52,,86,86,,35.7,37.8,33.5,40,42.1,38
2026-03-13T06:00:00Z,57,57,,82,82,,32.9,34.6,31.2,37.8,39.9,35.6
2026-03-13T12:00:00Z,49,49,,89,89,,32.9,34.5,31.3,37.6,39.6,35.6
2026-03-13T18:00:00Z,41,41,,93,93,,15.5,16.5,14.5,16.6,17.5,15.7
2026-03-14T00:00:00Z,52,52,,85,85,,16.4,17.5,15.4,17.4,18.3,16.5
2026-03-14T06:00:00Z,58,58,,82,82,,31.4,33.1,29.6,36.8,38.5,35
2026-03-14T12:00:00Z,49,49,,88,88,,35.5,37.1,33.9,41.6,43.6,39.7
2026-03-14T18:00:00Z,45,45,,91,91,,12.1,12.8,11.3,12.8,13.4,12.2
2026-03-15T00:00:00Z,54,54,,84,84,,16.9,18,15.8,18.1,19,17.1
2026-03-15T06:00:00Z,58,58,,81,81,,14.7,15.8,13.7,15.9,16.9,14.9
2026-03-15T12:00:00Z,49,49,,89,89,,23,24.4,21.6,25.1,26.6,23.7
2026-03-15T18:00:00Z,40,40,,94,94,,11.2,11.9,10.5,12,12.7,11.3
2026-03-16T00:00:00Z,53,53,,85,85,,39.3,41.6,37,45.9,48.2,43.5
2026-03-16T06:00:00Z,59,59,,81,81,,27.9,29.3,26.5,31.9,33.4,30.3
2026-03-16T12:00:00Z,49,49,,89,89,,35.7,36.7,34.7,41.6,42.6,40.5
2026-03-16T18:00:00Z,40,40,,94,94,,18.9,19.6,18.2,20.4,21,19.8
2026-03-17T00:00:00Z,53,53,,85,85,,31.8,33.1,30.5,36.5,37.9,35.1
2026-03-17T06:00:00Z,59,59,,82,82,,23.3,24.2,22.3,25.3,26.1,24.5
2026-03-17T12:00:00Z,53,53,,87,87,,22,22.8,21.2,23.5,24.2,22.9
2026-03-17T18:00:00Z,44,44,,91,91,,16.3,17,15.6,17.6,18.1,17.1
2026-03-18T00:00:00Z,52,52,,85,85,,24.7,25.6,23.8,27.5,28.4,26.6
2026-03-18T06:00:00Z,59,59,,82,82,,25.9,26.8,25,28.7,29.5,27.9
2026-03-18T12:00:00Z,51,51,,88,88,,43.1,44.2,42,51.7,52.9,50.5
2026-03-18T18:00:00Z,40,40,,94,94,,16.4,17,15.7,17.8,18.4,17.3
2026-03-19T00:00:00Z,52,52,,84,84,,18.7,19.5,17.9,20.1,20.8,19.4
2026-03-19T06:00:00Z,57,57,,82,82,,16,16.7,15.3,17.2,17.8,16.7
2026-03-19T12:00:00Z,51,51,,87,87,,24.7,25.7,23.7,26.5,27.4,25.7
2026-03-19T18:00:00Z,48,48,,88,88,,21.7,22.8,20.6,23.5,24.6,22.5
2026-03-20T00:00:00Z,55,55,,83,83,,30.4,31.7,29.2,34.4,35.7,33.1
2026-03-20T06:00:00Z,59,59,,80,80,,28.4,29.6,27.3,30.9,32,29.8
2026-03-20T12:00:00Z,50,50,,88,88,,38.2,39.6,36.7,43,44.3,41.7
2026-03-20T18:00:00Z,43,43,,91,91,,20.3,21.2,19.5,22.1,22.8,21.3
2026-03-21T00:00:00Z,53,53,,84,84,,26.6,27.8,25.4,29,30.1,28
2026-03-21T06:00:00Z,59,59,,81,81,,25.9,26.9,24.9,27.7,28.5,27
2026-03-21T12:00:00Z,52,52,,86,86,,31.2,32.3,30.2,34.8,35.8,33.8
2026-03-21T18:00:00Z,48,48,,88,88,,30.6,31.8,29.4,34.1,35.2,32.9
2026-03-22T00:00:00Z,59,59,,81,81,,41.4,42.9,39.9,49.2,50.6,47.8
2026-03-22T06:00:00Z,60,60,,80,80,,44.2,46.1,42.2,53,54.8,51.1
2026-03-22T12:00:00Z,50,50,,87,87,,33.4,34.7,32.1,38.4,39.7,37.2
2026-03-22T18:00:00Z,47,47,,89,89,,18.1,18.9,17.3,18.9,19.5,18.4
2026-03-23T00:00:00Z,56,56,,82,82,,26,27.2,24.8,28.1,29.2,26.9
2026-03-23T06:00:00Z,62,62,,79,79,,42.5,45,40,50.6,52.9,48.3
2026-03-23T12:00:00Z,52,52,,85,85,,44.2,46.2,42.1,53.8,55.7,51.9
2026-03-23T18:00:00Z,49,49,,87,87,,26.6,27.8,25.4,29.5,30.5,28.4
2026-03-24T00:00:00Z,60,60,,80,80,,39.5,41,38,46.9,48.6,45.3
2026-03-24T06:00:00Z,61,61,,79,79,,39.4,41.3,37.4,46.2,48.2,44.2
2026-03-24T12:00:00Z,53,53,,86,86,,29,30.2,27.7,32.4,33.7,31.2
2026-03-24T18:00:00Z,48,48,,88,88,,23.4,24.4,22.3,25.7,26.7,24.8
2026-03-25T00:00:00Z,58,58,,81,81,,30.7,32.2,29.2,34.2,35.6,32.8
2026-03-25T06:00:00Z,61,61,,79,79,,42.9,44.9,40.8,52,54.2,49.8
2026-03-25T12:00:00Z,52,52,,87,87,,40.2,42.2,38.3,48.4,50.4,46.4
2026-03-25T18:00:00Z,45,45,,90,90,,29.4,30.8,28,32.3,33.9,30.7
2026-03-26T00:00:00Z,54,54,,84,84,,40.8,42.7,38.8,48.2,50.2,46.3
2026-03-26T06:00:00Z,61,61,,80,80,,36.4,38.2,34.6,42.7,44.8,40.6
2026-03-26T12:00:00Z,51,51,,88,88,,35.7,37,34.3,41.8,43.4,40.2
2026-03-26T18:00:00Z,45,45,,90,90,,28,29.4,26.6,30.8,32,29.7
2026-03-27T00:00:00Z,52,52,,84,84,,42.2,43.9,40.5,50.1,51.9,48.4
2026-03-27T06:00:00Z,60,60,,82,82,,32.6,34,31.2,37.3,38.9,35.7
2026-03-27T12:00:00Z,49,49,,89,89,,31.4,32.6,30.2,35.5,36.8,34.3
2026-03-27T18:00:00Z,42,42,,91,91,,17.1,18.1,16.2,18.6,19.5,17.7
2026-03-28T00:00:00Z,53,53,,84,84,,32.4,34.1,30.6,37.2,39.2,35.2
2026-03-28T06:00:00Z,60,60,,81,81,,25.2,26.8,23.6,28.4,30.1,26.6
2026-03-28T12:00:00Z,51,51,,88,88,,37.8,39.6,36,44.7,46.9,42.5
2026-03-28T18:00:00Z,46,46,,89,89,,25.2,26.6,23.8,27.7,29.2,26.2
2026-03-29T00:00:00Z,56,56,,83,83,,27.6,29.3,25.9,31.4,33.4,29.3
2026-03-29T06:00:00Z,61,61,,80,80,,25.1,26.8,23.4,28.1,29.8,26.3
2026-03-29T12:00:00Z,55,55,,85,85,,31.1,32.8,29.4,35,36.7,33.2
2026-03-29T18:00:00Z,49,49,,88,88,,26.4,27.8,25.1,29.8,31.2,28.3
2026-03-30T00:00:00Z,59,59,,82,82,,44.4,47,41.8,51.5,54,49
2026-03-30T06:00:00Z,62,62,,80,80,,36.6,38.6,34.6,42.6,45.1,40
2026-03-30T12:00:00Z,54,54,,86,86,,33.6,35.5,31.8,38.6,40.9,36.4
2026-03-30T18:00:00Z,49,49,,87,87,,22,23.4,20.6,23.8,25.2,22.4
2026-03-31T00:00:00Z,58,58,,81,81,,36.7,38.7,34.6,42.9,45.3,40.4
2026-03-31T06:00:00Z,62,62,,80,80,,27.7,29.4,25.9,30,31.9,28
2026-03-31T12:00:00Z,57,57,,85,85,,32.8,34.5,31.1,37.4,39.3,35.4
2026-03-31T18:00:00Z,48,48,,89,89,,28.7,30.4,27.1,32,33.7,30.2
2026-04-01T00:00:00Z,56,56,,83,83,,26.7,28.6,24.9,28.8,30.7,26.9
2026-04-01T06:00:00Z,62,62,,81,81,,31.2,33.4,29,35.8,37.9,33.8
2026-04-01T12:00:00Z,54,54,,87,87,,39.8,42,37.7,47.8,50.5,45.2
2026-04-01T18:00:00Z,48,48,,89,89,,24.3,26.1,22.5,26.5,28.4,24.7
2026-04-02T00:00:00Z,54,54,,84,84,,26.5,28.3,24.8,29.6,31.6,27.5
2026-04-02T06:00:00Z,62,62,,80,80,,22.4,24.3,20.5,23.7,25.5,22
2026-04-02T12:00:00Z,52,52,,86,86,,33.7,35.9,31.6,39.1,41.5,36.7
2026-04-02T18:00:00Z,45,45,,90,90,,13.9,15,12.8,14.7,15.7,13.7
2026-04-03T00:00:00Z,57,57,,82,82,,18,19.6,16.4,18.9,20.3,17.4
2026-04-03T06:00:00Z,61,61,,80,80,,27.9,30.2,25.5,31.7,34.1,29.2
2026-04-03T12:00:00Z,55,55,,84,84,,39.6,42.6,36.7,47.8,51.2,44.4
2026-04-03T18:00:00Z,49,49,,87,87,,25.1,26.8,23.3,27.2,29,25.4
2026-04-04T00:00:00Z,57,57,,82,82,,39.9,42.3,37.6,46.5,48.9,44.2
2026-04-04T06:00:00Z,62,62,,79,79,,37.9,40,35.8,45.1,47.8,42.4
2026-04-04T12:00:00Z,53,53,,86,86,,43.3,45.8,40.8,52.9,55.7,50
2026-04-04T18:00:00Z,48,48,,89,89,,30.3,32.2,28.4,33.2,35.3,31.2
2026-04-05T00:00:00Z,59,59,,81,81,,44.4,46.9,41.9,53.1,55.7,50.4
2026-04-05T06:00:00Z,62,62,,79,79,,48.9,52.1,45.6,57.5,60.1,54.9
2026-04-05T12:00:00Z,50,50,,89,89,,43.3,45.4,41.3,52.2,54.6,49.7
2026-04-05T18:00:00Z,45,45,,90,90,,19,20.1,17.9,20.8,22,19.7
2026-04-06T00:00:00Z,58,58,,83,83,,16.1,17.3,14.8,17,18.1,15.9
2026-04-06T06:00:00Z,60,60,,81,81,,15.7,16.9,14.5,16.6,17.8,15.5
2026-04-06T12:00:00Z,50,50,,87,87,,18.3,19.6,17,19.7,21,18.4
2026-04-06T18:00:00Z,43,43,,89,89,,9.8,10.7,9,10.7,11.5,9.9
2026-04-07T00:00:00Z,51,51,,82,82,,11.1,12.1,10.1,11.9,12.9,11
2026-04-07T06:00:00Z,58,58,,81,81,,12.8,13.9,11.6,13.8,15,12.6
2026-04-07T12:00:00Z,50,50,,86,86,,23.8,25.8,21.7,26.2,28.5,23.8
2026-04-07T18:00:00Z,45,45,,89,89,,13.1,14.2,11.9,14.1,15.2,12.9
2026-04-08T00:00:00Z,55,55,,83,83,,16.4,17.9,14.8,17.4,19,15.9
2026-04-08T06:00:00Z,60,60,,80,80,,25.6,27.7,23.5,28.1,30.3,25.9
2026-04-08T12:00:00Z,52,52,,87,87,,33.9,36.1,31.6,38.8,41.7,36
2026-04-08T18:00:00Z,47,47,,89,89,,28.3,30.3,26.2,31.6,34.1,29.2
