time_stamp,humidity,humidity_a,humidity_b,temperature,temperature_a,temperature_b,pm2.5_atm,pm2.5_atm_a,pm2.5_atm_b,pm10.0_atm,pm10.0_atm_a,pm10.0_atm_b
2023-07-20T18:00:00Z,48,48,,82,82,,32.7,33.2,32.1,36.2,36.9,35.6
2023-07-21T00:00:00Z,62,62,,73,73,,45.4,46.3,44.6,54.5,55.5,53.4
2023-07-21T06:00:00Z,62,62,,73,73,,45.5,46.2,44.8,55.8,56.8,54.8
2023-07-21T12:00:00Z,53,53,,78,78,,47.7,48.6,46.9,58.4,59.4,57.4
2023-07-21T18:00:00Z,44,44,,84,84,,31.8,32.5,31.1,35.4,36.2,34.7
2023-07-22T00:00:00Z,64,64,,73,73,,38.3,38.9,37.7,45.5,46.3,44.8
2023-07-22T06:00:00Z,62,62,,73,73,,40.1,40.9,39.3,48.3,49.5,47.2
2023-07-22T12:00:00Z,54,54,,77,77,,32.9,33.7,32.2,37.3,38.3,36.3
2023-07-22T18:00:00Z,53,53,,78,78,,35.1,35.7,34.5,40.5,41.3,39.8
2023-07-23T00:00:00Z,64,64,,72,72,,35.4,36.2,34.6,40.5,41.6,39.5
2023-07-23T06:00:00Z,61,61,,73,73,,41.8,42.9,40.7,50.5,51.9,49
2023-07-23T12:00:00Z,52,52,,77,77,,33.2,34,32.5,37.9,38.8,37
2023-07-23T18:00:00Z,40,40,,85,85,,25,25.6,24.4,26.9,27.5,26.3
2023-07-24T00:00:00Z,60,60,,74,74,,30.1,30.6,29.5,32.7,33.3,32
2023-07-24T06:00:00Z,62,62,,73,73,,29.3,29.9,28.7,31.8,32.6,31.1
2023-07-24T12:00:00Z,48,48,,81,81,,41.5,42.3,40.7,50.1,51.2,49
2023-07-24T18:00:00Z,42,42,,85,85,,35.6,36.2,35,41,41.8,40.2
2023-07-25T00:00:00Z,62,62,,71,71,,39.6,40.5,38.6,45.7,46.8,44.6
2023-07-25T06:00:00Z,61,61,,72,72,,44.4,45.2,43.6,54.7,55.8,53.5
2023-07-25T12:00:00Z,58,58,,75,75,,34.1,34.9,33.3,39.4,40.5,38.3
2023-07-25T18:00:00Z,60,60,,74,74,,33.4,34.1,32.8,37.4,38.2,36.7
2023-07-26T00:00:00Z,67,67,,72,72,,37.1,38,36.2,43.4,44.5,42.3
2023-07-26T06:00:00Z,64,64,,71,71,,24.3,25.1,23.5,26.2,26.9,25.5
2023-07-26T12:00:00Z,58,58,,75,75,,35.8,36.6,34.9,41.9,43.1,40.7
2023-07-26T18:00:00Z,57,57,,75,75,,40.5,41.4,39.5,47.8,48.9,46.7
2023-07-27T00:00:00Z,65,65,,72,72,,43.3,44.6,42,52.1,53.7,50.6
2023-07-27T06:00:00Z,64,64,,72,72,,44,45,43,53.9,55.2,52.6
2023-07-27T12:00:00Z,47,47,,83,83,,56,58.1,53.8,63.9,65.4,62.3
2023-07-27T18:00:00Z,44,44,,83,83,,29.4,30.1,28.7,32.1,32.7,31.4
2023-07-28T00:00:00Z,64,64,,71,71,,39.7,41,38.4,46.4,47.9,44.8
2023-07-28T06:00:00Z,65,65,,71,71,,50,51.9,48.2,58.8,60.8,56.9
2023-07-28T12:00:00Z,52,52,,80,80,,65.3,67.7,63,73.2,75.2,71.1
2023-07-28T18:00:00Z,45,45,,83,83,,30.3,30.9,29.6,33.2,34,32.5
2023-07-29T00:00:00Z,64,64,,72,72,,33.6,34.3,32.8,38,38.9,37.1
2023-07-29T06:00:00Z,63,63,,72,72,,44.4,45.5,43.4,53.9,55.3,52.6
2023-07-29T12:00:00Z,52,52,,80,80,,52.4,53.9,50.9,62,63.7,60.4
2023-07-29T18:00:00Z,44,44,,84,84,,32.7,33.4,32,36.9,37.8,36
2023-07-30T00:00:00Z,62,62,,74,74,,38.8,39.8,37.8,46,47.2,44.7
2023-07-30T06:00:00Z,71,71,,70,70,,26,26.7,25.4,27.6,28.2,26.9
2023-07-30T12:00:00Z,61,61,,75,75,,34.3,35.2,33.5,39.7,40.7,38.7
2023-07-30T18:00:00Z,47,47,,83,83,,35,35.6,34.3,39.8,40.7,39
2023-07-31T00:00:00Z,63,63,,73,73,,44.5,45.6,43.4,53.7,55.1,52.4
2023-07-31T06:00:00Z,64,64,,72,72,,41.7,42.8,40.7,50.3,51.8,48.8
2023-07-31T12:00:00Z,54,54,,78,78,,38,38.9,37.2,44.4,45.7,43.2
2023-07-31T18:00:00Z,45,45,,83,83,,36.3,36.9,35.6,41.8,42.7,40.9
2023-08-01T00:00:00Z,66,66,,71,71,,40.7,41.7,39.7,48.1,49.5,46.8
2023-08-01T06:00:00Z,65,65,,72,72,,55.7,57.7,53.6,67.2,69.2,65.2
2023-08-01T12:00:00Z,55,55,,77,77,,44.9,46,43.7,54.2,55.6,52.9
2023-08-01T18:00:00Z,43,43,,84,84,,34.4,35.1,33.7,39.1,40,38.1
2023-08-02T00:00:00Z,63,63,,72,72,,41.3,42.3,40.2,48.6,49.9,47.4
2023-08-02T06:00:00Z,62,62,,72,72,,50.4,52.1,48.6,61.2,63.1,59.4
2023-08-02T12:00:00Z,50,50,,79,79,,41.4,42.3,40.6,49.7,51,48.5
2023-08-02T18:00:00Z,43,43,,82,82,,26.5,27.2,25.7,28.1,28.9,27.3
2023-08-03T00:00:00Z,58,58,,73,73,,32.3,33.2,31.5,35.9,37.1,34.8
2023-08-03T06:00:00Z,59,59,,73,73,,47.3,48.7,45.9,57.3,58.8,55.8
2023-08-03T12:00:00Z,46,46,,82,82,,59.2,61.1,57.2,70,71.6,68.4
2023-08-03T18:00:00Z,40,40,,85,85,,34.5,35.3,33.8,39.3,40.2,38.5
2023-08-04T00:00:00Z,62,62,,71,71,,50.7,52.2,49.2,58,59.6,56.3
2023-08-04T06:00:00Z,64,64,,70,70,,66.6,69.5,63.7,76.4,79.1,73.7
2023-08-04T12:00:00Z,51,51,,79,79,,68.1,70.6,65.5,77,79.2,74.9
2023-08-04T18:00:00Z,43,43,,84,84,,34.5,35.1,33.9,39.4,40.3,38.5
2023-08-05T00:00:00Z,59,59,,73,73,,34.8,35.7,34,39.8,41,38.6
2023-08-05T06:00:00Z,60,60,,73,73,,49.1,50.3,47.9,60.7,62.3,59.1
2023-08-05T12:00:00Z,51,51,,79,79,,55.8,57.5,54,66.9,68.5,65.4
2023-08-05T18:00:00Z,42,42,,84,84,,37.9,38.6,37.2,44.5,45.4,43.6
2023-08-06T00:00:00Z,60,60,,72,72,,37.8,38.5,37.1,43.6,44.6,42.7
2023-08-06T06:00:00Z,64,64,,71,71,,43.9,45.1,42.7,53.3,54.9,51.7
2023-08-06T12:00:00Z,50,50,,80,80,,55.2,57,53.4,66.8,68.5,65.1
2023-08-06T18:00:00Z,43,43,,84,84,,32.3,32.9,31.8,36.1,36.8,35.4
2023-08-07T00:00:00Z,63,63,,72,72,,34.2,34.9,33.4,39,40,37.9
2023-08-07T06:00:00Z,64,64,,72,72,,36.8,37.7,36,43.5,44.8,42.3
2023-08-07T12:00:00Z,54,54,,77,77,,41.8,42.7,41,50.5,51.6,49.4
2023-08-07T18:00:00Z,52,52,,78,78,,37.3,38.2,36.4,42.6,43.6,41.5
2023-08-08T00:00:00Z,60,60,,74,74,,41.2,42.3,40.2,48.4,49.7,47.1
2023-08-08T06:00:00Z,62,62,,73,73,,45,46.1,43.8,54.5,55.9,53.2
2023-08-08T12:00:00Z,54,54,,79,79,,53.5,55.3,51.8,65.5,67,64
2023-08-08T18:00:00Z,44,44,,85,85,,38.5,39.3,37.6,44.6,45.6,43.6
2023-08-09T00:00:00Z,65,65,,72,72,,44.2,45.3,43,52.9,54.3,51.5
2023-08-09T06:00:00Z,64,64,,72,72,,57.6,60.1,55.2,68.9,70.8,67
2023-08-09T12:00:00Z,56,56,,78,78,,56.7,59.2,54.2,67.6,69.4,65.8
2023-08-09T18:00:00Z,52,52,,80,80,,35.8,36.6,34.9,40.5,41.5,39.5
2023-08-10T00:00:00Z,62,62,,73,73,,42,42.9,41,50.3,51.4,49.1
2023-08-10T06:00:00Z,65,65,,72,72,,39.2,40,38.3,46.7,47.8,45.6
2023-08-10T12:00:00Z,63,63,,74,74,,39.9,40.9,38.9,47.5,48.9,46.1
2023-08-10T18:00:00Z,63,63,,74,74,,36,36.9,35,41,42.2,39.9
2023-08-11T00:00:00Z,66,66,,72,72,,46.1,47.6,44.6,54.2,55.9,52.6
2023-08-11T06:00:00Z,65,65,,72,72,,35.7,36.8,34.5,41.1,42.6,39.6
2023-08-11T12:00:00Z,57,57,,76,76,,37.5,38.4,36.5,44.1,45.4,42.8
2023-08-11T18:00:00Z,53,53,,78,78,,32.2,33,31.5,35.8,36.8,34.8
2023-08-12T00:00:00Z,66,66,,72,72,,35.4,36.2,34.5,40.6,41.6,39.6
2023-08-12T06:00:00Z,68,68,,71,71,,30.8,31.6,29.9,33.7,34.5,32.8
2023-08-12T12:00:00Z,55,55,,77,77,,35.2,36.2,34.1,40.7,42,39.4
2023-08-12T18:00:00Z,46,46,,82,82,,40,40.8,39.1,46.8,47.8,45.9
2023-08-13T00:00:00Z,63,63,,73,73,,40.2,41.3,39.1,47,48.3,45.6
2023-08-13T06:00:00Z,69,69,,71,71,,34.9,36,33.7,39.8,41.2,38.4
2023-08-13T12:00:00Z,49,49,,83,83,,30.7,32.1,29.4,32.4,33.8,30.9
2023-08-13T18:00:00Z,40,40,,87,87,,23.9,24.6,23.2,25.2,26,24.4
2023-08-14T00:00:00Z,60,60,,73,73,,35.3,36.5,34,40.5,42.1,39
2023-08-14T06:00:00Z,66,66,,69,69,,35.7,37.1,34.2,41.1,42.8,39.4
2023-08-14T12:00:00Z,47,47,,84,84,,43.2,44.5,41.9,51.9,53.6,50.3
2023-08-14T18:00:00Z,43,43,,87,87,,31.9,32.8,31,35,36.2,33.9
2023-08-15T00:00:00Z,64,64,,74,74,,49.6,51.2,48,59.7,61.3,58.2
2023-08-15T06:00:00Z,70,70,,72,72,,49.6,50.9,48.2,62,63.8,60.3
2023-08-15T12:00:00Z,64,64,,75,75,,46.8,48,45.5,57.3,58.9,55.6
2023-08-15T18:00:00Z,54,54,,80,80,,53.7,55.3,52.1,63.9,65.2,62.6
2023-08-16T00:00:00Z,63,63,,74,74,,43.7,44.8,42.5,51.2,52.6,49.9
2023-08-16T06:00:00Z,67,67,,72,72,,48,49.5,46.5,56.6,58.4,54.9
2023-08-16T12:00:00Z,59,59,,76,76,,35.7,36.7,34.7,41,42.4,39.7
2023-08-16T18:00:00Z,52,52,,79,79,,35.8,36.6,35,41.4,42.4,40.4
2023-08-17T00:00:00Z,64,64,,72,72,,38.6,39.4,37.7,44.7,45.7,43.8
2023-08-17T06:00:00Z,64,64,,72,72,,31,32,30,34.4,35.8,33.1
2023-08-17T12:00:00Z,56,56,,76,76,,27.1,28,26.2,28.9,29.9,27.9
2023-08-17T18:00:00Z,57,57,,75,75,,34.8,35.7,33.9,39.5,40.7,38.4
2023-08-18T00:00:00Z,64,64,,71,71,,39.7,41.1,38.3,46.4,48.2,44.7
2023-08-18T06:00:00Z,61,61,,72,72,,49.3,51.2,47.5,59.1,61.1,57
2023-08-18T12:00:00Z,54,54,,77,77,,45.3,46.8,43.7,54,55.8,52.2
2023-08-18T18:00:00Z,56,56,,75,75,,28.4,29.3,27.6,30.6,31.5,29.8
2023-08-19T00:00:00Z,62,62,,72,72,,42.4,44.1,40.8,50.4,52.2,48.6
2023-08-19T06:00:00Z,60,60,,72,72,,38.2,39.5,36.8,44.1,45.8,42.5
2023-08-19T12:00:00Z,47,47,,82,82,,47,48.4,45.7,56.2,57.7,54.6
2023-08-19T18:00:00Z,41,41,,85,85,,31,31.7,30.2,34.6,35.5,33.7
2023-08-20T00:00:00Z,62,62,,71,71,,38.3,39.7,36.8,44.7,46.4,43
2023-08-20T06:00:00Z,66,66,,69,69,,50.2,52.6,47.8,55.3,58,52.7
2023-08-20T12:00:00Z,45,45,,84,84,,53.8,55.9,51.8,62.5,64.4,60.5
2023-08-20T18:00:00Z,47,47,,83,83,,39,39.7,38.2,46.2,47.2,45.3
2023-08-21T00:00:00Z,66,66,,71,71,,45.3,46.7,43.8,55.2,57.2,53.3
2023-08-21T06:00:00Z,69,69,,70,70,,46,47.7,44.3,56.2,58.2,54.2
2023-08-21T12:00:00Z,51,51,,82,82,,55.1,57.2,52.9,64.4,66.1,62.6
2023-08-21T18:00:00Z,45,45,,85,85,,38.1,39,37.2,44.4,45.5,43.3
2023-08-22T12:00:00Z,60,60,,76,76,,42.6,43.8,41.5,51.1,52.7,49.5
2023-08-22T18:00:00Z,61,61,,75,75,,37.8,38.8,36.8,44.4,45.7,43.1
2023-09-06T18:00:00Z,58,58,,76,76,,37.4,38.2,36.6,44,45,43.1
2023-09-07T00:00:00Z,66,66,,71,71,,47.2,48.3,46,57.9,59.3,56.5
2023-09-07T06:00:00Z,71,71,,69,69,,26.7,27.4,26,29.2,30,28.4
2023-09-07T12:00:00Z,62,62,,73,73,,36.5,37.5,35.5,42.4,43.5,41.2
2023-09-07T18:00:00Z,61,61,,73,73,,37.4,38.3,36.6,44,45,43
2023-09-08T00:00:00Z,70,70,,69,69,,38.1,39.2,37,44.8,46,43.6
2023-09-08T06:00:00Z,72,72,,68,68,,30.3,31.1,29.6,33.8,34.6,33
2023-09-08T12:00:00Z,52,52,,79,79,,35.7,36.7,34.7,41.2,42.5,39.9
2023-09-08T18:00:00Z,42,42,,84,84,,30.4,31,29.7,33.9,34.5,33.2
2023-09-09T00:00:00Z,61,61,,72,72,,45.3,46.3,44.2,54.8,56,53.6
2023-09-09T06:00:00Z,67,67,,70,70,,34.4,35.1,33.7,39.9,40.7,39
2023-09-09T12:00:00Z,59,59,,74,74,,37.9,38.8,37.1,44.7,45.7,43.6
2023-09-09T18:00:00Z,52,52,,77,77,,38.1,39,37.3,44.6,45.6,43.7
2023-09-10T00:00:00Z,63,63,,71,71,,32.9,34,31.8,37.2,38.3,36
2023-09-10T06:00:00Z,65,65,,71,71,,40.5,41.6,39.4,48.3,49.7,46.8
2023-09-10T12:00:00Z,62,62,,73,73,,55.9,57.7,54.1,66.2,67.8,64.6
2023-09-10T18:00:00Z,54,54,,78,78,,43.9,44.8,42.9,52.5,53.6,51.4
2023-09-11T00:00:00Z,65,65,,70,70,,37.1,38.3,36,43.4,44.7,42.1
2023-09-11T06:00:00Z,67,67,,70,70,,53.9,55.4,52.4,66.4,68.4,64.5
2023-09-11T12:00:00Z,59,59,,75,75,,53.5,55,52.1,64.4,65.9,62.9
2023-09-11T18:00:00Z,57,57,,75,75,,38.4,39.3,37.6,44.6,45.5,43.7
2023-09-12T00:00:00Z,66,66,,70,70,,52.7,54.1,51.2,64.6,66.4,62.8
2023-09-12T06:00:00Z,67,67,,70,70,,56.5,58.3,54.7,69.7,71.7,67.8
2023-09-12T12:00:00Z,64,64,,73,73,,46.1,47.4,44.9,56.6,58,55.1
2023-09-12T18:00:00Z,66,66,,71,71,,35.1,36,34.1,40,40.8,39.1
2023-09-13T00:00:00Z,69,69,,69,69,,39.4,40.6,38.1,45.6,46.9,44.3
2023-09-13T06:00:00Z,67,67,,69,69,,39.8,41.1,38.6,47.7,49.3,46.2
2023-09-13T12:00:00Z,69,69,,70,70,,33.8,34.8,32.9,38.7,39.7,37.6
2023-09-13T18:00:00Z,59,59,,74,74,,51.4,53,49.8,59.6,61,58.2
2023-09-14T00:00:00Z,70,70,,68,68,,38.8,39.8,37.8,45.3,46,44.5
2023-09-14T06:00:00Z,71,71,,68,68,,36.9,38,35.8,43.5,44.5,42.4
2023-09-14T12:00:00Z,69,69,,70,70,,33.7,34.7,32.6,37.8,38.9,36.6
2023-09-14T18:00:00Z,61,61,,72,72,,27.7,28.3,27,30.7,31.2,30.2
2023-09-15T00:00:00Z,72,72,,67,67,,40,41.2,38.9,46.9,48.1,45.8
2023-09-15T06:00:00Z,73,73,,67,67,,44.8,46.3,43.3,54.8,56.6,53
2023-09-15T12:00:00Z,57,57,,77,77,,49.7,51,48.5,60.6,62.1,59.2
2023-09-15T18:00:00Z,46,46,,82,82,,29.9,30.6,29.3,33.1,33.6,32.5
2023-09-16T00:00:00Z,62,62,,70,70,,35.7,36.8,34.6,41,42,39.9
2023-09-16T06:00:00Z,66,66,,69,69,,41.6,43,40.3,50,51.4,48.6
2023-09-16T12:00:00Z,48,48,,82,82,,54.5,56.4,52.7,61.1,62.5,59.6
2023-09-16T18:00:00Z,38,38,,86,86,,21.4,22.1,20.8,23.1,23.6,22.7
2023-09-17T00:00:00Z,59,59,,72,72,,26,26.9,25.2,28.1,28.7,27.4
2023-09-17T06:00:00Z,67,67,,70,70,,31.9,32.8,30.9,35.8,36.6,34.9
2023-09-17T12:00:00Z,47,47,,84,84,,43.7,44.5,42.9,52.9,53.8,52
2023-09-17T18:00:00Z,41,41,,86,86,,22.9,23.3,22.5,24.5,24.6,24.3
2023-09-18T00:00:00Z,62,62,,71,71,,28.1,28.8,27.5,30.4,30.9,29.9
2023-09-18T06:00:00Z,68,68,,70,70,,44.9,46,43.8,55.6,56.9,54.3
2023-09-18T12:00:00Z,55,55,,78,78,,56.1,57.3,54.8,67.6,68.7,66.4
2023-09-18T18:00:00Z,48,48,,82,82,,47.5,48.4,46.7,56.7,57.5,55.8
2023-09-19T00:00:00Z,66,66,,71,71,,54.4,55.7,53,66.8,68.4,65.2
2023-09-19T06:00:00Z,70,70,,70,70,,44.1,45,43.2,53.7,54.8,52.6
2023-09-19T12:00:00Z,62,62,,75,75,,45.6,46.6,44.7,55.4,56.7,54.1
2023-09-19T18:00:00Z,49,49,,81,81,,38.6,39.3,37.8,44.7,45.6,43.8
2023-09-20T00:00:00Z,66,66,,71,71,,51.4,52.5,50.2,62.5,64,61.1
2023-09-20T06:00:00Z,71,71,,69,69,,50.4,51.6,49.2,61.5,63.2,59.9
2023-09-20T12:00:00Z,68,68,,71,71,,31.6,32.4,30.9,35.3,36.2,34.5
2023-09-20T18:00:00Z,63,63,,73,73,,42.9,43.9,41.9,50.4,51.5,49.4
2023-09-21T00:00:00Z,69,69,,70,70,,49.9,51,48.8,60.5,61.9,59
2023-09-21T06:00:00Z,70,70,,69,69,,44,45.1,43,53.6,55.2,52.1
2023-09-21T12:00:00Z,64,64,,72,72,,41.8,42.8,40.8,49.4,50.7,48.1
2023-09-21T18:00:00Z,56,56,,75,75,,40.9,41.8,40,48.2,49.2,47.1
2023-09-22T00:00:00Z,64,64,,71,71,,44.5,45.7,43.3,53.5,55,52
2023-09-22T06:00:00Z,69,69,,69,69,,45.3,46.3,44.2,55.6,56.9,54.2
2023-09-22T12:00:00Z,57,57,,75,75,,37.9,38.8,37,44.4,45.3,43.4
2023-09-22T18:00:00Z,46,46,,81,81,,33.4,34.2,32.7,38.1,39,37.3
2023-09-23T00:00:00Z,65,65,,70,70,,48.7,50.1,47.4,58.2,59.8,56.7
2023-09-23T06:00:00Z,68,68,,69,69,,47.9,49.2,46.7,57.8,59.3,56.3
2023-09-23T12:00:00Z,54,54,,78,78,,54.3,55.7,52.9,64.2,65.7,62.8
2023-09-23T18:00:00Z,47,47,,81,81,,39.5,40.2,38.8,46.6,47.4,45.8
2023-09-24T00:00:00Z,65,65,,70,70,,43.9,45,42.7,52.3,53.6,50.9
2023-09-24T06:00:00Z,68,68,,69,69,,43.7,44.7,42.7,53.2,54.4,52
2023-09-24T12:00:00Z,60,60,,74,74,,37,37.6,36.3,43.5,44.2,42.7
2023-09-24T18:00:00Z,50,50,,79,79,,30.5,31.1,29.9,33.7,34.3,33.1
2023-09-25T00:00:00Z,64,64,,71,71,,36.7,37.6,35.8,42.7,43.6,41.7
2023-09-25T06:00:00Z,65,65,,71,71,,49.5,50.8,48.2,60.6,62.1,59.2
2023-09-25T12:00:00Z,53,53,,80,80,,59.4,60.9,58,70.1,71.3,68.9
2023-09-25T18:00:00Z,45,45,,84,84,,36.6,37.2,36,42.4,43.1,41.8
2023-09-26T00:00:00Z,65,65,,71,71,,41.5,42.4,40.5,49.2,50.2,48.2
2023-09-26T06:00:00Z,69,69,,69,69,,39.1,40.1,38.1,46.8,48,45.6
2023-09-26T12:00:00Z,63,63,,72,72,,35.4,36.2,34.6,40.8,41.6,39.9
2023-09-26T18:00:00Z,58,58,,74,74,,45.4,46.5,44.3,52.4,53.3,51.4
2023-09-27T00:00:00Z,67,67,,70,70,,45.1,46.1,44,53.4,54.5,52.3
2023-09-27T06:00:00Z,72,72,,68,68,,34.4,35.2,33.5,39.7,40.7,38.7
2023-09-27T12:00:00Z,47,47,,83,83,,41.4,42.7,40,44.1,45.4,42.9
2023-09-27T18:00:00Z,43,43,,84,84,,24.1,24.6,23.5,26.6,27,26.2
2023-09-28T00:00:00Z,64,64,,71,71,,46.6,47.8,45.4,56,57.4,54.6
2023-09-28T06:00:00Z,68,68,,70,70,,41.3,42.3,40.4,49.7,50.7,48.7
2023-09-28T12:00:00Z,59,59,,75,75,,42.3,43.2,41.4,51.6,52.5,50.6
2023-09-28T18:00:00Z,51,51,,78,78,,36.9,37.6,36.3,43.8,44.5,43.1
2023-09-29T00:00:00Z,68,68,,69,69,,40.7,41.6,39.7,48.7,49.8,47.6
2023-09-29T06:00:00Z,71,71,,68,68,,42.9,44.1,41.7,51.9,53.3,50.5
2023-09-29T12:00:00Z,60,60,,75,75,,58.2,59.9,56.5,69.1,70.6,67.6
2023-09-29T18:00:00Z,44,44,,83,83,,28.5,29.2,27.8,32.3,33,31.6
2023-09-30T00:00:00Z,66,66,,70,70,,38.2,39.4,37.1,45.4,46.5,44.2
2023-09-30T06:00:00Z,71,71,,68,68,,46.1,47.3,45,57,58.6,55.5
2023-09-30T12:00:00Z,53,53,,80,80,,48.8,50,47.7,59.7,60.8,58.5
2023-09-30T18:00:00Z,44,44,,82,82,,34.7,35.5,34,39.4,40.4,38.5
2023-10-01T00:00:00Z,60,60,,72,72,,41.8,42.9,40.7,48.2,49.3,47
2023-10-01T06:00:00Z,67,67,,69,69,,38.7,39.8,37.7,46,47.2,44.7
2023-10-01T12:00:00Z,51,51,,81,81,,46.9,47.9,45.8,57.5,58.7,56.3
2023-10-01T18:00:00Z,42,42,,86,86,,23.9,24.5,23.3,25.2,25.6,24.7
2023-10-02T00:00:00Z,66,66,,70,70,,45.2,46.4,44,55,56.6,53.5
2023-10-02T06:00:00Z,69,69,,70,70,,47.4,48.5,46.3,59,60.6,57.4
2023-10-02T12:00:00Z,55,55,,79,79,,50.9,52.1,49.7,63,64.3,61.7
2023-10-02T18:00:00Z,42,42,,85,85,,32,32.9,31.2,35.7,36.6,34.9
2023-10-03T00:00:00Z,66,66,,71,71,,40.7,41.6,39.9,48.5,49.6,47.3
2023-10-03T06:00:00Z,72,72,,69,69,,39.9,40.8,39,47.7,48.9,46.5
2023-10-03T12:00:00Z,55,55,,80,80,,52.1,53.6,50.7,62.3,63.7,61
2023-10-03T18:00:00Z,48,48,,82,82,,43.4,44.4,42.5,52.3,53.2,51.3
2023-10-04T00:00:00Z,66,66,,71,71,,53.2,54.4,52.1,65,66.2,63.7
2023-10-04T06:00:00Z,69,69,,70,70,,45.1,46.2,43.9,55.2,56.6,53.9
2023-10-04T12:00:00Z,59,59,,76,76,,53.2,54.3,52.1,65.5,66.7,64.3
2023-10-04T18:00:00Z,46,46,,83,83,,41.8,42.6,41,49.4,50.1,48.7
2023-10-05T00:00:00Z,65,65,,72,72,,46.8,47.9,45.7,57.5,58.8,56.1
2023-10-05T06:00:00Z,72,72,,69,69,,50.4,51.7,49.1,62.9,64.5,61.2
2023-10-05T12:00:00Z,55,55,,80,80,,48.5,49.6,47.4,59.8,61,58.5
2023-10-05T18:00:00Z,41,41,,86,86,,28,28.8,27.3,31.2,31.9,30.5
2023-10-06T00:00:00Z,66,66,,71,71,,44,45.3,42.8,53,54.4,51.5
2023-10-06T06:00:00Z,70,70,,69,69,,51.7,52.9,50.4,62.9,64.5,61.3
2023-10-06T12:00:00Z,53,53,,80,80,,46.3,47.3,45.3,57,58.3,55.7
2023-10-06T18:00:00Z,49,49,,81,81,,34.9,35.5,34.3,40.1,40.7,39.6
2023-10-07T00:00:00Z,67,67,,71,71,,44.9,45.9,43.9,54.6,55.9,53.3
2023-10-07T06:00:00Z,72,72,,68,68,,36.7,37.4,35.9,43,43.8,42.2
2023-10-07T12:00:00Z,59,59,,76,76,,47,48,45.9,57.3,58.5,56.1
2023-10-07T18:00:00Z,49,49,,80,80,,43.4,44.4,42.4,50.2,51.3,49.1
2023-10-08T00:00:00Z,66,66,,70,70,,47.5,48.7,46.3,56.6,57.9,55.4
2023-10-08T06:00:00Z,71,71,,68,68,,39.4,40.2,38.6,46.7,47.7,45.7
2023-10-08T12:00:00Z,61,61,,75,75,,26.5,27,26,28,28.5,27.6
2023-10-08T18:00:00Z,52,52,,78,78,,18.5,18.9,18.2,19.6,19.7,19.4
2023-10-09T00:00:00Z,67,67,,69,69,,40.8,41.8,39.8,48.6,49.6,47.6
2023-10-09T06:00:00Z,69,69,,69,69,,44.5,45.7,43.4,52.8,54.2,51.5
2023-10-09T12:00:00Z,60,60,,75,75,,58.7,60.5,56.9,70,71.3,68.7
2023-10-09T18:00:00Z,59,59,,74,74,,46.3,47.3,45.4,55.6,56.5,54.7
2023-10-10T00:00:00Z,67,67,,69,69,,39.1,40,38.1,45,45.8,44.2
2023-10-10T06:00:00Z,72,72,,68,68,,26.2,26.5,25.8,27.7,28,27.4
2023-10-10T12:00:00Z,51,51,,81,81,,39.6,40.3,38.8,46.9,47.7,46
2023-10-10T18:00:00Z,44,44,,84,84,,31.7,32.5,30.9,35.6,36.3,34.8
2023-10-11T00:00:00Z,64,64,,72,72,,41.6,42.3,40.8,49.6,50.5,48.8
2023-10-11T06:00:00Z,69,69,,69,69,,44.3,45.3,43.3,54.3,55.5,53.1
2023-10-11T12:00:00Z,56,56,,77,77,,50.3,51.3,49.3,59.1,60.1,58
2023-10-11T18:00:00Z,54,54,,76,76,,41.7,42.5,40.9,50,50.8,49.2
2023-10-12T00:00:00Z,67,67,,69,69,,45.5,46.7,44.3,54.1,55.4,52.8
2023-10-12T06:00:00Z,67,67,,69,69,,59.2,60.6,57.9,70.8,72.6,69
2023-10-12T12:00:00Z,50,50,,80,80,,55.8,57.1,54.5,66.3,67.7,65
2023-10-12T18:00:00Z,49,49,,79,79,,40.8,41.5,40.2,48.1,48.8,47.4
2023-10-13T00:00:00Z,66,66,,69,69,,41.5,42.6,40.3,49.4,50.5,48.2
2023-10-13T06:00:00Z,69,69,,68,68,,67.5,69.2,65.7,76.7,79.1,74.4
2023-10-13T12:00:00Z,45,45,,85,85,,56.2,57.9,54.4,66.4,67.8,65
2023-10-13T18:00:00Z,50,50,,79,79,,43.3,43.9,42.6,52.5,53.3,51.7
2023-10-14T00:00:00Z,65,65,,70,70,,48,49.3,46.7,58.3,59.8,56.7
2023-10-14T06:00:00Z,67,67,,70,70,,49.4,50.7,48.1,61.5,63.1,59.8
2023-10-14T12:00:00Z,44,44,,86,86,,46.5,47.5,45.4,56.8,57.9,55.8
2023-10-14T18:00:00Z,48,48,,81,81,,36.9,37.6,36.3,43,43.8,42.2
2023-10-15T00:00:00Z,64,64,,71,71,,44.7,45.7,43.8,54.5,55.6,53.3
2023-10-15T06:00:00Z,67,67,,70,70,,46.8,48,45.6,56.8,58,55.5
2023-10-15T12:00:00Z,51,51,,80,80,,55.6,56.7,54.5,66.4,67.5,65.3
2023-10-15T18:00:00Z,48,48,,81,81,,40.6,41.3,40,48.8,49.5,48
2023-10-16T00:00:00Z,65,65,,71,71,,46.3,47.2,45.5,57,58,56
2023-10-16T06:00:00Z,67,67,,71,71,,53,54.1,51.8,66.3,67.9,64.8
2023-10-16T12:00:00Z,53,53,,80,80,,58.3,59.7,56.9,68.5,69.8,67.3
2023-10-16T18:00:00Z,44,44,,84,84,,40.3,41,39.5,47.9,48.7,47.1
2023-10-17T00:00:00Z,66,66,,71,71,,47.6,48.5,46.6,58.2,59.4,57
2023-10-17T06:00:00Z,67,67,,71,71,,50.6,51.6,49.6,63.5,64.8,62.1
2023-10-17T12:00:00Z,53,53,,80,80,,48.9,49.7,48,60.6,61.5,59.7
2023-10-17T18:00:00Z,50,50,,80,80,,41.9,42.7,41,49.9,50.8,49
2023-10-18T00:00:00Z,66,66,,71,71,,47.3,48.2,46.4,57.3,58.3,56.3
2023-10-18T06:00:00Z,70,70,,71,71,,47.8,48.8,46.8,59.2,60.5,57.9
2023-10-18T12:00:00Z,54,54,,82,82,,55.9,57.2,54.5,65.3,66.6,64.1
2023-10-18T18:00:00Z,46,46,,85,85,,35.8,36.5,35.1,40.6,41.4,39.8
2023-10-19T00:00:00Z,67,67,,72,72,,53.1,54.2,52,64,65.1,62.9
2023-10-19T06:00:00Z,69,69,,71,71,,45.8,46.5,45.1,56.3,57.2,55.4
2023-10-19T12:00:00Z,62,62,,77,77,,49.4,50.5,48.4,60.2,61.5,59
2023-10-19T18:00:00Z,44,44,,86,86,,36.6,37.4,35.9,42.4,43.2,41.7
2023-10-20T00:00:00Z,66,66,,73,73,,49.1,50,48.3,59.9,60.8,59
2023-10-20T06:00:00Z,70,70,,71,71,,43.6,44.2,42.9,53,53.8,52.1
2023-10-20T12:00:00Z,67,67,,74,74,,48.6,49.5,47.7,59,60,58.1
2023-10-20T18:00:00Z,53,53,,81,81,,43.9,44.6,43.1,53,53.9,52
2023-10-21T00:00:00Z,70,70,,71,71,,46.4,47.2,45.6,56.1,57.1,55.1
2023-10-21T06:00:00Z,72,72,,70,70,,36.9,37.5,36.3,43.2,43.9,42.6
2023-10-21T12:00:00Z,55,55,,82,82,,50.4,51.5,49.2,61.4,62.6,60.2
2023-10-21T18:00:00Z,46,46,,84,84,,37,37.7,36.3,42.7,43.6,41.9
2023-10-22T00:00:00Z,66,66,,72,72,,52.4,53.7,51.2,63.2,64.5,61.8
2023-10-22T06:00:00Z,72,72,,70,70,,52.4,53.6,51.3,65.7,67.2,64.1
2023-10-22T12:00:00Z,62,62,,77,77,,47.6,48.4,46.8,59,60,58
2023-10-22T18:00:00Z,45,45,,85,85,,35.8,36.5,35.2,41.4,42.2,40.6
2023-10-23T00:00:00Z,66,66,,72,72,,34.5,35.2,33.8,39.3,40.2,38.5
2023-10-23T06:00:00Z,69,69,,72,72,,50.3,51.1,49.5,63.1,64.1,62.1
2023-10-23T12:00:00Z,49,49,,85,85,,53.1,54.3,51.8,64.7,65.8,63.7
2023-10-23T18:00:00Z,45,45,,86,86,,38.3,39.1,37.5,44.8,45.5,44
2023-10-24T00:00:00Z,67,67,,72,72,,48.9,49.9,47.8,58.9,60.1,57.7
2023-10-24T18:00:00Z,58,58,,76,76,,46.6,47.9,45.4,55.7,57,54.4
2023-10-25T00:00:00Z,68,68,,71,71,,43,44.3,41.8,51.3,52.9,49.8
2023-10-25T06:00:00Z,73,73,,68,68,,39.2,40.3,38.1,46.3,47.7,44.9
2023-10-25T12:00:00Z,64,64,,73,73,,19.1,19.6,18.5,20.4,21,19.9
2023-10-25T18:00:00Z,59,59,,75,75,,33.1,34,32.1,37.5,38.6,36.4
2023-10-26T00:00:00Z,66,66,,70,70,,37.5,38.6,36.4,43.1,44.4,41.9
2023-10-26T06:00:00Z,71,71,,69,69,,30.9,31.8,30,34.2,35.1,33.2
2023-10-26T12:00:00Z,56,56,,77,77,,35.1,36.1,34.1,41.1,42.3,39.9
2023-10-26T18:00:00Z,45,45,,82,82,,23,23.6,22.3,25,25.7,24.4
2023-10-27T00:00:00Z,64,64,,71,71,,31.3,32.3,30.4,34.5,35.5,33.5
2023-10-27T06:00:00Z,68,68,,71,71,,42.4,43.7,41.2,51.4,53.1,49.7
2023-10-27T12:00:00Z,60,60,,76,76,,47.8,49.2,46.4,58.1,59.6,56.7
2023-10-27T18:00:00Z,48,48,,82,82,,40.3,41.2,39.3,48.2,49.4,47
2023-10-28T00:00:00Z,63,63,,72,72,,34.6,35.7,33.6,39.7,40.9,38.4
2023-10-28T06:00:00Z,67,67,,71,71,,39.4,40.8,38,42.2,43.7,40.8
2023-10-28T12:00:00Z,47,47,,84,84,,48.2,49.5,47,58.8,60.3,57.4
2023-10-28T18:00:00Z,41,41,,87,87,,30.2,31.1,29.3,33.2,34.1,32.2
2023-10-29T00:00:00Z,59,59,,74,74,,33.8,34.9,32.8,37.7,39,36.4
2023-10-29T06:00:00Z,62,62,,73,73,,45.7,47.5,43.9,51.3,52.6,50
2023-10-29T12:00:00Z,39,39,,91,91,,39.3,40.8,37.9,44.2,45.5,42.9
2023-10-29T18:00:00Z,44,44,,85,85,,22,22.9,21.1,23.2,23.9,22.4
2023-10-30T00:00:00Z,62,62,,73,73,,26.8,27.8,25.8,28.9,29.8,28
2023-10-30T06:00:00Z,69,69,,70,70,,38.4,39.3,37.4,44.6,45.5,43.6
2023-10-30T12:00:00Z,46,46,,87,87,,43.2,44.5,42,52.1,53.5,50.7
2023-10-30T18:00:00Z,38,38,,90,90,,21.5,22.3,20.6,22.8,23.3,22.2
2023-10-31T00:00:00Z,64,64,,72,72,,28.2,29.2,27.2,31.1,31.8,30.4
2023-10-31T06:00:00Z,71,71,,69,69,,34.5,35.5,33.6,39.8,41,38.6
2023-10-31T12:00:00Z,56,56,,78,78,,36.6,37.5,35.6,42.5,43.7,41.3
2023-10-31T18:00:00Z,46,46,,83,83,,27.8,28.6,27,30.1,30.8,29.4
2023-11-01T00:00:00Z,67,67,,71,71,,50.7,52.1,49.2,61.8,63.5,60.1
2023-11-01T06:00:00Z,71,71,,69,69,,41.9,43,40.7,50.9,52.4,49.3
2023-11-01T12:00:00Z,65,65,,72,72,,34,35,33,38.8,40,37.6
2023-11-01T18:00:00Z,62,62,,72,72,,33.7,34.7,32.8,38.2,39.2,37.1
2023-11-02T00:00:00Z,64,64,,71,71,,51.5,53.2,49.9,61.9,63.8,60
2023-11-02T06:00:00Z,69,69,,69,69,,43.5,44.8,42.1,50.7,52.2,49.2
2023-11-02T12:00:00Z,60,60,,73,73,,38.7,39.7,37.7,45.5,46.8,44.2
2023-11-02T18:00:00Z,50,50,,78,78,,35.9,36.7,35,40.5,41.4,39.6
2023-11-03T00:00:00Z,62,62,,71,71,,44.9,45.8,43.9,53.8,55,52.7
2023-11-03T06:00:00Z,65,65,,70,70,,35.3,36.1,34.5,41,42.1,39.8
2023-11-03T12:00:00Z,52,52,,78,78,,32.1,32.9,31.3,37,38,36.1
2023-11-03T18:00:00Z,45,45,,81,81,,18.1,18.6,17.6,19.3,19.6,19
2023-11-04T00:00:00Z,66,66,,69,69,,33.9,35.2,32.7,38.1,39.4,36.8
2023-11-04T06:00:00Z,69,69,,68,68,,47.3,49,45.7,57.1,59.1,55.1
2023-11-04T12:00:00Z,52,52,,79,79,,51.3,52.6,49.9,62.4,63.9,60.8
2023-11-04T18:00:00Z,45,45,,82,82,,35.5,36.4,34.7,40.5,41.5,39.6
2023-11-05T00:00:00Z,65,65,,71,71,,49.2,50.9,47.6,58.5,60.4,56.7
2023-11-05T06:00:00Z,66,66,,71,71,,43.8,45.1,42.5,53.4,55,51.8
2023-11-05T12:00:00Z,48,48,,83,83,,48.4,49.8,46.9,58.7,60.1,57.2
2023-11-05T18:00:00Z,50,50,,80,80,,29.2,30.1,28.4,31.5,32.4,30.6
2023-11-06T00:00:00Z,65,65,,72,72,,35.5,36.3,34.7,40.8,41.9,39.8
2023-11-06T06:00:00Z,68,68,,70,70,,45.2,46.1,44.2,55.7,57,54.4
2023-11-06T12:00:00Z,59,59,,75,75,,45.9,46.9,44.8,56,57.3,54.6
2023-11-06T18:00:00Z,52,52,,78,78,,38.8,39.8,37.8,45,46.2,43.8
2023-11-07T00:00:00Z,65,65,,71,71,,45.2,46.3,44.1,54.3,55.5,53.1
2023-11-07T06:00:00Z,71,71,,70,70,,39.6,40.4,38.8,47.1,48.2,45.9
2023-11-07T12:00:00Z,58,58,,76,76,,44.9,45.9,44,54.8,56.1,53.5
2023-11-07T18:00:00Z,48,48,,82,82,,45.6,46.6,44.6,54.4,55.4,53.4
2023-11-08T00:00:00Z,66,66,,72,72,,49.9,51.1,48.7,60,61.3,58.7
2023-11-08T06:00:00Z,68,68,,71,71,,47.4,48.3,46.4,58.5,59.7,57.4
2023-11-08T12:00:00Z,56,56,,78,78,,46.1,47.2,44.9,55.9,57.1,54.7
2023-11-08T18:00:00Z,46,46,,83,83,,26.1,26.8,25.4,28,28.6,27.3
2023-11-09T00:00:00Z,64,64,,72,72,,40.3,41.1,39.4,48,49,47
2023-11-09T06:00:00Z,70,70,,70,70,,36.2,37,35.4,42,43,40.9
2023-11-09T12:00:00Z,54,54,,80,80,,48.4,49.6,47.3,59.4,60.7,58.1
2023-11-09T18:00:00Z,45,45,,83,83,,41.8,42.7,40.9,49.5,50.5,48.5
2023-11-10T00:00:00Z,62,62,,73,73,,41.7,42.7,40.7,49.7,50.8,48.6
2023-11-10T06:00:00Z,67,67,,71,71,,42.8,43.7,41.9,52,53.1,50.9
2023-11-10T12:00:00Z,60,60,,75,75,,42.7,43.6,41.8,51.6,52.8,50.4
2023-11-10T18:00:00Z,45,45,,82,82,,32.9,33.7,32.1,37.8,38.7,36.9
2023-11-11T00:00:00Z,64,64,,71,71,,32.8,33.5,32,36.8,37.8,35.8
2023-11-11T06:00:00Z,64,64,,71,71,,37,37.8,36.2,43.8,44.8,42.8
2023-11-11T12:00:00Z,46,46,,84,84,,43.6,44.4,42.8,52.9,53.9,51.8
2023-11-11T18:00:00Z,42,42,,86,86,,30.8,31.5,30.1,34.2,35,33.5
2023-11-12T00:00:00Z,64,64,,72,72,,46.3,47.7,44.9,54.2,55.8,52.6
2023-11-12T06:00:00Z,66,66,,71,71,,50.9,52.4,49.4,58.6,60.3,57
2023-11-12T12:00:00Z,49,49,,82,82,,44.8,45.9,43.8,54.3,55.5,53.1
2023-11-12T18:00:00Z,44,44,,85,85,,28,28.7,27.4,30.2,30.9,29.4
2023-11-13T00:00:00Z,66,66,,72,72,,44.7,45.8,43.6,53.5,54.6,52.4
2023-11-13T06:00:00Z,68,68,,71,71,,42.9,43.7,42.1,52.4,53.4,51.3
2023-11-13T12:00:00Z,60,60,,76,76,,29.5,30.3,28.7,33,33.9,32.1
2023-11-13T18:00:00Z,49,49,,81,81,,16.6,17.1,16,17.4,17.8,17.1
2023-11-14T00:00:00Z,66,66,,72,72,,44.9,46,43.8,53.9,55.2,52.7
2023-11-14T06:00:00Z,69,69,,71,71,,50.3,51.3,49.2,60.9,62,59.8
2023-11-14T12:00:00Z,56,56,,79,79,,46.3,47.4,45.3,56.5,57.7,55.3
2023-11-14T18:00:00Z,43,43,,86,86,,32.5,33.3,31.8,36.7,37.7,35.8
2023-11-15T00:00:00Z,64,64,,72,72,,33.4,34.2,32.6,37.7,38.6,36.9
2023-11-15T06:00:00Z,66,66,,71,71,,45.9,46.9,45,55.7,56.8,54.6
2023-11-15T12:00:00Z,47,47,,84,84,,47.4,48.8,46,56.4,57.7,55.1
2023-11-15T18:00:00Z,43,43,,85,85,,31.5,32.4,30.6,36.1,36.9,35.2
2023-11-16T00:00:00Z,64,64,,72,72,,31.6,32.5,30.7,35.2,36.1,34.4
2023-11-16T06:00:00Z,68,68,,71,71,,44.5,45.3,43.7,54.4,55.4,53.4
2023-11-16T12:00:00Z,51,51,,82,82,,43.7,44.7,42.7,52.7,53.8,51.6
2023-11-16T18:00:00Z,43,43,,86,86,,28.6,29.4,27.9,30.7,31.3,30
2023-11-17T00:00:00Z,64,64,,73,73,,37.5,38.6,36.5,43.9,45.1,42.6
2023-11-17T06:00:00Z,67,67,,72,72,,35.3,36.3,34.3,41,42.1,39.8
2023-11-17T12:00:00Z,46,46,,85,85,,45.3,46.5,44.1,54.6,55.8,53.3
2023-11-17T18:00:00Z,48,48,,82,82,,30.3,31.4,29.2,33.7,34.7,32.6
2023-11-18T00:00:00Z,65,65,,72,72,,30.7,31.7,29.7,33.9,34.9,32.9
2023-11-18T06:00:00Z,68,68,,70,70,,42.9,44,41.8,51.1,52.3,49.9
2023-11-18T12:00:00Z,64,64,,73,73,,28.3,29.2,27.4,30.5,31.4,29.5
2023-11-18T18:00:00Z,53,53,,77,77,,27.7,28.6,26.7,31.1,32,30.2
2023-11-19T00:00:00Z,64,64,,71,71,,38.6,39.5,37.7,45,46,44
2023-11-19T06:00:00Z,68,68,,69,69,,40.5,41.5,39.6,48.1,49.3,46.9
2023-11-19T12:00:00Z,51,51,,80,80,,47.8,49,46.5,55.9,57.3,54.5
2023-11-19T18:00:00Z,49,49,,79,79,,21.9,22.6,21.3,22.9,23.4,22.4
2023-11-20T00:00:00Z,63,63,,71,71,,35,35.8,34.2,40.2,41.2,39.2
2023-11-20T06:00:00Z,68,68,,70,70,,35.7,36.6,34.7,40.4,41.4,39.4
2023-11-20T12:00:00Z,47,47,,83,83,,33.6,34.5,32.7,38.7,39.7,37.7
2023-11-20T18:00:00Z,43,43,,84,84,,19.7,20.4,19,20.6,21.2,20.1
2023-11-21T00:00:00Z,58,58,,74,74,,25.1,26,24.2,27,27.8,26.2
2023-11-21T06:00:00Z,62,62,,72,72,,21,21.7,20.3,22.2,22.9,21.6
2023-11-21T12:00:00Z,43,43,,86,86,,31.9,32.8,30.9,36,37.1,34.9
2023-11-21T18:00:00Z,40,40,,88,88,,17.4,18.1,16.8,18.3,18.8,17.8
2023-11-22T00:00:00Z,63,63,,73,73,,27.3,28.2,26.5,29.3,30.1,28.5
2023-11-22T06:00:00Z,69,69,,71,71,,41.9,42.6,41.1,50.7,51.7,49.7
2023-11-22T12:00:00Z,46,46,,85,85,,39.8,40.7,38.9,47.7,48.8,46.5
2023-11-22T18:00:00Z,40,40,,88,88,,26.8,27.5,26.2,28.8,29.4,28.2
2023-11-23T00:00:00Z,63,63,,73,73,,31,31.7,30.2,33.9,34.7,33.1
2023-11-23T06:00:00Z,70,70,,70,70,,44.6,45.5,43.7,54.3,55.2,53.3
2023-11-23T12:00:00Z,51,51,,82,82,,57.6,59,56.1,67,68.4,65.6
2023-11-23T18:00:00Z,42,42,,87,87,,35,35.7,34.3,39.7,40.5,38.8
2023-11-24T00:00:00Z,62,62,,74,74,,38.5,39.4,37.7,44.6,45.7,43.6
2023-11-24T06:00:00Z,68,68,,72,72,,44.6,45.3,43.9,54.4,55.4,53.5
2023-11-24T12:00:00Z,46,46,,86,86,,47.3,48.3,46.3,56.5,57.5,55.4
2023-11-24T18:00:00Z,43,43,,87,87,,32.4,33,31.7,35.8,36.6,35.1
2023-11-25T00:00:00Z,61,61,,74,74,,32.1,32.9,31.4,35.7,36.7,34.8
2023-11-25T06:00:00Z,67,67,,71,71,,35.8,36.5,35.1,41.5,42.3,40.8
2023-11-25T12:00:00Z,67,67,,73,73,,49,49.7,48.4,59.7,60.5,59
2023-11-27T18:00:00Z,43,43,,85,85,,31,31.8,30.3,34.3,35,33.5
2023-11-28T00:00:00Z,59,59,,74,74,,26.9,27.6,26.1,29.2,29.8,28.5
2023-11-28T06:00:00Z,65,65,,71,71,,23.7,24.2,23.2,25.6,26,25.2
2023-11-28T12:00:00Z,45,45,,86,86,,36.1,36.8,35.4,41.8,42.7,40.9
2023-11-28T18:00:00Z,47,47,,82,82,,31.1,31.8,30.4,34.2,34.9,33.5
2023-11-29T00:00:00Z,64,64,,72,72,,40.2,41,39.4,46.7,47.6,45.8
2023-11-29T06:00:00Z,66,66,,72,72,,41,41.6,40.3,49.3,50.2,48.4
2023-11-29T12:00:00Z,51,51,,81,81,,40.7,41.4,39.9,48.8,49.7,47.9
2023-11-29T18:00:00Z,43,43,,85,85,,30.7,31.3,30.2,33.9,34.5,33.4
2023-11-30T00:00:00Z,65,65,,72,72,,45.3,46.1,44.5,55,56,53.9
2023-11-30T06:00:00Z,68,68,,71,71,,41.7,42.3,41.1,50.6,51.3,49.8
2023-11-30T12:00:00Z,52,52,,81,81,,43.4,44,42.7,52.9,53.8,52.1
2023-11-30T18:00:00Z,41,41,,88,88,,27.3,28,26.6,29.2,29.9,28.5
2023-12-01T00:00:00Z,61,61,,75,75,,36.9,37.6,36.1,43.1,44,42.1
2023-12-01T06:00:00Z,67,67,,72,72,,35.5,36.2,34.9,41.2,42.1,40.3
2023-12-01T12:00:00Z,47,47,,85,85,,37.5,38.3,36.7,43.5,44.4,42.6
2023-12-01T18:00:00Z,45,45,,85,85,,30.4,31,29.8,32.8,33.4,32.1
2023-12-02T00:00:00Z,64,64,,73,73,,32.5,33.1,31.9,36.3,36.9,35.6
2023-12-02T06:00:00Z,69,69,,71,71,,38.8,39.5,38.1,46.1,47,45.3
2023-12-02T12:00:00Z,50,50,,84,84,,48.4,49.5,47.4,58.1,59.2,57.1
2023-12-02T18:00:00Z,43,43,,86,86,,32.6,33.3,32,36.5,37.2,35.8
2023-12-03T00:00:00Z,65,65,,73,73,,37,37.6,36.3,43.2,44,42.5
2023-12-03T06:00:00Z,69,69,,71,71,,43.5,44.1,42.9,53.1,53.9,52.2
2023-12-03T12:00:00Z,55,55,,80,80,,39.3,39.9,38.6,46.9,47.7,46.1
2023-12-03T18:00:00Z,43,43,,85,85,,32.3,32.9,31.7,35.8,36.5,35.1
2023-12-04T00:00:00Z,66,66,,71,71,,45.2,45.9,44.5,55.4,56.2,54.5
2023-12-04T06:00:00Z,69,69,,70,70,,40.8,41.3,40.2,49.2,50,48.4
2023-12-04T12:00:00Z,55,55,,78,78,,32.1,32.7,31.5,36.8,37.5,36.2
2023-12-04T18:00:00Z,43,43,,84,84,,22.8,23.2,22.3,24.7,25,24.3
2023-12-05T00:00:00Z,64,64,,72,72,,40.2,41,39.3,46.6,47.5,45.6
2023-12-05T06:00:00Z,69,69,,70,70,,43.2,44,42.5,52.4,53.4,51.5
2023-12-05T12:00:00Z,48,48,,84,84,,49.5,50.7,48.3,59.1,60.2,58
2023-12-05T18:00:00Z,48,48,,82,82,,35.6,36.4,34.7,40.7,41.8,39.6
2023-12-06T00:00:00Z,64,64,,73,73,,37.6,38.4,36.8,43.8,44.6,43
2023-12-06T06:00:00Z,67,67,,72,72,,44,45,43,50.2,51.1,49.2
2023-12-06T12:00:00Z,48,48,,84,84,,46.9,47.9,45.9,56.8,58,55.6
2023-12-06T18:00:00Z,46,46,,84,84,,36.7,37.5,35.9,42.8,43.7,41.9
2023-12-07T00:00:00Z,66,66,,73,73,,41.1,42,40.3,49.2,50.1,48.4
2023-12-07T06:00:00Z,69,69,,71,71,,44.1,44.8,43.3,53.8,54.7,52.9
2023-12-07T12:00:00Z,52,52,,82,82,,50.1,51.1,49,60.8,61.8,59.8
2023-12-07T18:00:00Z,43,43,,86,86,,31.1,31.8,30.5,34.9,35.5,34.3
2023-12-08T00:00:00Z,65,65,,73,73,,40.7,41.5,39.9,48.4,49.3,47.6
2023-12-08T06:00:00Z,68,68,,71,71,,48.9,49.8,48,59.4,60.2,58.5
2023-12-08T12:00:00Z,49,49,,84,84,,54.8,56,53.6,64.4,65.7,63
2023-12-08T18:00:00Z,42,42,,87,87,,35,35.7,34.4,40.1,40.8,39.4
2023-12-09T00:00:00Z,65,65,,72,72,,35,35.7,34.3,40.3,41.2,39.4
2023-12-09T06:00:00Z,68,68,,70,70,,33.7,34.2,33.1,38.4,39,37.7
2023-12-09T12:00:00Z,45,45,,86,86,,40.1,40.8,39.3,46.8,47.5,46
2023-12-09T18:00:00Z,42,42,,87,87,,26.7,27.2,26.2,28.3,28.6,28
2023-12-10T00:00:00Z,63,63,,73,73,,35.1,35.8,34.4,39.5,40.2,38.8
2023-12-10T06:00:00Z,66,66,,71,71,,27.9,28.4,27.4,30.2,30.6,29.8
2023-12-10T12:00:00Z,46,46,,84,84,,28.5,29.1,27.9,31.1,31.7,30.5
2023-12-10T18:00:00Z,39,39,,88,88,,21.8,22.2,21.3,22.7,23,22.5
2023-12-11T00:00:00Z,64,64,,72,72,,38.8,39.4,38.3,45.9,46.6,45.2
2023-12-11T06:00:00Z,68,68,,71,71,,47,47.8,46.3,56.4,57.2,55.6
2023-12-11T12:00:00Z,45,45,,86,86,,45.1,46.2,44.1,53,53.9,52.1
2023-12-11T18:00:00Z,41,41,,88,88,,20.8,21.3,20.3,22,22.3,21.7
2023-12-12T00:00:00Z,66,66,,72,72,,35,35.6,34.3,40.2,41,39.4
2023-12-12T06:00:00Z,65,65,,73,73,,39,39.7,38.3,46.3,47,45.5
2023-12-12T12:00:00Z,46,46,,85,85,,38.4,39.1,37.6,45.3,46.1,44.4
2023-12-12T18:00:00Z,40,40,,89,89,,26.1,26.7,25.5,28.1,28.6,27.7
2023-12-13T00:00:00Z,63,63,,74,74,,31.6,32.3,30.9,34.9,35.6,34.2
2023-12-13T06:00:00Z,69,69,,72,72,,40.6,41.3,39.9,48.7,49.5,47.9
2023-12-13T12:00:00Z,45,45,,87,87,,43.8,44.9,42.7,51.9,53,50.9
2023-12-13T18:00:00Z,42,42,,88,88,,28.6,29.3,27.9,31.3,31.8,30.7
2023-12-14T00:00:00Z,64,64,,74,74,,40.8,41.7,39.9,48.3,49.4,47.3
2023-12-14T06:00:00Z,66,66,,74,74,,43.3,44.1,42.6,52.5,53.4,51.6
2023-12-14T12:00:00Z,48,48,,85,85,,43,43.8,42.3,51.9,52.9,51
2023-12-14T18:00:00Z,44,44,,88,88,,28.9,29.6,28.2,31.3,32,30.6
2023-12-15T00:00:00Z,63,63,,75,75,,37,37.7,36.3,43,43.8,42.1
2023-12-15T06:00:00Z,66,66,,73,73,,38.4,38.9,37.8,45.4,46.1,44.7
2023-12-15T12:00:00Z,46,46,,87,87,,46.3,47.2,45.3,55.9,56.8,55
2023-12-15T18:00:00Z,39,39,,90,90,,28.9,29.5,28.3,31.5,32.1,30.9
2023-12-16T00:00:00Z,62,62,,76,76,,38,38.9,37,44.5,45.7,43.3
2023-12-16T06:00:00Z,63,63,,75,75,,37.7,38.5,36.9,44.4,45.5,43.4
2023-12-16T12:00:00Z,44,44,,89,89,,41.5,42.3,40.6,49.9,51,48.9
2023-12-16T18:00:00Z,41,41,,89,89,,29.5,30.2,28.8,31.7,32.4,31
2023-12-17T00:00:00Z,61,61,,76,76,,31.9,32.8,31,35.3,36.5,34.2
2023-12-17T06:00:00Z,65,65,,75,75,,48,48.8,47.2,58.6,59.4,57.7
2023-12-17T12:00:00Z,47,47,,86,86,,42.1,43,41.3,50.1,51,49.3
2023-12-17T18:00:00Z,46,46,,86,86,,21.5,22.2,20.8,22.4,22.9,21.8
2023-12-18T00:00:00Z,64,64,,75,75,,29.8,30.6,29,32.3,33.2,31.4
2023-12-18T06:00:00Z,67,67,,74,74,,35.1,35.9,34.3,40.6,41.7,39.5
2023-12-18T12:00:00Z,53,53,,83,83,,38.7,39.5,37.9,46,47,45
2023-12-18T18:00:00Z,45,45,,87,87,,29.4,30.1,28.7,32.4,33.1,31.7
2023-12-19T00:00:00Z,63,63,,76,76,,36.2,37.1,35.4,41.8,42.9,40.7
2023-12-19T06:00:00Z,67,67,,75,75,,43.3,44.1,42.5,52.8,53.9,51.8
2023-12-19T12:00:00Z,58,58,,80,80,,44.2,45,43.5,54.2,55,53.4
2023-12-19T18:00:00Z,42,42,,90,90,,33.8,34.5,33.2,38.4,39.2,37.6
2023-12-20T00:00:00Z,62,62,,76,76,,29.7,30.5,28.9,32.2,33.2,31.2
2023-12-20T06:00:00Z,71,71,,73,73,,25,25.5,24.4,27,27.6,26.4
2023-12-20T12:00:00Z,61,61,,78,78,,26.1,26.7,25.4,28.7,29.4,28
2023-12-20T18:00:00Z,49,49,,82,82,,23.2,23.8,22.7,24.6,25,24.3
2023-12-21T00:00:00Z,59,59,,76,76,,23.6,24.2,23,24.8,25.3,24.3
2023-12-21T06:00:00Z,63,63,,75,75,,29.6,30.2,29,32.1,32.7,31.5
2023-12-21T12:00:00Z,59,59,,79,79,,44.5,45.2,43.9,54.5,55.3,53.8
2023-12-21T18:00:00Z,48,48,,84,84,,44,44.7,43.3,53.3,54,52.6
2023-12-22T00:00:00Z,60,60,,75,75,,33.3,34.3,32.4,37.4,38.3,36.5
2023-12-22T06:00:00Z,66,66,,72,72,,32.9,33.6,32.3,36.6,37.2,36
2023-12-22T12:00:00Z,49,49,,85,85,,43.9,44.8,42.9,51.8,52.8,50.9
2023-12-22T18:00:00Z,41,41,,89,89,,24.3,24.9,23.7,26.2,26.8,25.6
2023-12-23T00:00:00Z,62,62,,75,75,,28.9,29.7,28.1,31.7,32.4,30.9
2023-12-23T06:00:00Z,63,63,,75,75,,25.2,25.8,24.5,26.8,27.4,26.2
2023-12-23T12:00:00Z,46,46,,86,86,,40.5,41.5,39.4,45.5,46.7,44.4
2023-12-23T18:00:00Z,43,43,,86,86,,26.2,26.9,25.4,28.1,28.9,27.4
2023-12-24T00:00:00Z,55,55,,77,77,,30.9,31.8,30,33.9,34.9,33
2023-12-24T06:00:00Z,65,65,,74,74,,38.2,38.9,37.6,45,45.8,44.2
2023-12-24T12:00:00Z,43,43,,90,90,,37.2,38.1,36.3,43.1,44.2,42
2023-12-24T18:00:00Z,37,37,,93,93,,23.2,23.9,22.5,24.1,24.7,23.5
2023-12-25T00:00:00Z,60,60,,77,77,,39.8,40.8,38.9,43.7,44.8,42.7
2023-12-25T06:00:00Z,64,64,,75,75,,43.5,44.2,42.7,50.7,51.4,49.9
2023-12-25T12:00:00Z,46,46,,87,87,,37.9,38.6,37.1,44.1,45.1,43.2
2023-12-25T18:00:00Z,46,46,,85,85,,19,19.5,18.5,19.8,20.2,19.4
2023-12-26T00:00:00Z,58,58,,77,77,,22.2,22.9,21.6,23.3,23.8,22.7
2023-12-26T06:00:00Z,60,60,,76,76,,23.5,24.2,22.8,24.8,25.5,24.2
2023-12-26T12:00:00Z,41,41,,90,90,,33.4,34.2,32.5,37.7,38.6,36.7
2023-12-26T18:00:00Z,39,39,,91,91,,26.2,27.1,25.4,28.3,29,27.5
2023-12-27T00:00:00Z,56,56,,78,78,,27.8,28.6,26.9,30.2,31,29.4
2023-12-27T06:00:00Z,63,63,,75,75,,26.3,26.8,25.8,28.4,28.9,27.9
2023-12-27T12:00:00Z,45,45,,89,89,,36.2,37,35.4,41.8,42.8,40.8
2023-12-27T18:00:00Z,43,43,,88,88,,19.4,19.9,18.9,20.2,20.5,19.8
2023-12-28T00:00:00Z,58,58,,79,79,,30,30.7,29.3,32.7,33.4,32
2023-12-28T06:00:00Z,59,59,,78,78,,29.5,30.1,28.8,31.5,32.1,30.9
2023-12-28T12:00:00Z,42,42,,91,91,,43.6,44.6,42.7,50.9,52,49.9
2023-12-28T18:00:00Z,47,47,,87,87,,25.6,26.1,25,27.7,28.2,27.2
2023-12-29T00:00:00Z,60,60,,78,78,,29.8,30.6,29,32.7,33.6,31.8
2023-12-29T06:00:00Z,60,60,,77,77,,19.9,20.5,19.4,20.6,21.1,20.2
2023-12-29T12:00:00Z,45,45,,90,90,,36.2,36.9,35.5,41.8,42.5,41
2023-12-29T18:00:00Z,40,40,,93,93,,29.2,29.7,28.6,31.1,31.6,30.5
2023-12-30T00:00:00Z,63,63,,78,78,,31.9,32.5,31.3,35.1,35.8,34.3
2023-12-30T06:00:00Z,65,65,,77,77,,40.3,40.9,39.6,47.9,48.8,47.1
2023-12-30T12:00:00Z,47,47,,89,89,,45.5,46.2,44.7,55.2,56,54.4
2023-12-30T18:00:00Z,42,42,,91,91,,34,34.6,33.4,38.2,38.8,37.6
2023-12-31T00:00:00Z,61,61,,79,79,,40.4,41.3,39.5,46.5,47.5,45.5
2023-12-31T06:00:00Z,67,67,,76,76,,40,40.6,39.4,47.7,48.5,46.9
2023-12-31T12:00:00Z,56,56,,82,82,,42.9,43.4,42.3,51.9,52.5,51.3
2023-12-31T18:00:00Z,44,44,,90,90,,34.2,34.7,33.7,38.6,39.1,38
2024-01-01T00:00:00Z,64,64,,77,77,,67.9,69.1,66.6,76.9,78.3,75.6
2024-01-01T06:00:00Z,66,66,,76,76,,73.6,75.2,72.1,81.5,83,80
2024-01-01T12:00:00Z,57,57,,81,81,,29.6,30.1,29.1,32.5,33,32.1
2024-01-01T18:00:00Z,52,52,,83,83,,24.3,24.9,23.8,25.2,25.7,24.7
2024-01-02T00:00:00Z,63,63,,77,77,,34.6,35.3,34,39.6,40.4,38.8
2024-01-02T06:00:00Z,68,68,,76,76,,36.4,37,35.8,42.4,43.3,41.6
2024-01-02T12:00:00Z,53,53,,86,86,,41.4,42,40.8,49.8,50.6,49.1
2024-01-02T18:00:00Z,45,45,,89,89,,29.2,29.6,28.8,31.7,32.1,31.3
2024-01-03T00:00:00Z,61,61,,77,77,,30.7,31.3,30.1,33.4,34,32.8
2024-01-03T06:00:00Z,66,66,,76,76,,26,26.4,25.7,27.4,27.7,27.1
2024-01-03T12:00:00Z,54,54,,82,82,,33.2,33.5,32.8,37.7,38.1,37.2
2024-01-03T18:00:00Z,47,47,,85,85,,31.3,31.6,30.9,34.5,34.9,34.1
2024-01-04T00:00:00Z,58,58,,78,78,,34.1,34.8,33.3,37.4,38.2,36.6
2024-01-04T06:00:00Z,65,65,,76,76,,28.9,29.4,28.4,31.5,32.1,31
2024-01-04T12:00:00Z,49,49,,86,86,,32.8,33.4,32.3,37,37.6,36.5
2024-01-04T18:00:00Z,51,51,,84,84,,22.1,22.7,21.6,23,23.4,22.7
2024-01-05T00:00:00Z,57,57,,80,80,,27.6,28.3,27,29.5,30.1,28.8
2024-01-05T06:00:00Z,62,62,,77,77,,22.5,23,22,23.7,24.2,23.3
2024-01-05T12:00:00Z,45,45,,90,90,,33.4,33.9,33,37.6,38.1,37.1
2024-01-05T18:00:00Z,41,41,,90,90,,20.1,20.4,19.9,21,21.1,20.9
2024-01-06T00:00:00Z,58,58,,78,78,,21.9,22.4,21.5,23.1,23.4,22.8
2024-01-06T06:00:00Z,65,65,,75,75,,21.5,21.9,21.2,22.5,22.8,22.3
2024-01-06T12:00:00Z,45,45,,90,90,,29.3,29.7,28.9,32.5,32.8,32.2
2024-01-06T18:00:00Z,43,43,,89,89,,22.9,23.1,22.7,24.6,24.6,24.5
2024-01-07T00:00:00Z,59,59,,78,78,,32.2,32.6,31.7,35,35.4,34.6
2024-01-07T06:00:00Z,59,59,,78,78,,17.4,17.6,17.2,18.3,18.4,18.1
2024-01-07T12:00:00Z,44,44,,89,89,,15.2,15.3,15,15.8,15.8,15.8
2024-01-07T18:00:00Z,41,41,,90,90,,15.1,15.2,15.1,15.8,15.7,16
2024-01-08T00:00:00Z,59,59,,78,78,,20,20.1,19.9,20.8,20.8,20.8
2024-01-08T06:00:00Z,64,64,,77,77,,24.1,24.2,23.9,25.9,26.1,25.8
2024-01-08T12:00:00Z,43,43,,91,91,,32.7,33.2,32.3,37.7,38.2,37.2
2024-01-08T18:00:00Z,43,43,,89,89,,19.4,19.7,19.2,21,21.1,20.8
2024-01-09T00:00:00Z,59,59,,79,79,,26.2,26.7,25.8,28.7,29.1,28.3
2024-01-09T06:00:00Z,64,64,,77,77,,23.1,23.5,22.7,24.5,24.8,24.1
2024-01-09T12:00:00Z,43,43,,92,92,,31.7,32.3,31.2,36.1,36.7,35.4
2024-01-09T18:00:00Z,37,37,,95,95,,19.3,19.6,19,20.1,20.2,19.9
2024-01-10T00:00:00Z,60,60,,79,79,,26,26.5,25.5,27.7,28,27.4
2024-01-10T06:00:00Z,64,64,,77,77,,24.6,24.9,24.4,26.2,26.3,26
2024-01-10T12:00:00Z,42,42,,92,92,,32.5,33,32,37.2,37.8,36.7
2024-01-10T18:00:00Z,36,36,,96,96,,22,22.3,21.7,23.6,23.8,23.4
2024-01-11T00:00:00Z,60,60,,78,78,,24.8,25.3,24.4,26.9,27.3,26.5
2024-01-11T06:00:00Z,66,66,,76,76,,26.7,27.3,26,28.9,29.5,28.2
2024-01-11T12:00:00Z,45,45,,90,90,,32.9,33.4,32.4,37.5,38.1,37
2024-01-11T18:00:00Z,39,39,,92,92,,22.3,22.6,21.9,23.8,24,23.6
2024-01-12T00:00:00Z,56,56,,80,80,,24.8,25.3,24.3,26.8,27.1,26.4
2024-01-12T06:00:00Z,61,61,,77,77,,20.4,20.7,20,21.6,21.8,21.3
2024-01-12T12:00:00Z,50,50,,85,85,,30.1,30.6,29.6,32.9,33.3,32.4
2024-01-12T18:00:00Z,44,44,,88,88,,21.9,22.2,21.5,22.9,23.1,22.7
2024-01-13T00:00:00Z,55,55,,81,81,,26,26.6,25.4,27.4,27.9,26.9
2024-01-13T06:00:00Z,66,66,,76,76,,31.1,31.6,30.5,34.5,35,33.9
2024-01-13T12:00:00Z,43,43,,92,92,,29.9,30.5,29.4,32.6,33.1,32.1
2024-01-13T18:00:00Z,37,37,,93,93,,26.7,27.3,26.1,28.4,28.8,28
2024-01-14T00:00:00Z,57,57,,80,80,,35.1,35.8,34.4,39.4,40.1,38.7
2024-01-14T06:00:00Z,67,67,,77,77,,27.4,27.8,27,29.2,29.5,28.9
2024-01-14T12:00:00Z,50,50,,87,87,,42.3,42.8,41.8,50.8,51.3,50.2
2024-01-14T18:00:00Z,44,44,,89,89,,19.7,20,19.4,20.5,20.7,20.4
2024-01-15T00:00:00Z,63,63,,78,78,,30.1,30.4,29.7,32.7,33.2,32.3
2024-01-15T06:00:00Z,64,64,,76,76,,22.6,22.9,22.2,23.6,24,23.2
2024-01-15T12:00:00Z,44,44,,90,90,,34.7,35.2,34.2,39.9,40.6,39.3
2024-01-15T18:00:00Z,43,43,,88,88,,24,24.4,23.5,25.9,26.3,25.6
2024-01-16T00:00:00Z,60,60,,79,79,,28,28.5,27.4,30.6,31,30.1
2024-01-16T06:00:00Z,66,66,,77,77,,23.6,24.1,23,25,25.5,24.5
2024-01-16T12:00:00Z,47,47,,89,89,,33.2,33.7,32.7,37.5,38.1,37
2024-01-16T18:00:00Z,43,43,,90,90,,22.9,23.2,22.6,24.2,24.3,24.1
2024-01-17T00:00:00Z,61,61,,78,78,,26.2,26.6,25.7,27.6,27.8,27.3
2024-01-17T06:00:00Z,65,65,,76,76,,20.3,20.6,20,21.4,21.5,21.4
2024-01-17T12:00:00Z,44,44,,90,90,,32,32.5,31.5,36.8,37.3,36.3
2024-01-17T18:00:00Z,50,50,,85,85,,26.3,26.7,25.9,28.8,29,28.5
2024-01-18T00:00:00Z,63,63,,78,78,,28.1,28.5,27.7,30.6,30.8,30.4
2024-01-18T06:00:00Z,65,65,,77,77,,23.6,23.9,23.3,25.3,25.4,25.3
2024-01-18T12:00:00Z,51,51,,86,86,,31.9,32.3,31.4,35.7,36,35.4
2024-01-18T18:00:00Z,47,47,,87,87,,26.5,26.8,26.3,28.7,28.7,28.7
2024-01-19T00:00:00Z,63,63,,78,78,,35.3,35.7,35,39.7,40,39.3
2024-01-19T06:00:00Z,69,69,,76,76,,34.9,35.5,34.4,39.3,39.8,38.9
2024-01-19T12:00:00Z,50,50,,88,88,,47.7,48.6,46.8,54.6,55.4,53.8
2024-01-19T18:00:00Z,45,45,,90,90,,22.1,22.4,21.8,23.2,23.3,23.1
2024-01-20T00:00:00Z,63,63,,79,79,,36.4,36.7,36.2,42,42.2,41.8
2024-01-20T06:00:00Z,68,68,,77,77,,32.9,33.1,32.7,36.9,36.9,36.8
2024-01-20T12:00:00Z,47,47,,90,90,,35.8,36.1,35.6,41.3,41.4,41.1
2024-01-20T18:00:00Z,43,43,,91,91,,29.5,29.7,29.3,32,32,31.9
2024-01-21T00:00:00Z,62,62,,80,80,,36.2,36.6,35.9,41,41.3,40.8
2024-01-21T06:00:00Z,68,68,,77,77,,30.7,30.9,30.5,34.1,34.2,34
2024-01-21T12:00:00Z,48,48,,91,91,,41.9,42.1,41.6,50.3,50.5,50
2024-01-21T18:00:00Z,43,43,,92,92,,26.8,27,26.6,28.1,28.2,28
2024-01-22T00:00:00Z,65,65,,79,79,,36.9,37.1,36.7,42.7,42.8,42.5
2024-01-22T06:00:00Z,68,68,,77,77,,41,41.2,40.9,49.3,49.4,49.3
2024-01-22T12:00:00Z,47,47,,90,90,,46,46.3,45.8,55.6,55.7,55.4
2024-01-22T18:00:00Z,42,42,,91,91,,27.1,27.4,26.8,29.5,29.7,29.2
2024-01-23T00:00:00Z,56,56,,80,80,,28.2,28.6,27.8,30.6,31,30.3
2024-01-23T06:00:00Z,62,62,,78,78,,21.1,21.4,20.8,22,22.1,21.8
2024-01-23T12:00:00Z,48,48,,90,90,,32.2,32.6,31.9,36.5,36.8,36.2
2024-01-23T18:00:00Z,37,37,,96,96,,24.2,24.4,24,26,26,25.9
2024-01-24T00:00:00Z,61,61,,80,80,,28.1,28.4,27.8,30.4,30.6,30.2
2024-01-24T06:00:00Z,67,67,,77,77,,30.5,30.8,30.2,33.6,33.8,33.3
2024-01-24T12:00:00Z,49,49,,90,90,,45.2,45.6,44.8,54.6,55,54.1
2024-01-24T18:00:00Z,41,41,,93,93,,19.1,19.4,18.9,20.4,20.6,20.2
2024-01-25T00:00:00Z,60,60,,81,81,,18.2,18.3,18,19,19.1,18.9
2024-01-25T06:00:00Z,64,64,,80,80,,17.5,17.7,17.3,18.1,18.2,18
2024-01-25T12:00:00Z,50,50,,88,88,,25.7,26,25.4,27.2,27.4,27.1
2024-01-25T18:00:00Z,37,37,,96,96,,20.3,20.5,20,21.2,21.2,21.2
2024-01-26T00:00:00Z,60,60,,82,82,,22.9,23.1,22.7,23.9,24,23.9
2024-01-26T06:00:00Z,67,67,,79,79,,24.1,24.2,24.1,25.3,25.2,25.4
2024-01-26T12:00:00Z,42,42,,93,93,,23.5,23.9,23.1,25.2,25.5,24.9
2024-01-26T18:00:00Z,36,36,,96,96,,12.2,12.3,12,12.7,12.8,12.7
2024-01-27T00:00:00Z,55,55,,81,81,,24.2,24.5,23.8,25.9,26.2,25.6
2024-01-27T06:00:00Z,65,65,,78,78,,20.8,20.9,20.6,21.5,21.6,21.5
2024-01-27T12:00:00Z,53,53,,86,86,,31.4,31.7,31.1,34.7,34.8,34.5
2024-01-27T18:00:00Z,42,42,,89,89,,15.1,15.3,14.8,15.8,15.9,15.6
2024-01-28T00:00:00Z,53,53,,82,82,,21.3,21.6,20.9,22.8,23,22.5
2024-01-28T06:00:00Z,58,58,,80,80,,27.1,27.5,26.8,29.8,30,29.6
2024-01-28T12:00:00Z,43,43,,93,93,,21.9,22.3,21.5,23.3,23.6,22.9
2024-01-28T18:00:00Z,35,35,,95,95,,13.8,14,13.6,14.3,14.4,14.2
2024-01-29T00:00:00Z,52,52,,83,83,,18.8,19.2,18.4,19.7,19.9,19.5
2024-01-29T06:00:00Z,61,61,,80,80,,14.1,14.3,14,14.8,14.8,14.8
2024-01-29T12:00:00Z,43,43,,94,94,,18.6,19,18.2,19.4,19.6,19.2
2024-01-29T18:00:00Z,34,34,,98,98,,18.6,18.9,18.3,19.9,20,19.7
2024-01-30T00:00:00Z,56,56,,83,83,,23.4,23.8,22.9,24.7,24.9,24.5
2024-01-30T06:00:00Z,66,66,,80,80,,20.7,20.8,20.6,21.9,21.8,22
2024-01-30T12:00:00Z,47,47,,91,91,,28.7,29,28.3,31.9,32.2,31.6
2024-01-30T18:00:00Z,43,43,,91,91,,15.8,16.1,15.4,16.4,16.6,16.3
2024-01-31T00:00:00Z,63,63,,81,81,,20.6,20.8,20.4,21.5,21.5,21.5
2024-01-31T06:00:00Z,62,62,,81,81,,21.2,21.5,20.8,21.9,22.2,21.7
2024-01-31T12:00:00Z,41,41,,94,94,,24.4,24.9,23.9,26,26.4,25.5
2024-01-31T18:00:00Z,39,39,,93,93,,18.9,19.2,18.6,19.8,19.9,19.7
2024-02-01T00:00:00Z,52,52,,83,83,,23.9,24.4,23.4,25.1,25.4,24.8
2024-02-01T06:00:00Z,59,59,,81,81,,27.9,28.3,27.5,30,30.2,29.8
2024-02-01T12:00:00Z,43,43,,94,94,,30.5,31,30,34.4,34.8,33.9
2024-02-01T18:00:00Z,36,36,,97,97,,19.9,20.2,19.7,21,21,21
2024-02-02T00:00:00Z,58,58,,82,82,,26.8,27.1,26.5,28.3,28.4,28.2
2024-02-02T06:00:00Z,65,65,,80,80,,24.2,24.4,24,25.2,25.2,25.1
2024-02-02T12:00:00Z,49,49,,90,90,,37.6,38.1,37.2,43.9,44.4,43.4
2024-02-02T18:00:00Z,40,40,,92,92,,22.1,22.5,21.7,23.1,23.4,22.9
2024-02-03T00:00:00Z,60,60,,81,81,,29.2,29.6,28.8,31.6,32.1,31.1
2024-02-03T06:00:00Z,64,64,,79,79,,27.7,28.1,27.3,30,30.4,29.5
2024-02-03T12:00:00Z,45,45,,92,92,,36.4,37,35.8,42,42.7,41.3
2024-02-03T18:00:00Z,35,35,,97,97,,26.8,27.3,26.3,28.5,28.8,28.2
2024-02-04T00:00:00Z,62,62,,81,81,,31.2,31.7,30.7,34.1,34.7,33.5
2024-02-04T06:00:00Z,65,65,,80,80,,33.5,34,33.1,37.6,38.1,37.1
2024-02-04T12:00:00Z,49,49,,90,90,,40.4,41,39.7,47.5,48.4,46.6
2024-02-04T18:00:00Z,35,35,,98,98,,22.7,23.3,22.2,23.6,24.1,23.1
2024-02-05T00:00:00Z,53,53,,83,83,,25.4,26.1,24.7,26.5,27,25.9
2024-02-05T06:00:00Z,58,58,,81,81,,28.4,29,27.8,30.7,31.3,30.2
2024-02-05T12:00:00Z,40,40,,94,94,,28,28.9,27.1,30.5,31.4,29.6
2024-02-05T18:00:00Z,31,31,,100,100,,19.6,20.2,18.9,20.8,21.4,20.1
2024-02-06T00:00:00Z,45,45,,86,86,,25.2,26,24.3,27.4,28.3,26.5
2024-02-06T06:00:00Z,58,58,,83,83,,23.6,24.4,22.7,25.3,26.1,24.5
2024-02-06T12:00:00Z,38,38,,97,97,,23.4,24.3,22.5,25.6,26.5,24.6
2024-02-06T18:00:00Z,31,31,,100,100,,14.9,15.6,14.2,15.9,16.5,15.2
2024-02-07T00:00:00Z,48,48,,84,84,,22.9,23.7,22.1,24.9,25.7,24.1
2024-02-07T06:00:00Z,57,57,,81,81,,15.5,16,14.9,16.1,16.5,15.7
2024-02-07T12:00:00Z,40,40,,95,95,,22.4,23.3,21.5,23.3,24.1,22.4
2024-02-07T18:00:00Z,31,31,,99,99,,15.2,15.8,14.5,16.1,16.6,15.6
2024-02-08T00:00:00Z,54,54,,83,83,,25.4,26.3,24.4,27.6,28.5,26.7
2024-02-08T06:00:00Z,59,59,,81,81,,20.5,21.2,19.8,21.6,22.2,21
2024-02-08T12:00:00Z,45,45,,93,93,,24.7,25.7,23.7,26.4,27.5,25.3
2024-02-08T18:00:00Z,37,37,,97,97,,12.3,12.8,11.8,12.8,13.2,12.5
2024-02-09T00:00:00Z,53,53,,84,84,,17.4,18.1,16.7,18.2,18.9,17.5
2024-02-09T06:00:00Z,65,65,,82,82,,23.5,24.3,22.7,24.5,25.3,23.7
2024-02-09T12:00:00Z,55,55,,86,86,,29.7,30.7,28.8,32.4,33.5,31.3
2024-02-09T18:00:00Z,42,42,,92,92,,27.2,28.3,26.2,28.8,29.9,27.8
2024-02-10T00:00:00Z,57,57,,83,83,,27.8,28.9,26.6,29.5,30.7,28.3
2024-02-10T06:00:00Z,68,68,,79,79,,33.6,34.4,32.8,38.5,39.2,37.7
2024-02-10T12:00:00Z,48,48,,92,92,,44.5,46.1,42.9,52.4,54,50.8
2024-02-10T18:00:00Z,36,36,,99,99,,24.4,25.3,23.4,26,26.9,25.2
2024-02-11T00:00:00Z,59,59,,82,82,,30.3,31.6,29.1,33.3,34.6,32
2024-02-11T06:00:00Z,67,67,,80,80,,27.5,28.5,26.5,29.3,30.3,28.4
2024-02-11T12:00:00Z,55,55,,87,87,,37.4,38.5,36.2,43.5,45.2,41.9
2024-02-11T18:00:00Z,46,46,,90,90,,24.5,25.6,23.3,25.7,26.9,24.5
2024-02-12T00:00:00Z,57,57,,82,82,,20,21,19.1,20.8,21.7,20
2024-02-12T06:00:00Z,62,62,,80,80,,19.5,20.2,18.8,20.4,21,19.8
2024-02-12T12:00:00Z,45,45,,91,91,,24.6,25.7,23.4,26.2,27.4,24.9
2024-02-12T18:00:00Z,44,44,,91,91,,25.8,26.8,24.8,28.2,29.2,27.3
2024-02-13T00:00:00Z,57,57,,81,81,,27.4,28.4,26.3,30.4,31.6,29.3
2024-02-13T06:00:00Z,63,63,,79,79,,19.6,20.4,18.7,20.2,20.9,19.6
2024-02-13T12:00:00Z,46,46,,91,91,,35.3,36.6,34.1,39.8,41.3,38.2
2024-02-13T18:00:00Z,34,34,,98,98,,19.7,20.6,18.9,20.9,21.7,20.2
2024-02-14T00:00:00Z,54,54,,83,83,,26.3,27.4,25.1,28.1,29.3,26.9
2024-02-14T06:00:00Z,64,64,,79,79,,24.1,25.1,23.1,25.3,26.2,24.3
2024-02-14T12:00:00Z,43,43,,94,94,,32.7,33.9,31.6,37.5,38.9,36.1
2024-02-14T18:00:00Z,35,35,,98,98,,22.5,23.3,21.6,24,24.7,23.3
2024-02-15T00:00:00Z,51,51,,84,84,,34.2,35.1,33.2,38,39,37.1
2024-02-15T06:00:00Z,62,62,,79,79,,23.1,23.9,22.4,24.3,24.9,23.7
2024-02-15T12:00:00Z,47,47,,91,91,,31.3,32.3,30.3,34.5,35.7,33.2
2024-02-15T18:00:00Z,40,40,,92,92,,18.8,19.5,18.1,19.6,20.2,19.1
2024-02-16T00:00:00Z,56,56,,82,82,,22.1,22.9,21.2,22.9,23.7,22.2
2024-02-16T06:00:00Z,62,62,,80,80,,21.3,21.9,20.6,22.2,22.8,21.7
2024-02-16T12:00:00Z,46,46,,92,92,,31.9,32.7,31,35.9,36.8,35
2024-02-16T18:00:00Z,45,45,,90,90,,20.1,20.8,19.4,20.9,21.5,20.3
2024-02-17T00:00:00Z,57,57,,82,82,,25.3,26.1,24.4,26.7,27.5,25.8
2024-02-17T06:00:00Z,61,61,,80,80,,25.6,26.2,25,27.6,28.2,27.1
2024-02-17T12:00:00Z,44,44,,93,93,,37,38.1,35.8,42.4,43.7,41.1
2024-02-17T18:00:00Z,38,38,,96,96,,16.6,17.4,15.9,17.4,18,16.8
2024-02-18T00:00:00Z,60,60,,82,82,,27.6,28.5,26.8,29.2,30,28.5
2024-02-18T06:00:00Z,68,68,,78,78,,28.6,29.4,27.8,31,31.6,30.3
2024-02-18T12:00:00Z,44,44,,93,93,,31.4,32.6,30.3,35.8,37,34.6
2024-02-18T18:00:00Z,34,34,,98,98,,13.1,13.5,12.6,13.6,13.9,13.2
2024-02-19T00:00:00Z,51,51,,84,84,,22.3,23.1,21.4,23.3,24.1,22.6
2024-02-19T06:00:00Z,61,61,,81,81,,24.4,25,23.8,25.9,26.3,25.5
2024-02-19T12:00:00Z,42,42,,94,94,,22,23,21,23.2,24.1,22.3
2024-02-19T18:00:00Z,34,34,,98,98,,16.1,16.7,15.5,17.1,17.6,16.6
2024-02-20T00:00:00Z,52,52,,84,84,,25.6,26.4,24.9,27.8,28.4,27.1
2024-02-20T06:00:00Z,60,60,,81,81,,22.7,23.3,22.1,24,24.5,23.5
2024-02-20T12:00:00Z,41,41,,93,93,,18.1,18.9,17.4,18.8,19.5,18.2
2024-02-20T18:00:00Z,33,33,,98,98,,12.7,13.1,12.3,13.6,13.9,13.3
2024-02-21T00:00:00Z,53,53,,84,84,,25,25.7,24.3,26.9,27.5,26.3
2024-02-21T06:00:00Z,62,62,,80,80,,22.6,23.2,22,23.7,24.3,23.2
2024-02-21T12:00:00Z,41,41,,94,94,,21,21.7,20.3,22.1,22.7,21.5
2024-02-21T18:00:00Z,34,34,,96,96,,8.8,9.1,8.5,9.3,9.5,9.1
2024-02-22T00:00:00Z,50,50,,84,84,,20.4,21.2,19.6,21.4,22,20.9
2024-02-22T06:00:00Z,58,58,,81,81,,19.5,20.2,18.8,20.7,21.3,20.1
2024-02-22T12:00:00Z,39,39,,95,95,,28.8,29.8,27.8,32,33.2,30.8
2024-02-22T18:00:00Z,38,38,,94,94,,14.4,14.9,13.8,15.5,16,15.1
2024-02-23T00:00:00Z,56,56,,83,83,,18.7,19.5,17.9,19.8,20.4,19.1
2024-02-23T06:00:00Z,64,64,,80,80,,18.8,19.6,18,19.9,20.6,19.1
2024-02-23T12:00:00Z,43,43,,95,95,,27.8,28.9,26.6,30.8,32.2,29.4
2024-02-23T18:00:00Z,34,34,,97,97,,9.6,10.1,9.1,10.2,10.5,9.8
2024-02-24T00:00:00Z,54,54,,84,84,,15.1,16,14.3,15.8,16.5,15
2024-02-24T06:00:00Z,61,61,,82,82,,33.2,34.1,32.2,37.7,38.7,36.7
2024-02-24T12:00:00Z,42,42,,95,95,,23.5,24.4,22.5,25.5,26.6,24.5
2024-02-24T18:00:00Z,33,33,,96,96,,13,13.6,12.5,13.8,14.3,13.4
2024-02-25T00:00:00Z,49,49,,85,85,,23.2,24.1,22.4,25.2,26,24.3
2024-02-25T06:00:00Z,60,60,,81,81,,28.2,29.1,27.2,30.6,31.5,29.7
2024-02-25T12:00:00Z,48,48,,90,90,,32,32.7,31.4,37,37.6,36.3
2024-02-25T18:00:00Z,42,42,,92,92,,18.2,18.9,17.6,19.1,19.6,18.7
2024-02-26T00:00:00Z,62,62,,81,81,,20.2,20.6,19.9,21.3,21.5,21.2
2024-02-26T06:00:00Z,68,68,,78,78,,23.5,23.9,23.2,25.9,26,25.7
2024-02-26T12:00:00Z,56,56,,86,86,,50.3,51.3,49.3,61.8,62.8,60.8
2024-02-26T18:00:00Z,43,43,,92,92,,16.7,17.1,16.4,17.8,17.9,17.6
2024-02-27T00:00:00Z,61,61,,81,81,,20.9,21.4,20.5,21.9,22.2,21.7
2024-02-27T06:00:00Z,69,69,,77,77,,25.7,26.1,25.2,28.3,28.5,28
2024-02-27T12:00:00Z,51,51,,89,89,,42.7,43.4,42,51.2,52,50.4
2024-02-27T18:00:00Z,41,41,,93,93,,20.7,21,20.3,22,22.2,21.8
2024-02-28T00:00:00Z,61,61,,80,80,,25.2,25.6,24.8,27.4,27.8,27.1
2024-02-28T06:00:00Z,66,66,,78,78,,21.3,21.7,20.9,22.6,22.7,22.4
2024-02-28T12:00:00Z,50,50,,88,88,,39.2,39.8,38.6,46.1,46.9,45.4
2024-02-28T18:00:00Z,45,45,,90,90,,22.2,22.7,21.7,24.2,24.5,23.9
2024-02-29T00:00:00Z,69,69,,77,77,,25.9,26.4,25.4,28,28.4,27.6
2024-02-29T06:00:00Z,71,71,,77,77,,22.9,23.4,22.4,24.7,25,24.3
2024-02-29T12:00:00Z,55,55,,88,88,,57.2,58.4,55.9,66.9,68,65.8
2024-02-29T18:00:00Z,42,42,,92,92,,27,27.6,26.4,30.2,30.8,29.6
2024-03-01T00:00:00Z,61,61,,80,80,,28.9,29.4,28.4,31.8,32.2,31.3
2024-03-01T06:00:00Z,65,65,,79,79,,25.9,26.4,25.5,27.7,28.1,27.4
2024-03-01T12:00:00Z,53,53,,87,87,,39.9,40.6,39.3,47.2,48,46.4
2024-03-01T18:00:00Z,41,41,,92,92,,19.5,20,18.9,20.3,20.7,19.9
2024-03-02T00:00:00Z,54,54,,82,82,,24.1,24.6,23.7,25.9,26.3,25.6
2024-03-02T06:00:00Z,61,61,,81,81,,34,34.5,33.5,38.4,38.9,37.9
2024-03-02T12:00:00Z,43,43,,92,92,,32.9,33.6,32.1,38.5,39.3,37.7
2024-03-02T18:00:00Z,35,35,,96,96,,12.5,12.9,12.2,13.2,13.3,13
2024-03-03T00:00:00Z,52,52,,83,83,,24.6,25.1,24.1,26.7,27,26.3
2024-03-03T06:00:00Z,60,60,,81,81,,23.5,24,23,24.7,25.1,24.3
2024-03-03T12:00:00Z,38,38,,96,96,,25.7,26.4,24.9,27.8,28.6,27.1
2024-03-03T18:00:00Z,30,30,,99,99,,12.2,12.5,11.9,12.8,12.9,12.6
2024-03-04T00:00:00Z,51,51,,82,82,,19.8,20.2,19.3,20.8,21.1,20.5
2024-03-04T06:00:00Z,61,61,,79,79,,21,21.5,20.5,22.2,22.6,21.8
2024-03-04T12:00:00Z,43,43,,92,92,,32.3,33.2,31.4,36,36.9,35.1
2024-03-04T18:00:00Z,36,36,,94,94,,15,15.4,14.6,15.8,16.1,15.6
2024-03-05T00:00:00Z,52,52,,82,82,,23.2,23.9,22.6,24.7,25.2,24.2
2024-03-05T06:00:00Z,64,64,,79,79,,24.9,25.4,24.4,26.5,26.8,26.2
2024-03-05T12:00:00Z,48,48,,90,90,,37.4,38.1,36.7,43.5,44.3,42.7
2024-03-05T18:00:00Z,34,34,,97,97,,17.9,18.2,17.5,18.6,18.8,18.4
2024-03-06T00:00:00Z,55,55,,82,82,,24.5,25,23.9,26,26.4,25.6
2024-03-06T06:00:00Z,67,67,,78,78,,28.8,29.3,28.3,31.1,31.5,30.7
2024-03-06T12:00:00Z,42,42,,93,93,,34.8,35.6,34,40.2,41,39.4
2024-03-06T18:00:00Z,31,31,,98,98,,12.1,12.4,11.8,12.8,12.9,12.6
2024-03-07T00:00:00Z,56,56,,82,82,,25.7,26.5,24.9,27.2,27.8,26.5
2024-03-07T06:00:00Z,65,65,,78,78,,28.1,28.8,27.4,30,30.6,29.5
2024-03-07T12:00:00Z,41,41,,94,94,,35.8,36.7,35,41.8,42.6,41
2024-03-07T18:00:00Z,27,27,,100,100,,14.8,15.2,14.4,15.6,15.8,15.5
2024-03-08T00:00:00Z,47,47,,84,84,,21.2,21.8,20.5,22.3,22.7,21.9
2024-03-08T06:00:00Z,61,61,,79,79,,23.4,24.1,22.7,25,25.5,24.5
2024-03-08T12:00:00Z,45,45,,91,91,,32.4,33.3,31.5,36.5,37.5,35.6
2024-03-08T18:00:00Z,35,35,,95,95,,19.4,20,18.8,20.6,21,20.2
2024-03-09T00:00:00Z,55,55,,81,81,,30.9,31.7,30,33.9,34.8,33.1
2024-03-09T06:00:00Z,60,60,,79,79,,32.2,33.1,31.4,36.3,37.1,35.4
2024-03-09T12:00:00Z,43,43,,91,91,,26.1,26.8,25.4,28.6,29.3,27.8
2024-03-09T18:00:00Z,37,37,,93,93,,15.2,15.7,14.7,15.9,16.3,15.6
2024-03-10T00:00:00Z,56,56,,80,80,,28.9,29.8,28,31.4,32.3,30.6
2024-03-10T06:00:00Z,62,62,,77,77,,21.9,22.5,21.4,23.1,23.5,22.8
2024-03-10T12:00:00Z,42,42,,92,92,,29.9,30.2,29.5,32.8,33.1,32.5
2024-03-10T18:00:00Z,37,37,,94,94,,18,18.3,17.7,18.7,18.8,18.5
2024-03-11T00:00:00Z,58,58,,79,79,,25,25.2,24.7,26.9,27,26.8
2024-03-11T06:00:00Z,65,65,,76,76,,23.9,24.3,23.5,25.7,25.9,25.4
2024-03-11T12:00:00Z,45,45,,90,90,,30.4,30.6,30.2,34.3,34.3,34.2
2024-03-11T18:00:00Z,37,37,,94,94,,15.6,15.7,15.5,16.5,16.3,16.6
2024-03-12T00:00:00Z,58,58,,80,80,,29.1,30.2,28,31.6,32.7,30.5
2024-03-12T06:00:00Z,64,64,,78,78,,30.4,31.7,29.1,33.6,35,32.1
2024-03-12T12:00:00Z,44,44,,91,91,,35,36.1,33.8,40.4,41.8,39.1
2024-03-12T18:00:00Z,36,36,,94,94,,19.3,20,18.5,20.4,20.9,19.8
2024-03-13T00:00:00Z,54,54,,81,81,,29.4,30.9,27.9,32.2,33.7,30.6
2024-03-13T06:00:00Z,63,63,,76,76,,24.6,25.9,23.3,26.7,28,25.5
2024-03-13T12:00:00Z,38,38,,95,95,,37.4,38.6,36.2,43.6,45.2,42.1
2024-03-13T18:00:00Z,34,34,,96,96,,20.5,21.3,19.7,21.6,22.2,20.9
2024-03-14T00:00:00Z,55,55,,81,81,,27,28.3,25.7,29.2,30.5,28
2024-03-14T06:00:00Z,61,61,,78,78,,21.8,22.9,20.7,23.2,24.2,22.2
2024-03-14T12:00:00Z,49,49,,87,87,,32.9,34.1,31.7,37.1,38.5,35.7
2024-03-14T18:00:00Z,41,41,,91,91,,21.7,22.4,21,23.1,23.6,22.5
2024-03-15T00:00:00Z,58,58,,79,79,,27.3,28.4,26.2,29.5,30.6,28.4
2024-03-15T06:00:00Z,64,64,,76,76,,24.7,25.7,23.7,26.3,27.3,25.3
2024-03-15T12:00:00Z,44,44,,90,90,,33.4,34.4,32.4,38.2,39.2,37.1
2024-03-15T18:00:00Z,38,38,,92,92,,14.5,15,14.1,15.3,15.6,15
2024-03-16T00:00:00Z,60,60,,78,78,,24,25,23,25.3,26.1,24.5
2024-03-16T06:00:00Z,68,68,,75,75,,27.1,28.2,26,29.1,30.4,27.9
2024-03-16T12:00:00Z,48,48,,89,89,,35.6,36.6,34.7,41.2,42.4,40.1
2024-03-16T18:00:00Z,40,40,,92,92,,23,23.7,22.4,24,24.5,23.5
2024-03-17T00:00:00Z,56,56,,80,80,,29.8,30.8,28.8,32.8,34,31.6
2024-03-17T06:00:00Z,62,62,,78,78,,34.1,35.1,33.1,38.7,39.9,37.5
2024-03-17T12:00:00Z,45,45,,91,91,,36.9,37.9,35.9,42.4,43.6,41.2
2024-03-17T18:00:00Z,39,39,,93,93,,20.4,21.1,19.8,21.5,22,20.9
2024-03-18T00:00:00Z,61,61,,80,80,,26.5,27.5,25.5,28.2,29.2,27.1
2024-03-18T06:00:00Z,71,71,,76,76,,31.4,32.7,30.2,34.8,36.6,33.1
2024-03-18T12:00:00Z,44,44,,92,92,,36.9,38.1,35.6,42.5,43.8,41.2
2024-03-18T18:00:00Z,36,36,,96,96,,18.2,18.8,17.6,19.2,19.6,18.7
2024-03-19T00:00:00Z,57,57,,81,81,,27.5,28.5,26.6,29.7,30.6,28.8
2024-03-19T06:00:00Z,62,62,,80,80,,30.4,31.3,29.6,33.2,34.1,32.3
2024-03-19T12:00:00Z,45,45,,91,91,,31.9,32.9,30.9,36.4,37.6,35.2
2024-03-19T18:00:00Z,38,38,,94,94,,18.2,18.9,17.5,19.3,19.9,18.8
2024-03-20T00:00:00Z,57,57,,81,81,,29,30,28,31.6,32.7,30.4
2024-03-20T06:00:00Z,69,69,,77,77,,29.2,30.1,28.3,32.1,33.2,31
2024-03-20T12:00:00Z,51,51,,88,88,,39.5,40.6,38.4,46.9,48.2,45.6
2024-03-20T18:00:00Z,42,42,,93,93,,17.1,17.5,16.6,17.8,18.2,17.5
2024-03-21T00:00:00Z,64,64,,79,79,,36.5,37.5,35.4,41.3,42.8,39.7
2024-03-21T06:00:00Z,66,66,,78,78,,34,35,32.9,38.8,40.4,37.2
2024-03-21T12:00:00Z,47,47,,91,91,,37.2,38.3,36.2,43.4,44.8,42
2024-03-21T18:00:00Z,43,43,,92,92,,25.9,26.7,25.1,27.3,28.1,26.4
2024-03-22T00:00:00Z,62,62,,79,79,,31.9,32.6,31.1,35.1,36.2,34.1
2024-03-22T06:00:00Z,68,68,,77,77,,31.6,32.5,30.8,35.3,36.5,34.2
2024-03-22T12:00:00Z,52,52,,88,88,,41.2,42.2,40.2,49.6,50.9,48.2
2024-03-22T18:00:00Z,40,40,,92,92,,15.9,16.4,15.3,16.5,17,16.1
2024-03-23T00:00:00Z,56,56,,81,81,,22.4,23.2,21.5,23.3,24,22.5
2024-03-23T06:00:00Z,64,64,,79,79,,26.1,26.8,25.4,28.7,29.3,28
2024-03-23T12:00:00Z,48,48,,90,90,,43.8,44.8,42.7,52,53.3,50.8
2024-03-23T18:00:00Z,43,43,,91,91,,21.4,21.9,20.8,22.3,22.7,21.9
2024-03-24T00:00:00Z,58,58,,81,81,,23.5,24.2,22.7,24.7,25.4,24.1
2024-03-24T06:00:00Z,64,64,,78,78,,19.8,20.6,19,20.8,21.4,20.1
2024-03-24T12:00:00Z,48,48,,89,89,,33.3,34.4,32.3,37.7,39.1,36.3
2024-03-24T18:00:00Z,44,44,,89,89,,18.9,19.5,18.3,19.9,20.4,19.4
2024-03-25T00:00:00Z,62,62,,78,78,,15.9,16.4,15.4,16.6,17,16.3
2024-03-25T06:00:00Z,67,67,,76,76,,21.2,22,20.4,22.4,23.3,21.6
2024-03-25T12:00:00Z,46,46,,91,91,,34.2,35.2,33.3,38.8,40,37.6
2024-03-25T18:00:00Z,39,39,,93,93,,21.5,22,21.1,22.6,23,22.2
2024-03-26T00:00:00Z,57,57,,81,81,,24.7,25.5,24,26.2,26.8,25.6
2024-03-26T06:00:00Z,64,64,,78,78,,20.3,20.9,19.7,21.3,21.8,20.8
2024-03-26T12:00:00Z,57,57,,82,82,,32.6,33.2,32,36,36.8,35.3
2024-03-26T18:00:00Z,55,55,,83,83,,28.4,29,27.8,30.4,31.1,29.8
2024-03-27T00:00:00Z,64,64,,79,79,,30.5,31.1,30,32.8,33.4,32.2
2024-03-27T06:00:00Z,64,64,,78,78,,30.1,30.6,29.6,33.2,33.7,32.7
2024-03-27T12:00:00Z,48,48,,89,89,,33.5,34.2,32.9,38.5,39.3,37.8
2024-03-27T18:00:00Z,38,38,,95,95,,19.1,19.6,18.6,20.1,20.5,19.7
2024-03-28T00:00:00Z,59,59,,80,80,,25.9,26.3,25.4,27.3,27.6,26.9
2024-03-28T06:00:00Z,66,66,,77,77,,27.6,27.8,27.4,29.9,30,29.8
2024-03-28T12:00:00Z,44,44,,91,91,,44.1,44.9,43.3,51.7,52.6,50.8
2024-03-28T18:00:00Z,41,41,,92,92,,22.1,22.5,21.8,23,23.3,22.7
2024-03-29T00:00:00Z,65,65,,77,77,,32.7,33.2,32.2,36.6,37.4,35.8
2024-03-29T06:00:00Z,68,68,,77,77,,41.2,41.7,40.7,49.3,50.2,48.5
2024-03-29T12:00:00Z,46,46,,91,91,,40.4,41.2,39.7,47.4,48.4,46.5
2024-03-29T18:00:00Z,34,34,,95,95,,13.6,13.7,13.4,14,14.1,13.9
2024-03-30T00:00:00Z,57,57,,79,79,,26.6,26.9,26.3,28.3,28.6,28
2024-03-30T06:00:00Z,66,66,,76,76,,39.6,39.9,39.3,47.1,47.5,46.6
2024-03-30T12:00:00Z,44,44,,92,92,,37.1,37.9,36.3,43.7,44.6,42.8
2024-03-30T18:00:00Z,36,36,,94,94,,19,19.4,18.6,19.8,20,19.5
2024-03-31T00:00:00Z,55,55,,81,81,,26.2,26.9,25.5,27.8,28.5,27.1
2024-03-31T06:00:00Z,64,64,,77,77,,24.9,25.4,24.5,26.2,26.6,25.8
2024-03-31T12:00:00Z,42,42,,92,92,,36.4,37.1,35.6,41.4,42.3,40.5
2024-03-31T18:00:00Z,37,37,,94,94,,13.5,13.8,13.2,14.1,14.3,13.9
2024-04-01T00:00:00Z,59,59,,79,79,,18.1,18.4,17.8,18.8,19.1,18.6
2024-04-01T06:00:00Z,66,66,,77,77,,19.7,20.1,19.3,20.7,21,20.3
2024-04-01T12:00:00Z,50,50,,87,87,,27.3,27.8,26.8,29.5,30.1,28.9
2024-04-01T18:00:00Z,41,41,,89,89,,17.9,18.1,17.6,19,19.1,18.9
2024-04-02T00:00:00Z,56,56,,78,78,,20.8,21.3,20.4,22.2,22.6,21.7
2024-04-02T06:00:00Z,59,59,,77,77,,14.4,14.7,14.1,14.9,15.2,14.7
2024-04-02T12:00:00Z,44,44,,88,88,,20.2,20.8,19.6,20.9,21.6,20.3
2024-04-02T18:00:00Z,40,40,,88,88,,17,17.4,16.7,18,18.3,17.7
2024-04-03T00:00:00Z,54,54,,79,79,,21.5,21.9,21.1,23,23.3,22.6
2024-04-03T06:00:00Z,58,58,,76,76,,14.1,14.3,13.8,14.6,14.8,14.4
2024-04-03T12:00:00Z,43,43,,89,89,,25,25.5,24.4,26.7,27.3,26.1
2024-04-03T18:00:00Z,37,37,,91,91,,17.2,17.5,16.9,18.2,18.4,18
2024-04-04T00:00:00Z,50,50,,80,80,,23.3,23.7,22.8,25.1,25.5,24.7
2024-04-04T06:00:00Z,60,60,,77,77,,22.8,23.2,22.3,24.4,24.7,24
2024-04-04T12:00:00Z,42,42,,91,91,,27.6,28.2,26.9,29.7,30.4,29
2024-04-04T18:00:00Z,38,38,,92,92,,18.2,18.6,17.8,19,19.3,18.8
2024-04-05T00:00:00Z,57,57,,79,79,,26.2,26.5,26,28.2,28.4,28
2024-04-05T06:00:00Z,65,65,,77,77,,23.3,23.3,23.4,24.7,24.5,24.8
2024-04-05T12:00:00Z,45,45,,91,91,,32.7,33.2,32.1,36.6,37.2,36.1
2024-04-05T18:00:00Z,38,38,,93,93,,18.4,18.8,18.1,19.3,19.5,19.1
2024-04-06T00:00:00Z,61,61,,78,78,,24.3,24.5,24.2,25.5,25.5,25.6
2024-04-06T06:00:00Z,69,69,,75,75,,31.6,31.4,31.9,35.2,34.8,35.6
2024-04-06T12:00:00Z,51,51,,87,87,,45.6,46,45.2,55.7,56.2,55.2
2024-04-06T18:00:00Z,40,40,,92,92,,20.3,20.6,20.1,21.6,21.7,21.4
2024-04-07T00:00:00Z,60,60,,78,78,,26.5,26.5,26.5,28.5,28.4,28.6
2024-04-07T06:00:00Z,67,67,,76,76,,22.7,22.4,23.1,23.9,23.4,24.5
2024-04-07T12:00:00Z,47,47,,89,89,,38.1,38.4,37.8,43.9,44.2,43.6
2024-04-07T18:00:00Z,41,41,,90,90,,16.6,16.7,16.5,17.4,17.4,17.5
2024-04-08T00:00:00Z,63,63,,77,77,,24.3,24.3,24.4,25.8,25.6,26
2024-04-08T06:00:00Z,68,68,,75,75,,25.4,25.2,25.6,27.9,27.5,28.3
2024-04-08T12:00:00Z,46,46,,89,89,,40,40.3,39.6,43.8,44.1,43.5
2024-04-08T18:00:00Z,36,36,,92,92,,15.1,15.3,14.8,15.9,16,15.8
2024-04-09T00:00:00Z,54,54,,80,80,,27.7,27.7,27.6,30,29.8,30.1
2024-04-09T06:00:00Z,64,64,,76,76,,26.6,26.4,26.9,28.7,28.1,29.3
2024-04-09T12:00:00Z,42,42,,91,91,,41,41.6,40.5,47.8,48.3,47.3
2024-04-09T18:00:00Z,37,37,,94,94,,22.2,22,22.3,23.5,23.2,23.9
2024-04-10T00:00:00Z,59,59,,79,79,,24.8,24.1,25.4,26.6,25.6,27.6
2024-04-10T06:00:00Z,66,66,,75,75,,32.7,31.6,33.7,37.8,36.4,39.2
2024-04-10T12:00:00Z,45,45,,89,89,,48.5,47.8,49.2,54.7,53.9,55.5
2024-04-10T18:00:00Z,40,40,,91,91,,17,16.8,17.2,18,17.6,18.3
2024-04-11T00:00:00Z,59,59,,79,79,,32.2,31.4,32.9,36,34.8,37.3
2024-04-11T06:00:00Z,64,64,,77,77,,37.4,36.4,38.5,42.6,41.3,43.9
2024-04-11T12:00:00Z,45,45,,90,90,,55.7,55.1,56.2,64.1,63.7,64.6
2024-04-11T18:00:00Z,37,37,,93,93,,23.2,23,23.4,25.1,24.7,25.5
2024-04-12T00:00:00Z,56,56,,79,79,,38,36.8,39.2,41.7,40.3,43.1
2024-04-12T06:00:00Z,61,61,,78,78,,37.6,36.8,38.4,43.9,42.5,45.3
2024-04-12T12:00:00Z,44,44,,90,90,,40.9,40.9,40.9,48.5,48.4,48.6
2024-04-12T18:00:00Z,36,36,,94,94,,18.2,18,18.3,19.1,18.7,19.4
2024-04-13T00:00:00Z,56,56,,79,79,,28.1,27.6,28.7,30,29,31
2024-04-13T06:00:00Z,66,66,,75,75,,32,31.1,32.9,35.8,34.3,37.2
2024-04-13T12:00:00Z,47,47,,88,88,,41,40.9,41,49.1,49,49.2
2024-04-13T18:00:00Z,37,37,,93,93,,21.1,20.9,21.3,22.5,22.1,22.8
2024-04-14T00:00:00Z,62,62,,76,76,,32,31.4,32.6,35.4,34.6,36.2
2024-04-14T06:00:00Z,67,67,,75,75,,46.6,45.3,47.9,57,55.6,58.4
2024-04-14T12:00:00Z,44,44,,90,90,,30.2,29.8,30.6,35.4,34.8,36
2024-04-14T18:00:00Z,38,38,,91,91,,12.4,12.1,12.7,13,12.6,13.3
2024-04-15T00:00:00Z,63,63,,76,76,,21.6,20.8,22.3,22.5,21.6,23.3
2024-04-15T06:00:00Z,70,70,,73,73,,30.4,29.2,31.7,34.9,33.4,36.5
2024-04-15T12:00:00Z,53,53,,84,84,,41.7,41,42.4,51.2,50.3,52.1
2024-04-15T18:00:00Z,41,41,,89,89,,18.9,18.5,19.3,20.2,19.7,20.8
2024-04-16T00:00:00Z,61,61,,76,76,,23.8,23,24.5,26.1,25.1,27.2
2024-04-16T06:00:00Z,69,69,,72,72,,37.2,35.6,38.7,44.4,42.7,46.1
2024-04-16T12:00:00Z,48,48,,86,86,,48.2,47.5,48.9,56.6,55.9,57.2
2024-04-16T18:00:00Z,41,41,,89,89,,31.7,31.3,32.1,35.3,34.7,36
2024-04-17T00:00:00Z,63,63,,74,74,,34.6,33.6,35.6,39.7,38.1,41.4
2024-04-17T06:00:00Z,70,70,,71,71,,40.4,38.8,41.9,48.7,46.5,50.9
2024-04-17T12:00:00Z,43,43,,90,90,,57.9,56.7,59.1,66.8,65.7,67.9
2024-04-17T18:00:00Z,38,38,,92,92,,29.1,28.6,29.6,32.2,31.3,33.1
2024-04-18T00:00:00Z,67,67,,72,72,,42.1,41.1,43.1,51.1,49.7,52.5
2024-04-18T06:00:00Z,70,70,,71,71,,53,51.2,54.7,64.7,63,66.4
2024-04-18T12:00:00Z,55,55,,81,81,,58.8,56.9,60.6,70,68.8,71.2
2024-04-18T18:00:00Z,46,46,,85,85,,35.1,34.6,35.5,39.9,39.1,40.6
2024-04-19T00:00:00Z,62,62,,74,74,,47.1,45.7,48.4,57.6,55.8,59.4
2024-04-19T06:00:00Z,65,65,,72,72,,49.5,48,51,59,57.1,60.9
2024-04-19T12:00:00Z,43,43,,88,88,,53.2,52.3,54.1,61.7,60.9,62.4
2024-04-19T18:00:00Z,37,37,,90,90,,25,24.6,25.4,26.4,25.8,27
2024-04-20T00:00:00Z,48,48,,81,81,,37.7,36.8,38.6,44,42.7,45.4
2024-04-20T06:00:00Z,56,56,,77,77,,43.8,42.5,45.1,51.9,50.2,53.7
2024-04-20T12:00:00Z,39,39,,91,91,,44.7,44.2,45.3,50.3,49.7,51
2024-04-20T18:00:00Z,35,35,,93,93,,21.3,21.1,21.6,22.9,22.5,23.2
2024-04-21T00:00:00Z,50,50,,80,80,,24.5,23.9,25.1,26.7,25.9,27.4
2024-04-21T06:00:00Z,55,55,,78,78,,24,23,25,25.4,24.1,26.8
2024-04-21T12:00:00Z,43,43,,88,88,,35.2,34.9,35.5,40.9,40.3,41.5
2024-04-21T18:00:00Z,37,37,,92,92,,14.5,14.2,14.7,15,14.7,15.4
2024-04-22T00:00:00Z,53,53,,80,80,,25.5,24.6,26.4,27.5,26.4,28.6
2024-04-22T06:00:00Z,55,55,,78,78,,19.4,18.6,20.2,20.8,19.7,21.9
2024-04-22T12:00:00Z,36,36,,95,95,,36.5,36,37,41.5,40.8,42.3
2024-04-22T18:00:00Z,37,37,,93,93,,17.8,17.5,18.1,18.7,18.2,19.3
2024-04-23T00:00:00Z,59,59,,78,78,,25.9,25,26.7,27.6,26.5,28.7
2024-04-23T06:00:00Z,69,69,,74,74,,33.1,31.6,34.6,38,36.1,39.8
2024-04-23T12:00:00Z,46,46,,89,89,,44.2,43.5,44.9,52.5,51.9,53.1
2024-04-23T18:00:00Z,39,39,,92,92,,22.7,22.1,23.2,23.9,23.1,24.6
2024-04-24T00:00:00Z,61,61,,76,76,,33.9,32.7,35.1,38.7,36.7,40.7
2024-04-24T06:00:00Z,69,69,,73,73,,41.4,40.2,42.7,50.2,48.5,51.9
2024-04-24T12:00:00Z,54,54,,83,83,,49.8,48.6,51,60.6,59.6,61.5
2024-04-24T18:00:00Z,47,47,,85,85,,28.9,27.9,29.9,31.6,30.3,32.9
2024-04-25T00:00:00Z,66,66,,73,73,,32.7,31.5,33.9,36.7,34.9,38.5
2024-04-25T06:00:00Z,67,67,,73,73,,45.2,43.6,46.9,54.7,52.9,56.4
2024-04-25T12:00:00Z,59,59,,78,78,,34.6,33.6,35.5,40.1,38.9,41.4
2024-04-25T18:00:00Z,46,46,,86,86,,29.1,28.3,29.9,32.2,31.1,33.2
2024-04-26T00:00:00Z,63,63,,75,75,,39.4,38.2,40.7,46.9,45.1,48.7
2024-04-26T06:00:00Z,67,67,,73,73,,45.9,44.2,47.6,55.8,53.5,58.1
2024-04-26T12:00:00Z,44,44,,88,88,,61.7,60.2,63.2,69.7,68.5,71
2024-04-26T18:00:00Z,41,41,,89,89,,28.1,27.3,29,30.5,29.3,31.7
2024-04-27T00:00:00Z,59,59,,77,77,,35.5,34.4,36.5,41.3,39.5,43
2024-04-27T12:00:00Z,37,37,,93,93,,50.1,49.4,50.8,57.2,56.5,57.8
2024-04-27T18:00:00Z,37,37,,92,92,,27.1,26.5,27.7,29.2,28.3,30.1
2024-04-28T00:00:00Z,57,57,,77,77,,34.4,33.2,35.5,39.2,37.3,41.2
2024-04-28T06:00:00Z,67,67,,73,73,,30.3,28.8,31.8,33.6,31.5,35.8
2024-04-28T12:00:00Z,44,44,,88,88,,42,41,42.9,49,47.8,50.1
2024-04-28T18:00:00Z,41,41,,88,88,,19.2,18.4,20.1,20.1,19.1,21.2
2024-04-29T00:00:00Z,62,62,,75,75,,32.3,30.9,33.7,35.7,33.6,37.8
2024-04-29T06:00:00Z,68,68,,72,72,,37.3,35.3,39.3,43,41,45.1
2024-04-29T12:00:00Z,46,46,,87,87,,43.5,42.6,44.4,52.3,51.2,53.3
2024-04-29T18:00:00Z,38,38,,91,91,,25.2,24.4,25.9,27.3,26.2,28.5
2024-04-30T00:00:00Z,58,58,,77,77,,33.1,32.3,34,37.7,36.3,39.2
2024-04-30T06:00:00Z,64,64,,75,75,,34.2,32.5,35.9,38.1,36,40.3
2024-04-30T12:00:00Z,44,44,,89,89,,37,36.4,37.7,43.3,42.2,44.4
2024-04-30T18:00:00Z,38,38,,91,91,,23,22.5,23.6,25,24,25.9
2024-05-01T00:00:00Z,59,59,,76,76,,25,24,25.9,26.7,25.5,27.9
2024-05-01T06:00:00Z,66,66,,74,74,,38.1,36.4,39.7,43.8,41.7,46
2024-05-01T12:00:00Z,48,48,,86,86,,42.1,41.4,42.9,51.1,50.1,52.2
2024-05-01T18:00:00Z,43,43,,88,88,,26.1,25.4,26.8,27.7,26.9,28.5
2024-05-02T00:00:00Z,65,65,,74,74,,39.6,38.7,40.6,47.3,46.1,48.6
2024-05-02T06:00:00Z,67,67,,73,73,,45,44.1,46,55.5,54.4,56.6
2024-05-02T12:00:00Z,59,59,,78,78,,39.5,38.8,40.1,47.3,46.4,48.2
2024-05-02T18:00:00Z,48,48,,83,83,,31.5,31,31.9,35.8,35.1,36.4
2024-05-03T00:00:00Z,66,66,,73,73,,49.5,49.3,49.8,61.4,61,61.7
2024-05-03T06:00:00Z,67,67,,72,72,,26.5,26.3,26.7,31.2,30.9,31.4
2024-05-03T12:00:00Z,60,60,,76,76,,37.6,37.4,37.7,44.5,44.4,44.6
2024-05-03T18:00:00Z,48,48,,83,83,,36,36.1,35.9,41.9,42,41.8
2024-05-04T00:00:00Z,66,66,,73,73,,42.6,42.4,42.7,51.7,51.4,52
2024-05-04T06:00:00Z,71,71,,70,70,,41.4,41.3,41.5,51,50.8,51.3
2024-05-04T12:00:00Z,60,60,,77,77,,36.3,36.4,36.2,43.3,43.3,43.3
2024-05-04T18:00:00Z,44,44,,85,85,,20.5,20.5,20.6,22,21.9,22.2
2024-05-05T00:00:00Z,66,66,,72,72,,44.7,44.5,44.9,54.8,54.4,55.2
2024-05-05T06:00:00Z,70,70,,70,70,,64,63.1,65,76.3,75.4,77.3
2024-05-05T12:00:00Z,53,53,,82,82,,58.8,59,58.6,70.5,70.6,70.3
2024-05-05T18:00:00Z,43,43,,86,86,,41,41.3,40.8,49.4,49.6,49.1
2024-05-06T00:00:00Z,66,66,,71,71,,40.6,40.5,40.6,48.4,48.3,48.5
2024-05-06T06:00:00Z,68,68,,70,70,,40.8,40.6,41.1,49.3,49.1,49.6
2024-05-06T12:00:00Z,49,49,,83,83,,56,56.2,55.9,66.5,66.7,66.2
2024-05-06T18:00:00Z,43,43,,86,86,,32.7,32.9,32.6,36.9,37.1,36.8
2024-05-07T00:00:00Z,64,64,,72,72,,28.9,28.8,29,32.1,31.8,32.4
2024-05-07T06:00:00Z,70,70,,69,69,,39.1,38.9,39.3,46.6,46.4,46.9
2024-05-07T12:00:00Z,54,54,,80,80,,53.1,53,53.1,64.2,64.3,64
2024-05-07T18:00:00Z,46,46,,84,84,,25.7,25.8,25.6,27.7,27.8,27.6
2024-05-08T00:00:00Z,66,66,,72,72,,36.2,36.3,36.1,42.2,42.4,42
2024-05-08T06:00:00Z,69,69,,70,70,,49.3,49.1,49.5,61.2,61.2,61.3
2024-05-08T12:00:00Z,51,51,,81,81,,50.1,50.4,49.8,61.2,61.4,60.9
2024-05-08T18:00:00Z,47,47,,82,82,,43,44.3,41.8,52.5,53.8,51.3
2024-05-09T00:00:00Z,69,69,,69,69,,58.2,62.3,54,70.4,73.6,67.2
2024-05-09T06:00:00Z,71,71,,68,68,,72.3,77.3,67.3,82.7,86.9,78.6
2024-05-09T12:00:00Z,57,57,,77,77,,52.4,54.7,50.2,63.2,65.2,61.2
2024-05-09T18:00:00Z,45,45,,83,83,,37.6,38.9,36.3,42.8,44.2,41.4
2024-05-10T00:00:00Z,66,66,,71,71,,49.6,51.9,47.4,60.4,62.9,57.9
2024-05-10T06:00:00Z,68,68,,70,70,,58.6,62.4,54.7,69.4,72.3,66.6
2024-05-10T12:00:00Z,49,49,,82,82,,56.7,59.3,54.1,64.3,66.5,62.2
2024-05-10T18:00:00Z,42,42,,86,86,,28.3,29.6,27.1,30.8,32.1,29.5
2024-05-11T00:00:00Z,60,60,,73,73,,34.9,36.4,33.4,39.8,41.5,38.1
2024-05-11T06:00:00Z,66,66,,70,70,,38,39.7,36.4,45.1,47.1,43.2
2024-05-11T12:00:00Z,47,47,,83,83,,54,56.4,51.5,60.8,62.9,58.6
2024-05-11T18:00:00Z,43,43,,84,84,,28.6,29.7,27.4,30.8,32,29.7
2024-05-12T00:00:00Z,63,63,,71,71,,38.7,40.6,36.8,45.2,47.6,42.8
2024-05-12T06:00:00Z,70,70,,68,68,,57.9,61.3,54.4,68.4,72.3,64.4
2024-05-12T12:00:00Z,59,59,,75,75,,42.1,43.5,40.7,50.6,52.4,48.7
2024-05-12T18:00:00Z,46,46,,81,81,,26.4,27.3,25.4,28,28.9,27
2024-05-13T00:00:00Z,66,66,,69,69,,45,46.9,43,53.9,56.3,51.5
2024-05-13T06:00:00Z,72,72,,67,67,,58.4,62.4,54.3,69,73.1,65
2024-05-13T12:00:00Z,52,52,,80,80,,63.9,67.4,60.5,74.7,77.5,71.8
2024-05-13T18:00:00Z,39,39,,88,88,,44.4,45.8,42.9,53.5,55.1,51.9
2024-05-14T00:00:00Z,61,61,,72,72,,40.5,42.2,38.7,48.2,50.5,46
2024-05-14T06:00:00Z,68,68,,69,69,,38.5,40.9,36.1,44.2,47,41.4
2024-05-14T12:00:00Z,56,56,,77,77,,64,67.1,60.9,72.7,75.5,70
2024-05-14T18:00:00Z,55,55,,76,76,,31.9,32.9,30.8,35.6,36.9,34.4
2024-05-15T00:00:00Z,68,68,,69,69,,35.4,37,33.8,41,43.2,38.7
2024-05-15T06:00:00Z,69,69,,68,68,,45.8,47.8,43.7,54.6,57,52.3
2024-05-15T12:00:00Z,53,53,,80,80,,55.5,58.1,52.9,66,68.2,63.7
2024-05-15T18:00:00Z,43,43,,84,84,,35.7,36.6,34.8,41.1,42.3,40
2024-05-16T00:00:00Z,62,62,,71,71,,46.8,48.5,45.2,56,58,54
2024-05-16T06:00:00Z,69,69,,69,69,,84.2,87.9,80.5,91.2,94.9,87.5
2024-05-16T12:00:00Z,49,49,,82,82,,64.9,66.2,63.5,72.5,74,71.1
2024-05-16T18:00:00Z,42,42,,86,86,,27.8,27.7,27.9,29.4,29.1,29.7
2024-05-17T00:00:00Z,61,61,,72,72,,30.5,30.6,30.4,33.8,33.9,33.7
2024-05-17T06:00:00Z,69,69,,69,69,,47.9,48.1,47.6,58.4,58.6,58.1
2024-05-17T12:00:00Z,50,50,,82,82,,70.4,70.5,70.3,77.7,78,77.5
2024-05-17T18:00:00Z,44,44,,84,84,,31.8,31.7,31.9,35.1,34.9,35.3
2024-05-18T00:00:00Z,68,68,,69,69,,47.2,47.4,46.9,56.7,57.1,56.3
2024-05-18T06:00:00Z,71,71,,68,68,,74,74.2,73.8,85.6,86.3,85
2024-05-18T12:00:00Z,56,56,,78,78,,65.2,65.4,65,75,75.3,74.8
2024-05-18T18:00:00Z,48,48,,81,81,,42.6,42.4,42.8,51.5,51.2,51.9
2024-05-19T00:00:00Z,69,69,,68,68,,47.5,47.7,47.3,58.2,58.6,57.8
2024-05-19T06:00:00Z,71,71,,67,67,,46,46.2,45.8,57.2,57.5,56.8
2024-05-19T12:00:00Z,58,58,,76,76,,59.7,59.6,59.9,69.9,69.8,69.9
2024-05-19T18:00:00Z,50,50,,78,78,,33.8,33.6,34.1,38,37.7,38.3
2024-05-20T00:00:00Z,67,67,,69,69,,51.9,51.9,51.9,63.9,64.1,63.6
2024-05-20T06:00:00Z,72,72,,66,66,,43,43,42.9,51.9,52,51.8
2024-05-20T12:00:00Z,69,69,,68,68,,29.9,30,29.8,33,33.2,32.8
2024-05-20T18:00:00Z,63,63,,70,70,,35.7,35.8,35.6,41.3,41.5,41.1
2024-05-21T00:00:00Z,69,69,,67,67,,38.8,39.1,38.5,45.9,46.5,45.4
2024-05-21T06:00:00Z,74,74,,66,66,,23.8,23.9,23.6,25.3,25.6,25
2024-05-21T12:00:00Z,72,72,,67,67,,20.4,20.6,20.3,21.9,22.2,21.6
2024-05-21T18:00:00Z,64,64,,70,70,,38.3,38.4,38.2,44.9,45.1,44.6
2024-05-22T00:00:00Z,68,68,,67,67,,48.4,48.7,48.1,59.6,60.2,59.1
2024-05-22T06:00:00Z,72,72,,66,66,,47.7,48.3,47.1,59.2,60.2,58.3
2024-05-22T12:00:00Z,70,70,,68,68,,46,46.5,45.4,56.7,57.7,55.8
2024-05-22T18:00:00Z,63,63,,70,70,,55,55.5,54.5,66.3,66.9,65.7
2024-05-23T00:00:00Z,67,67,,67,67,,47.2,47.6,46.7,57.7,58.4,57
2024-05-23T06:00:00Z,70,70,,66,66,,60.7,61.7,59.7,71.7,72.6,70.8
2024-05-23T12:00:00Z,63,63,,72,72,,72.4,73.4,71.4,82.6,83.8,81.5
2024-05-23T18:00:00Z,46,46,,81,81,,53,53.2,52.7,64,64.3,63.7
2024-05-24T00:00:00Z,69,69,,67,67,,69.6,70.2,68.9,79.2,80.1,78.2
2024-05-24T06:00:00Z,73,73,,65,65,,84.9,85.3,84.5,93,93.3,92.7
2024-05-24T12:00:00Z,59,59,,74,74,,102.1,102.2,102.1,111.3,111.5,111.1
2024-05-24T18:00:00Z,45,45,,82,82,,56.1,56.3,55.9,67.4,67.5,67.3
2024-05-25T00:00:00Z,69,69,,67,67,,63.5,64.3,62.6,73.1,74.1,72
2024-05-25T06:00:00Z,72,72,,66,66,,81.5,82.3,80.7,88,89.2,86.9
2024-05-25T12:00:00Z,56,56,,77,77,,81.2,81.5,80.8,89.4,89.7,89.1
2024-05-25T18:00:00Z,46,46,,82,82,,41.3,41.2,41.4,48.9,48.7,49
2024-05-26T00:00:00Z,69,69,,68,68,,62.9,63.3,62.5,72.9,73.6,72.2
2024-05-26T06:00:00Z,70,70,,67,67,,68.2,68.5,68,77.6,78.2,77.1
2024-05-26T12:00:00Z,66,66,,69,69,,46.6,46.6,46.5,57.5,57.7,57.2
2024-05-26T18:00:00Z,55,55,,74,74,,40.3,40.3,40.2,48.3,48.5,48.2
2024-05-27T00:00:00Z,68,68,,67,67,,48.2,48.5,47.9,57.9,58.3,57.4
2024-05-27T06:00:00Z,71,71,,65,65,,64.2,64.7,63.7,73.6,74.7,72.6
2024-05-27T12:00:00Z,53,53,,76,76,,62.9,63.4,62.5,70.4,71.2,69.7
2024-05-27T18:00:00Z,47,47,,79,79,,52.4,52.4,52.5,64.4,64.3,64.5
2024-05-28T00:00:00Z,69,69,,65,65,,54.3,54.8,53.9,68.3,68.8,67.8
2024-05-28T06:00:00Z,70,70,,66,66,,57.9,58.2,57.6,71.2,71.4,71
2024-05-28T12:00:00Z,55,55,,74,74,,46.3,46.5,46.1,56.3,56.5,56.2
2024-05-28T18:00:00Z,49,49,,76,76,,31,30.9,31,34,33.9,34.1
2024-05-29T00:00:00Z,66,66,,67,67,,44.8,45.3,44.3,54.6,55.3,53.9
2024-05-29T06:00:00Z,67,67,,66,66,,57,57.7,56.3,68,68.9,67.2
2024-05-29T12:00:00Z,52,52,,76,76,,67.4,68.4,66.4,75.5,76.3,74.8
2024-05-29T18:00:00Z,47,47,,79,79,,50.7,50.9,50.5,63.2,63.3,63
2024-05-30T00:00:00Z,69,69,,66,66,,60.6,60.6,60.6,72.7,73.3,72.1
2024-05-30T06:00:00Z,72,72,,65,65,,40,39.9,40.2,48.1,48,48.2
2024-05-30T12:00:00Z,65,65,,68,68,,47,47,47.1,56.7,56.9,56.6
2024-05-30T18:00:00Z,62,62,,69,69,,43.8,44.2,43.4,53.2,53.8,52.7
2024-05-31T00:00:00Z,68,68,,66,66,,49.3,50.1,48.6,60.7,61.6,59.9
2024-05-31T06:00:00Z,70,70,,65,65,,53.6,54.3,53,65.2,66.2,64.1
2024-05-31T12:00:00Z,64,64,,68,68,,62.1,63.8,60.4,73.5,74.9,72.2
2024-05-31T18:00:00Z,59,59,,70,70,,53.6,54.8,52.5,65.8,66.7,64.8
2024-06-01T00:00:00Z,68,68,,66,66,,63,64.4,61.5,74.3,75.7,72.8
2024-06-01T06:00:00Z,70,70,,65,65,,56.5,57.5,55.5,66.6,68,65.3
2024-06-01T12:00:00Z,63,63,,69,69,,54.1,55.4,52.9,66.4,67.5,65.3
2024-06-01T18:00:00Z,61,61,,68,68,,46.4,47.3,45.6,57.3,58.5,56.1
2024-06-02T00:00:00Z,68,68,,65,65,,54.4,55.3,53.5,65.3,66.3,64.2
2024-06-02T06:00:00Z,71,71,,63,63,,36.6,37,36.3,42.7,43.2,42.3
2024-06-02T12:00:00Z,63,63,,66,66,,35.2,35.8,34.6,40.6,41.5,39.7
2024-06-02T18:00:00Z,56,56,,69,69,,26.4,26.9,25.9,27.9,28.5,27.4
2024-06-03T00:00:00Z,64,64,,65,65,,38.2,38.7,37.8,44.9,45.5,44.3
2024-06-03T06:00:00Z,64,64,,66,66,,40.1,40.5,39.6,48,48.7,47.4
2024-06-03T12:00:00Z,50,50,,76,76,,58.8,60.2,57.5,69.7,70.9,68.6
2024-06-03T18:00:00Z,43,43,,80,80,,45.4,46.2,44.7,55.4,56.3,54.4
2024-06-04T00:00:00Z,64,64,,66,66,,47.1,48.3,45.9,56.3,57.7,54.9
2024-06-04T06:00:00Z,65,65,,66,66,,58.4,60.2,56.7,69.4,71.3,67.6
2024-06-04T12:00:00Z,62,62,,69,69,,47,48,46.1,58.2,59.4,57
2024-06-04T18:00:00Z,46,46,,78,78,,40.7,41.6,39.8,48.3,49.4,47.1
2024-06-05T00:00:00Z,66,66,,66,66,,43.2,43.9,42.5,52.4,53.2,51.6
2024-06-05T06:00:00Z,70,70,,64,64,,56.2,57.2,55.2,66.7,67.7,65.7
2024-06-05T12:00:00Z,50,50,,77,77,,79.5,81.7,77.3,88,90.3,85.7
2024-06-05T18:00:00Z,47,47,,78,78,,41.4,42.3,40.5,49.5,50.6,48.3
2024-06-06T00:00:00Z,67,67,,67,67,,49.2,50.3,48.2,59.7,61,58.4
2024-06-06T06:00:00Z,69,69,,66,66,,57.3,58.4,56.1,69,70,68.1
2024-06-06T12:00:00Z,54,54,,76,76,,68.6,70.4,66.7,78.6,80.4,76.7
2024-06-06T18:00:00Z,44,44,,82,82,,36.1,36.8,35.4,42,42.9,41.2
2024-06-07T00:00:00Z,68,68,,66,66,,52.2,53.9,50.5,62.3,64.4,60.2
2024-06-07T06:00:00Z,69,69,,66,66,,53.9,55.4,52.4,66.4,68.2,64.6
2024-06-07T12:00:00Z,54,54,,76,76,,50,51.1,48.8,60.7,61.9,59.5
2024-06-07T18:00:00Z,43,43,,82,82,,33.2,34,32.5,37.3,38.4,36.3
2024-06-08T00:00:00Z,67,67,,67,67,,43.6,44.8,42.3,53,54.7,51.2
2024-06-08T06:00:00Z,68,68,,67,67,,50.4,51.9,48.9,62,63.7,60.2
2024-06-08T12:00:00Z,58,58,,74,74,,63.7,66.2,61.3,73.9,75.7,72
2024-06-08T18:00:00Z,47,47,,79,79,,42.1,43.1,41,50.6,51.9,49.4
2024-06-09T00:00:00Z,67,67,,67,67,,45,46,43.9,53.7,55,52.3
2024-06-09T06:00:00Z,73,73,,66,66,,33.4,34.3,32.6,38.2,39.4,37
2024-06-09T12:00:00Z,64,64,,70,70,,47.6,48.7,46.6,58.1,59.4,56.7
2024-06-09T18:00:00Z,52,52,,75,75,,37.6,38.3,36.8,43.6,44.6,42.7
2024-06-10T00:00:00Z,66,66,,67,67,,34.7,35.4,33.9,39.9,40.9,38.8
2024-06-10T06:00:00Z,69,69,,66,66,,45,46,44,55.6,57,54.2
2024-06-10T12:00:00Z,64,64,,69,69,,48.1,49.3,46.9,59.2,60.6,57.8
2024-06-10T18:00:00Z,49,49,,76,76,,38.9,39.8,38,45.9,47.1,44.7
2024-06-11T00:00:00Z,66,66,,65,65,,39.4,40.1,38.7,45.7,46.5,44.9
2024-06-11T06:00:00Z,70,70,,63,63,,57.8,58.5,57.1,67.8,68.5,67.1
2024-06-11T12:00:00Z,53,53,,76,76,,66,68.8,63.3,75.2,77.5,73
2024-06-11T18:00:00Z,45,45,,81,81,,47.4,48.6,46.2,58.6,60.1,57.2
2024-06-12T00:00:00Z,66,66,,68,68,,49.6,51,48.3,61.4,63.1,59.6
2024-06-12T06:00:00Z,69,69,,66,66,,54.1,56.4,51.7,66.2,68.5,63.9
2024-06-12T12:00:00Z,53,53,,77,77,,81.3,84.3,78.2,89.9,93.1,86.8
2024-06-12T18:00:00Z,48,48,,79,79,,48.6,49.8,47.4,60,61.5,58.5
2024-06-13T00:00:00Z,68,68,,67,67,,53,54.6,51.4,65.4,67.1,63.7
2024-06-13T06:00:00Z,68,68,,67,67,,57.5,59.7,55.2,70.5,72.7,68.3
2024-06-13T12:00:00Z,60,60,,72,72,,63.7,66.7,60.7,74.2,76.7,71.7
2024-06-13T18:00:00Z,50,50,,76,76,,40,40.9,39.1,47.8,48.9,46.7
2024-06-14T00:00:00Z,66,66,,67,67,,43.2,43.9,42.6,52.6,53.4,51.8
2024-06-14T06:00:00Z,67,67,,67,67,,53.2,53.9,52.5,62.8,63.8,61.8
2024-06-14T12:00:00Z,50,50,,78,78,,63.9,64.6,63.1,72.6,73.4,71.9
2024-06-14T18:00:00Z,45,45,,80,80,,42.1,42.5,41.7,51.1,51.6,50.6
2024-06-15T00:00:00Z,65,65,,68,68,,53.3,54.1,52.5,65.9,66.8,65
2024-06-15T06:00:00Z,65,65,,67,67,,53.4,54.1,52.7,65.4,66.2,64.7
2024-06-15T12:00:00Z,59,59,,71,71,,53.9,54.6,53.2,66.4,67,65.8
2024-06-15T18:00:00Z,48,48,,78,78,,39.5,39.9,39.1,47.1,47.6,46.5
2024-06-16T00:00:00Z,65,65,,68,68,,47.3,47.8,46.7,58.6,59.4,57.8
2024-06-16T06:00:00Z,69,69,,66,66,,49.6,50.1,49.1,62.2,62.9,61.5
2024-06-16T12:00:00Z,62,62,,70,70,,46.2,46.5,45.9,57,57.5,56.5
2024-06-16T18:00:00Z,49,49,,77,77,,36.8,37.1,36.4,42.9,43.4,42.4
2024-06-17T00:00:00Z,67,67,,67,67,,43.7,44,43.3,53.7,54.1,53.3
2024-06-17T06:00:00Z,69,69,,66,66,,43.5,44,43.1,53.6,54.1,53
2024-06-17T12:00:00Z,52,52,,77,77,,56.9,57.6,56.2,67.5,68.2,66.8
2024-06-17T18:00:00Z,55,55,,73,73,,44.4,45,43.9,54.6,55.2,54
2024-06-18T00:00:00Z,68,68,,66,66,,35.5,35.9,35.1,41,41.6,40.5
2024-06-18T06:00:00Z,69,69,,66,66,,38.8,39.1,38.4,46.7,47.2,46.1
2024-06-18T12:00:00Z,68,68,,67,67,,35,35.3,34.7,40.4,41,39.9
2024-06-18T18:00:00Z,70,70,,66,66,,21.6,21.8,21.3,22.8,23.1,22.4
2024-06-19T00:00:00Z,68,68,,66,66,,42.9,43.3,42.4,51.9,52.5,51.3
2024-06-19T06:00:00Z,70,70,,66,66,,45,45.4,44.6,56.2,56.7,55.7
2024-06-19T12:00:00Z,69,69,,67,67,,34.5,34.8,34.2,40,40.5,39.4
2024-06-19T18:00:00Z,68,68,,67,67,,32.7,32.9,32.5,36.8,37.1,36.5
2024-06-20T00:00:00Z,71,71,,66,66,,62.5,63.1,61.8,72.1,72.7,71.4
2024-06-20T06:00:00Z,74,74,,64,64,,45.9,46.5,45.4,57.3,57.9,56.7
2024-06-20T12:00:00Z,63,63,,70,70,,58.2,58.9,57.5,67.5,68.2,66.7
2024-06-20T18:00:00Z,60,60,,71,71,,63.4,64.4,62.3,74.3,74.8,73.7
2024-06-21T00:00:00Z,67,67,,66,66,,73.5,74.7,72.3,83,83.6,82.3
2024-06-21T06:00:00Z,70,70,,65,65,,78.6,79.7,77.6,88.8,89.5,88.2
2024-06-21T12:00:00Z,61,61,,72,72,,81,82.3,79.7,90,90.9,89.2
2024-06-21T18:00:00Z,55,55,,75,75,,50.2,50.8,49.7,62.1,62.9,61.4
2024-06-22T00:00:00Z,71,71,,65,65,,63.1,64.4,61.9,73.3,74.5,72.1
2024-06-22T06:00:00Z,72,72,,65,65,,78.6,80,77.2,85.9,87.2,84.5
2024-06-22T12:00:00Z,68,68,,68,68,,74.7,75.6,73.7,84.5,85.3,83.6
2024-06-22T18:00:00Z,60,60,,72,72,,51.4,51.7,51.1,62.9,63.3,62.4
2024-06-23T00:00:00Z,68,68,,67,67,,60.1,61,59.1,71.5,72.2,70.9
2024-06-23T06:00:00Z,72,72,,65,65,,46.7,47,46.3,56.9,57.4,56.4
2024-06-23T12:00:00Z,69,69,,66,66,,34.1,34.2,33.9,39.1,39.3,38.9
2024-06-23T18:00:00Z,64,64,,68,68,,35.5,35.7,35.3,40.7,41.1,40.3
2024-06-24T00:00:00Z,68,68,,66,66,,42.1,42.4,41.7,50.8,51.4,50.1
2024-06-24T06:00:00Z,70,70,,65,65,,46.8,47.2,46.4,58.1,58.8,57.3
2024-06-24T12:00:00Z,67,67,,67,67,,49.9,50.3,49.5,62.6,63.2,62.1
2024-06-24T18:00:00Z,64,64,,68,68,,48.7,49,48.4,60.2,60.7,59.6
2024-06-25T00:00:00Z,67,67,,66,66,,48.9,49.4,48.5,60.5,61,59.9
2024-06-25T06:00:00Z,71,71,,64,64,,41.5,41.7,41.2,50.5,51,49.9
2024-06-25T12:00:00Z,65,65,,68,68,,41.6,41.9,41.3,50.7,51.1,50.2
2024-06-25T18:00:00Z,58,58,,71,71,,44.5,44.7,44.3,54.3,54.8,53.8
2024-06-26T00:00:00Z,70,70,,66,66,,55,55.4,54.6,68.5,69,68
2024-06-26T06:00:00Z,73,73,,65,65,,42.8,42.9,42.6,53,53.1,52.9
2024-06-26T12:00:00Z,65,65,,69,69,,57.5,58,56.9,69.2,69.6,68.8
2024-06-26T18:00:00Z,63,63,,70,70,,69.2,69.9,68.5,77.5,78.2,76.8
2024-06-27T00:00:00Z,70,70,,67,67,,82.9,83.6,82.2,92,92.6,91.4
2024-06-27T06:00:00Z,73,73,,65,65,,84.9,85.1,84.7,94.4,94.5,94.2
2024-06-27T12:00:00Z,66,66,,69,69,,79.7,80.3,79.1,90,90.5,89.5
2024-06-27T18:00:00Z,63,63,,70,70,,66.5,67.2,65.7,76.5,77.1,75.9
2024-06-28T00:00:00Z,71,71,,66,66,,61.4,62.7,60.2,72.9,73.8,72
2024-06-28T06:00:00Z,73,73,,64,64,,44.9,45.6,44.2,56.5,57,55.9
2024-06-28T12:00:00Z,67,67,,68,68,,52,52.7,51.2,65.4,66,64.7
2024-06-28T18:00:00Z,63,63,,69,69,,66.1,67.2,65,76.5,77.7,75.4
2024-06-29T00:00:00Z,71,71,,65,65,,54.7,55.6,53.8,67.1,68.1,66.1
2024-06-29T06:00:00Z,73,73,,64,64,,50.6,51.3,49.8,63.1,64,62.2
2024-06-29T12:00:00Z,61,61,,71,71,,64,65.2,62.7,73.8,74.9,72.8
2024-06-29T18:00:00Z,57,57,,71,71,,47.5,48.3,46.7,58.2,59.1,57.3
2024-06-30T00:00:00Z,68,68,,66,66,,74.7,76.4,73.1,84.6,86.7,82.5
2024-06-30T06:00:00Z,69,69,,65,65,,63,64.2,61.7,75.1,76.4,73.8
2024-06-30T12:00:00Z,53,53,,75,75,,63.7,65.3,62.1,74,75.4,72.5
2024-06-30T18:00:00Z,46,46,,79,79,,42.1,42.7,41.4,50.7,51.6,49.9
2024-07-01T00:00:00Z,65,65,,67,67,,57.3,58.7,55.9,69.9,71.6,68.1
2024-07-01T06:00:00Z,71,71,,65,65,,53.6,54.5,52.7,67.5,68.5,66.5
2024-07-01T12:00:00Z,65,65,,68,68,,46,46.7,45.3,56.1,57,55.1
2024-07-01T18:00:00Z,56,56,,71,71,,45,45.6,44.5,54.3,55.1,53.5
2024-07-02T00:00:00Z,67,67,,65,65,,41.2,41.9,40.6,49.2,50.1,48.3
2024-07-02T06:00:00Z,69,69,,64,64,,49.2,50.2,48.3,62.1,63.5,60.7
2024-07-02T12:00:00Z,64,64,,67,67,,45.5,46.1,44.8,56.8,57.7,56
2024-07-02T18:00:00Z,61,61,,68,68,,48,48.9,47.1,58.9,59.8,57.9
2024-07-03T00:00:00Z,71,71,,65,65,,44.1,45,43.2,53.4,54.7,52.2
2024-07-03T06:00:00Z,73,73,,63,63,,40.9,41.8,40,50,51.2,48.8
2024-07-03T12:00:00Z,70,70,,65,65,,35.6,36.2,34.9,41.7,42.7,40.6
2024-07-03T18:00:00Z,66,66,,66,66,,32.4,33.1,31.8,36.4,37.5,35.3
2024-07-04T00:00:00Z,68,68,,66,66,,47.6,48.9,46.3,57.5,59.1,55.8
2024-07-04T06:00:00Z,68,68,,67,67,,56.5,58.3,54.6,67,68.9,65.1
2024-07-04T12:00:00Z,57,57,,74,74,,54.3,55.7,52.8,65.4,66.9,63.8
2024-07-04T18:00:00Z,45,45,,81,81,,43.4,44.4,42.5,51.1,52.3,50
2024-07-05T00:00:00Z,68,68,,67,67,,41.3,42.4,40.2,50.1,51.5,48.8
2024-07-05T06:00:00Z,68,68,,67,67,,41.9,43.1,40.8,51.3,52.9,49.7
2024-07-05T12:00:00Z,50,50,,79,79,,40,41,39,48.1,49.5,46.7
2024-07-05T18:00:00Z,42,42,,83,83,,33,33.9,32.1,38.8,39.9,37.6
2024-07-06T00:00:00Z,65,65,,68,68,,42.9,44,41.7,52,53.6,50.5
2024-07-06T06:00:00Z,66,66,,68,68,,46.7,47.9,45.4,58.1,59.8,56.3
2024-07-06T12:00:00Z,53,53,,77,77,,64.1,66.7,61.5,74.3,76.4,72.1
2024-07-06T18:00:00Z,46,46,,80,80,,41.1,42.1,40.1,49.4,50.8,48
2024-07-07T00:00:00Z,65,65,,68,68,,48.5,50,47,60.2,62.3,58.1
2024-07-07T06:00:00Z,69,69,,67,67,,43.2,44.6,41.8,53.5,55.6,51.5
2024-07-07T12:00:00Z,61,61,,71,71,,37.7,38.8,36.5,44.8,46.4,43.2
2024-07-07T18:00:00Z,50,50,,77,77,,41.8,42.8,40.7,50.1,51.5,48.6
2024-07-08T00:00:00Z,66,66,,68,68,,50.4,52.1,48.7,63.2,65.3,61
2024-07-08T06:00:00Z,70,70,,66,66,,41.9,43.4,40.3,51.3,53.4,49.2
2024-07-08T12:00:00Z,59,59,,72,72,,39.7,41.1,38.2,47.3,49.3,45.2
2024-07-08T18:00:00Z,54,54,,74,74,,37.8,39,36.6,44.4,46.1,42.6
2024-07-09T00:00:00Z,67,67,,67,67,,46.7,48.6,44.9,57.9,60.2,55.6
2024-07-09T06:00:00Z,72,72,,65,65,,32.2,33.7,30.7,36.7,38.6,34.8
2024-07-09T12:00:00Z,63,63,,69,69,,30,31.3,28.8,33.3,35.2,31.5
2024-07-09T18:00:00Z,62,62,,69,69,,36.9,38.4,35.3,42.7,44.7,40.7
2024-07-10T00:00:00Z,71,71,,66,66,,43.2,45.1,41.3,52.1,54.5,49.7
2024-07-10T06:00:00Z,76,76,,63,63,,21.8,22.9,20.7,23.2,24.4,22
2024-07-10T12:00:00Z,62,62,,69,69,,30.5,31.9,29.1,33.7,35.6,31.7
2024-07-10T18:00:00Z,55,55,,72,72,,39.3,40.9,37.6,45.7,47.8,43.5
2024-07-11T00:00:00Z,63,63,,67,67,,53.8,56.7,51,65.3,68.3,62.2
2024-07-11T06:00:00Z,66,66,,66,66,,45.9,48.2,43.6,56.3,59,53.6
2024-07-11T12:00:00Z,67,67,,66,66,,32.7,34.4,31.1,37,39.5,34.4
2024-07-11T18:00:00Z,64,64,,67,67,,32.2,34,30.3,36.9,39.1,34.8
2024-07-12T00:00:00Z,70,70,,65,65,,70.1,74.8,65.4,80,84.8,75.2
2024-07-12T06:00:00Z,72,72,,65,65,,62.2,66.6,57.7,72.2,76.1,68.4
2024-07-12T12:00:00Z,65,65,,68,68,,39.8,41.9,37.7,47.3,50.1,44.6
2024-07-12T18:00:00Z,59,59,,71,71,,54.4,57.7,51.1,65.6,68.5,62.7
2024-07-13T00:00:00Z,67,67,,67,67,,54.9,58.6,51.2,66.6,69.9,63.4
2024-07-13T06:00:00Z,71,71,,65,65,,52.8,56,49.7,65.3,68.5,62.2
2024-07-13T12:00:00Z,66,66,,69,69,,47.3,49.8,44.8,57.9,60.7,55.1
2024-07-13T18:00:00Z,54,54,,75,75,,54.5,57.5,51.4,65.7,68.7,62.7
2024-07-14T00:00:00Z,69,69,,66,66,,59.4,63.5,55.3,71.1,74.7,67.5
2024-07-14T06:00:00Z,73,73,,64,64,,40.2,42.2,38.2,49,51.7,46.3
2024-07-14T12:00:00Z,66,66,,67,67,,46.1,48.3,43.8,56.6,59.5,53.8
2024-07-14T18:00:00Z,66,66,,66,66,,40,41.9,38,47.8,50.6,45
2024-07-15T00:00:00Z,69,69,,64,64,,43.8,46,41.7,53.7,56.8,50.7
2024-07-15T06:00:00Z,72,72,,63,63,,37.3,39.5,35.2,44.3,47.6,41.1
2024-07-15T12:00:00Z,61,61,,68,68,,34.2,36.1,32.3,39.5,42.4,36.7
2024-07-15T18:00:00Z,61,61,,67,67,,33.2,35,31.4,37.7,40.2,35.2
2024-07-16T00:00:00Z,70,70,,64,64,,41.1,43.2,38.9,49.6,52.5,46.7
2024-07-16T06:00:00Z,69,69,,64,64,,43.3,45.7,40.9,53.9,57,50.7
2024-07-16T12:00:00Z,59,59,,68,68,,40.2,42.3,38.2,48.9,51.6,46.2
2024-07-16T18:00:00Z,43,43,,78,78,,39.2,41,37.5,46.9,49.3,44.6
2024-07-17T00:00:00Z,64,64,,64,64,,48.9,51.3,46.5,60.7,63.5,57.8
2024-07-17T06:00:00Z,65,65,,65,65,,51.8,54.6,49,64.6,67.8,61.4
2024-07-17T12:00:00Z,64,64,,66,66,,63,67.1,58.9,72,76.5,67.4
2024-07-17T18:00:00Z,57,57,,69,69,,45.9,47.8,43.9,54.8,57.1,52.6
2024-07-18T00:00:00Z,63,63,,65,65,,45.7,47.4,43.9,55.5,57.8,53.2
2024-07-18T06:00:00Z,64,64,,64,64,,68.3,72.2,64.4,78.7,82.7,74.6
2024-07-18T12:00:00Z,57,57,,70,70,,83.9,89,78.9,92.8,98,87.6
2024-07-18T18:00:00Z,43,43,,79,79,,42.3,44,40.6,50.7,52.8,48.7
2024-07-19T00:00:00Z,63,63,,66,66,,45.1,47.3,42.9,55.3,58.1,52.4
2024-07-19T06:00:00Z,65,65,,65,65,,51.5,54.7,48.3,63.6,67,60.2
2024-07-19T12:00:00Z,53,53,,73,73,,59,63.5,54.5,69.7,72.9,66.6
2024-07-19T18:00:00Z,41,41,,79,79,,33.8,35.3,32.4,38.9,41,36.9
2024-07-20T00:00:00Z,62,62,,65,65,,40.5,42.3,38.6,48.6,51.1,46.1
2024-07-20T06:00:00Z,62,62,,65,65,,51.8,54.4,49.3,65.4,68.4,62.4
2024-07-20T12:00:00Z,52,52,,71,71,,53.3,56.3,50.2,66.5,69.4,63.7
2024-07-20T18:00:00Z,44,44,,76,76,,35.9,37.4,34.3,40.8,42.8,38.8
2024-07-21T00:00:00Z,62,62,,65,65,,45.7,47.7,43.7,56,58.5,53.4
2024-07-21T06:00:00Z,63,63,,65,65,,32.7,34.3,31.1,38.1,40.1,36.2
2024-07-21T12:00:00Z,51,51,,73,73,,42.9,44.6,41.2,52.6,54.9,50.2
2024-07-21T18:00:00Z,46,46,,75,75,,36.7,38.1,35.3,43.4,45.5,41.4
2024-07-22T00:00:00Z,62,62,,66,66,,37.4,39.1,35.6,44.7,47.1,42.3
2024-07-22T06:00:00Z,64,64,,65,65,,35.8,37.3,34.2,42.7,45,40.3
2024-07-22T12:00:00Z,52,52,,73,73,,43.5,45.1,41.9,53.4,55.6,51.2
2024-07-22T18:00:00Z,43,43,,78,78,,28.4,29.7,27.1,31.3,32.7,30
2024-07-23T00:00:00Z,62,62,,67,67,,46.4,48.5,44.2,56.9,59.5,54.3
2024-07-23T06:00:00Z,65,65,,65,65,,45.9,47.8,44,57.3,59.9,54.6
2024-07-23T12:00:00Z,48,48,,77,77,,60.2,64.2,56.1,69,73.1,64.9
2024-07-23T18:00:00Z,44,44,,79,79,,39.7,41.3,38,48,50,46
2024-07-24T00:00:00Z,64,64,,67,67,,47.1,49.3,44.9,59.2,62.2,56.2
2024-07-24T06:00:00Z,66,66,,66,66,,36.6,38.7,34.5,43.8,46.7,40.9
2024-07-24T12:00:00Z,64,64,,67,67,,33.1,35,31.2,37.9,40.6,35.3
2024-07-24T18:00:00Z,58,58,,70,70,,27.6,29.2,26.1,29.8,31.6,27.9
2024-07-25T00:00:00Z,68,68,,66,66,,35.6,37.6,33.6,41.7,44.6,38.9
2024-07-25T06:00:00Z,72,72,,64,64,,22.3,23.8,20.9,25.3,27,23.7
2024-07-25T12:00:00Z,71,71,,64,64,,25.3,27.5,23.2,27,29.4,24.6
2024-07-30T18:00:00Z,53,53,,74,74,,42.1,43.5,40.8,51.6,53.4,49.7
2024-07-31T00:00:00Z,65,65,,66,66,,47.1,48.8,45.3,58.8,60.8,56.8
2024-07-31T06:00:00Z,70,70,,65,65,,45.6,47.5,43.7,58,60.5,55.4
2024-07-31T12:00:00Z,63,63,,70,70,,38.5,40,37,46.1,48,44.1
2024-07-31T18:00:00Z,45,45,,80,80,,37.8,38.8,36.8,44.3,45.5,43
2024-08-01T00:00:00Z,68,68,,66,66,,45.8,47.6,44,53.9,55.9,52
2024-08-01T06:00:00Z,68,68,,66,66,,57.8,60.6,55.1,69.8,72.3,67.3
2024-08-01T12:00:00Z,58,58,,72,72,,67,70.5,63.4,77.9,80.7,75.2
2024-08-01T18:00:00Z,45,45,,79,79,,39.3,40.3,38.3,47.3,48.5,46
2024-08-02T00:00:00Z,66,66,,66,66,,50.9,53.1,48.8,62.7,64.7,60.7
2024-08-02T06:00:00Z,67,67,,66,66,,49.3,51.2,47.5,62.2,64.1,60.2
2024-08-02T12:00:00Z,54,54,,74,74,,46.7,48.2,45.3,58.5,60.4,56.7
2024-08-02T18:00:00Z,43,43,,79,79,,31,31.8,30.2,34.5,35.6,33.4
2024-08-03T00:00:00Z,66,66,,65,65,,42.4,43.8,40.9,51.6,53.5,49.7
2024-08-03T06:00:00Z,66,66,,66,66,,53.9,56,51.8,67.8,69.8,65.9
2024-08-03T12:00:00Z,60,60,,69,69,,46,47.3,44.7,57.7,59.3,56.1
2024-08-03T18:00:00Z,49,49,,75,75,,34.8,35.5,34.1,39.9,40.8,39
2024-08-04T00:00:00Z,64,64,,65,65,,40,40.8,39.2,48.1,49.1,47
2024-08-04T06:00:00Z,63,63,,65,65,,50.6,52.2,49.1,62.4,64.1,60.7
2024-08-04T12:00:00Z,53,53,,73,73,,48.1,49.1,47.1,59.9,61.3,58.5
2024-08-04T18:00:00Z,41,41,,81,81,,33.1,33.8,32.4,37.7,38.6,36.9
2024-08-05T00:00:00Z,64,64,,66,66,,46.5,48,45,57.2,59,55.3
2024-08-05T06:00:00Z,65,65,,66,66,,46.4,47.6,45.2,58.4,60.1,56.7
2024-08-05T12:00:00Z,61,61,,69,69,,45.3,46.2,44.4,56.5,57.7,55.4
2024-08-05T18:00:00Z,55,55,,71,71,,34.4,35,33.9,39.9,40.4,39.4
2024-08-06T00:00:00Z,64,64,,66,66,,42.1,43,41.3,51.6,52.8,50.4
2024-08-06T06:00:00Z,68,68,,65,65,,27.7,28.3,27,31.4,32.1,30.8
2024-08-06T12:00:00Z,61,61,,68,68,,40.7,41.5,39.9,49.4,50.6,48.2
2024-08-06T18:00:00Z,56,56,,71,71,,39.3,39.8,38.8,46.7,47.4,46.1
2024-08-07T00:00:00Z,69,69,,65,65,,40.2,40.9,39.6,48,48.9,47.1
2024-08-07T06:00:00Z,69,69,,64,64,,35.5,36.1,35,42.5,43.4,41.7
2024-08-07T12:00:00Z,67,67,,66,66,,28.6,29,28.2,32.3,33,31.6
2024-08-07T18:00:00Z,61,61,,67,67,,25.9,26.4,25.4,27.9,28.5,27.3
2024-08-08T00:00:00Z,67,67,,65,65,,41,41.9,40.2,48.9,50,47.8
2024-08-08T06:00:00Z,70,70,,63,63,,35.4,36.1,34.8,41.4,42.3,40.5
2024-08-08T12:00:00Z,61,61,,68,68,,31.7,32.1,31.2,35.5,36.1,34.9
2024-08-08T18:00:00Z,59,59,,68,68,,34.1,34.6,33.5,39.4,40.1,38.6
2024-08-09T00:00:00Z,65,65,,65,65,,41.8,42.8,40.9,50.6,51.7,49.5
2024-08-09T06:00:00Z,66,66,,65,65,,51.7,53.1,50.3,65.5,67.3,63.7
2024-08-09T12:00:00Z,65,65,,66,66,,43.1,43.9,42.4,53,54,51.9
2024-08-09T18:00:00Z,51,51,,74,74,,41,41.5,40.6,49.4,50.1,48.8
2024-08-10T00:00:00Z,66,66,,66,66,,48.7,50.9,46.6,60.1,62.4,57.8
2024-08-10T06:00:00Z,70,70,,64,64,,52.1,54.4,49.9,64.9,67.4,62.4
2024-08-10T12:00:00Z,58,58,,72,72,,52.7,54.9,50.4,64.5,67,62
2024-08-10T18:00:00Z,46,46,,78,78,,45.2,46.6,43.8,55.9,57.6,54.2
2024-08-11T00:00:00Z,66,66,,66,66,,56.8,60,53.6,69.4,72.6,66.2
2024-08-11T06:00:00Z,72,72,,63,63,,37.1,38.9,35.4,43.9,46.4,41.5
2024-08-11T12:00:00Z,67,67,,65,65,,47.6,49.3,46,59.6,62,57.3
2024-08-11T18:00:00Z,59,59,,69,69,,44.1,45.2,43,53.4,54.8,51.9
2024-08-12T00:00:00Z,66,66,,65,65,,52,54.3,49.7,63.5,65.9,61
2024-08-12T06:00:00Z,69,69,,64,64,,49.5,51.7,47.4,61.3,63.7,58.8
2024-08-12T12:00:00Z,64,64,,66,66,,39.8,40.9,38.6,47.9,49.4,46.4
2024-08-12T18:00:00Z,55,55,,69,69,,34.6,35.1,34.1,39.8,40.5,39
2024-08-13T00:00:00Z,63,63,,64,64,,36.4,37.6,35.2,42.5,44,41
2024-08-13T06:00:00Z,65,65,,64,64,,46.6,48,45.1,57.3,59.2,55.5
2024-08-13T12:00:00Z,58,58,,68,68,,59.6,61.8,57.4,72.6,74.2,71
2024-08-13T18:00:00Z,43,43,,78,78,,39.4,40.1,38.6,46.5,47.3,45.7
2024-08-14T00:00:00Z,64,64,,64,64,,47.6,49.1,46.1,57.9,59.6,56.2
2024-08-14T06:00:00Z,64,64,,64,64,,65.9,68.9,63,77.3,80.2,74.4
2024-08-14T12:00:00Z,54,54,,72,72,,66.3,68.4,64.3,76.4,78.2,74.6
2024-08-14T18:00:00Z,45,45,,77,77,,42,42.7,41.3,51.1,51.9,50.2
2024-08-15T00:00:00Z,63,63,,65,65,,50.5,52.2,48.8,61.8,63.9,59.7
2024-08-15T06:00:00Z,67,67,,63,63,,51.5,53.5,49.6,65,67.4,62.7
2024-08-15T12:00:00Z,54,54,,72,72,,63.5,66.5,60.4,74.9,77.2,72.6
2024-08-15T18:00:00Z,43,43,,78,78,,31.6,32.7,30.4,35.6,37.2,34
2024-08-16T00:00:00Z,66,66,,64,64,,48.1,50.1,46.2,59.6,61.9,57.3
2024-08-16T06:00:00Z,66,66,,64,64,,51.4,53.3,49.5,64.9,67.2,62.5
2024-08-16T12:00:00Z,60,60,,67,67,,46,47.7,44.4,57.1,59.1,55.2
2024-08-16T18:00:00Z,55,55,,70,70,,36,37.3,34.7,41.9,43.8,40
2024-08-17T00:00:00Z,64,64,,65,65,,38.1,39.6,36.5,45.1,47.1,43.2
2024-08-17T06:00:00Z,64,64,,64,64,,48.9,50.7,47.2,60.9,63.1,58.6
2024-08-17T12:00:00Z,51,51,,73,73,,53.4,56.1,50.8,66.2,68.8,63.6
2024-08-17T18:00:00Z,40,40,,80,80,,35.4,36.9,34,41.3,43.1,39.6
2024-08-18T00:00:00Z,66,66,,64,64,,42.3,42.8,41.8,50.7,51.4,50.1
2024-08-18T06:00:00Z,66,66,,64,64,,50.2,50,50.4,62.4,62.4,62.4
2024-08-18T12:00:00Z,63,63,,66,66,,46.8,46.7,46.9,58,57.9,58
2024-08-18T18:00:00Z,53,53,,72,72,,46.7,47,46.4,55.9,56.3,55.4
2024-08-19T00:00:00Z,64,64,,66,66,,43.7,43.9,43.4,53.4,53.7,53
2024-08-19T06:00:00Z,65,65,,65,65,,54.1,54.2,54,67.1,67.7,66.6
2024-08-19T12:00:00Z,50,50,,75,75,,57.2,57.5,56.9,66.9,67.4,66.5
2024-08-19T18:00:00Z,35,35,,85,85,,37.1,37.5,36.7,43.8,44.3,43.2
2024-08-21T18:00:00Z,69,69,,65,65,,43.2,44.4,42,52.1,53.8,50.5
2024-08-22T00:00:00Z,71,71,,64,64,,35.5,36.3,34.7,41.4,42.3,40.4
2024-08-22T06:00:00Z,72,72,,64,64,,30.7,31.1,30.3,34.4,34.8,33.9
2024-08-22T12:00:00Z,67,67,,67,67,,42.4,42.6,42.2,51.5,52,51
2024-08-22T18:00:00Z,65,65,,67,67,,43.6,43.8,43.3,52.9,53.2,52.5
2024-08-23T00:00:00Z,72,72,,64,64,,36.7,37.2,36.3,43.3,43.8,42.7
2024-08-23T06:00:00Z,74,74,,62,62,,22.5,22.4,22.6,25.1,25,25.2
2024-08-23T12:00:00Z,65,65,,67,67,,24.9,24.7,25.2,26.5,26.2,26.8
2024-08-23T18:00:00Z,60,60,,68,68,,43.4,42.9,44,48.6,48.2,48.9
2024-08-24T00:00:00Z,70,70,,64,64,,37.1,37.1,37.1,43.2,43.1,43.4
2024-08-24T06:00:00Z,73,73,,63,63,,38.1,37.5,38.7,46.3,45.4,47.2
2024-08-24T12:00:00Z,70,70,,66,66,,36,35.5,36.4,42.2,41.6,42.9
2024-08-24T18:00:00Z,57,57,,72,72,,45.2,45.1,45.4,54.5,54.4,54.7
2024-08-25T00:00:00Z,66,66,,67,67,,56.3,56.2,56.3,68.2,68.8,67.6
2024-08-25T06:00:00Z,70,70,,66,66,,60.4,60.1,60.8,72.8,73.2,72.5
2024-08-25T12:00:00Z,53,53,,77,77,,87.8,87,88.7,96.9,96.7,97.1
2024-08-25T18:00:00Z,46,46,,79,79,,36.5,36.2,36.9,42.7,42,43.4
2024-08-26T00:00:00Z,66,66,,66,66,,37.2,37.2,37.3,44,43.5,44.6
2024-08-26T06:00:00Z,71,71,,64,64,,39.3,38.8,39.7,47.7,46.8,48.6
2024-08-26T12:00:00Z,49,49,,80,80,,47.1,47.2,47.1,57.3,57.3,57.3
2024-08-26T18:00:00Z,43,43,,82,82,,32,31.7,32.3,36.2,35.5,36.9
2024-08-27T00:00:00Z,67,67,,66,66,,48.6,49,48.2,59.5,60,59
2024-08-27T06:00:00Z,70,70,,64,64,,55.7,54.7,56.6,67.7,66.8,68.6
2024-08-27T12:00:00Z,66,66,,67,67,,37.9,37.5,38.4,45.2,44.5,45.8
2024-08-27T18:00:00Z,60,60,,68,68,,42.5,42.2,42.7,51.4,51,51.8
2024-08-28T00:00:00Z,66,66,,64,64,,47,46.5,47.6,56.4,55.9,57
2024-08-28T06:00:00Z,68,68,,63,63,,37.7,37.3,38.1,44.6,44,45.3
2024-08-28T12:00:00Z,58,58,,70,70,,45.4,44.8,45.9,55.5,55.1,55.9
2024-08-28T18:00:00Z,46,46,,77,77,,36.9,36.8,37,42.7,42.4,42.9
2024-08-29T00:00:00Z,66,66,,65,65,,41.7,41.8,41.6,50.1,50.1,50
2024-08-29T06:00:00Z,72,72,,63,63,,24.4,24.6,24.2,26.8,26.9,26.6
2024-08-29T12:00:00Z,61,61,,68,68,,34.5,34.6,34.4,39.3,39.4,39.3
2024-08-29T18:00:00Z,55,55,,71,71,,40.3,40.6,40.1,47.8,48,47.5
2024-08-30T00:00:00Z,65,65,,65,65,,49.3,49.6,48.9,59,59.5,58.5
2024-08-30T06:00:00Z,67,67,,64,64,,40.8,40.6,41.1,49.6,49.1,50.1
2024-08-30T12:00:00Z,62,62,,67,67,,42.3,42.3,42.4,51.4,51.3,51.5
2024-08-30T18:00:00Z,58,58,,69,69,,35.2,35.4,35.1,40.6,40.6,40.6
2024-08-31T00:00:00Z,67,67,,65,65,,43.8,44.5,43.1,53.5,54.3,52.8
2024-08-31T06:00:00Z,69,69,,64,64,,37.8,38.1,37.5,45.2,45.1,45.3
2024-08-31T12:00:00Z,67,67,,65,65,,30.3,30.6,29.9,33.3,33.5,33.1
2024-08-31T18:00:00Z,62,62,,67,67,,29,29.1,28.8,31.5,31.5,31.4
2024-09-01T00:00:00Z,66,66,,65,65,,48.8,50.1,47.5,59.9,61.6,58.1
2024-09-01T06:00:00Z,66,66,,65,65,,54,55,53.1,66.5,68,64.9
2024-09-01T12:00:00Z,61,61,,68,68,,46.4,47.3,45.6,57.3,58.3,56.3
2024-09-01T18:00:00Z,44,44,,79,79,,39.6,40.5,38.7,47.4,48.5,46.2
2024-09-02T00:00:00Z,64,64,,66,66,,46.2,47.8,44.5,57.1,59.2,55.1
2024-09-02T06:00:00Z,67,67,,64,64,,41.1,42.2,40,50.2,51.4,49.1
2024-09-02T12:00:00Z,59,59,,70,70,,47.3,48.4,46.1,59.2,60.7,57.6
2024-09-02T18:00:00Z,45,45,,78,78,,39.5,40.5,38.6,46.4,47.5,45.2
2024-09-03T00:00:00Z,65,65,,65,65,,46.2,47.8,44.5,55.8,57.8,53.8
2024-09-03T06:00:00Z,69,69,,64,64,,37.1,38.7,35.6,43.8,45.6,42
2024-09-03T12:00:00Z,60,60,,69,69,,49.7,51.5,48,60.9,63.2,58.6
2024-09-03T18:00:00Z,50,50,,74,74,,45.3,46.6,43.9,55.5,57,53.9
2024-09-04T00:00:00Z,69,69,,64,64,,38.8,40.3,37.2,45.4,47.4,43.5
2024-09-04T06:00:00Z,70,70,,63,63,,33.6,34.7,32.4,38.4,40,36.8
2024-09-04T12:00:00Z,64,64,,66,66,,43.1,44.5,41.7,52.5,54.3,50.7
2024-09-04T18:00:00Z,54,54,,70,70,,32.7,33.6,31.8,37.3,38.4,36.2
2024-09-05T00:00:00Z,64,64,,64,64,,43.6,44.8,42.3,53.1,54.7,51.6
2024-09-05T06:00:00Z,70,70,,63,63,,42.6,43.7,41.5,52.2,53.6,50.8
2024-09-05T12:00:00Z,66,66,,65,65,,28.6,29.7,27.6,31.4,32.7,30.2
2024-09-05T18:00:00Z,57,57,,68,68,,21.8,22.3,21.2,23.1,23.7,22.5
2024-09-06T00:00:00Z,64,64,,65,65,,42.9,44,41.9,52.2,53.6,50.8
2024-09-06T06:00:00Z,67,67,,64,64,,47.3,48.1,46.5,58.7,59.9,57.6
2024-09-06T12:00:00Z,63,63,,68,68,,47.3,48.1,46.4,58.6,59.7,57.4
2024-09-06T18:00:00Z,44,44,,78,78,,28.7,29.1,28.4,31.9,32.3,31.5
2024-09-07T00:00:00Z,66,66,,65,65,,42.6,43.6,41.6,51.6,52.8,50.3
2024-09-07T06:00:00Z,67,67,,65,65,,54.3,56.3,52.3,65.5,68,63.1
2024-09-07T12:00:00Z,62,62,,69,69,,41.9,43,40.7,51.2,52.7,49.7
2024-09-07T18:00:00Z,50,50,,75,75,,34.4,35,33.9,39.4,40.1,38.8
2024-09-08T00:00:00Z,68,68,,64,64,,45.2,46.5,43.9,55.2,56.8,53.6
2024-09-08T06:00:00Z,69,69,,64,64,,95.7,99.9,91.4,105,110.2,99.8
2024-09-08T12:00:00Z,51,51,,76,76,,80.8,83.5,78.1,90.3,93.3,87.3
2024-09-08T18:00:00Z,44,44,,80,80,,39.1,39.6,38.6,46.8,47.3,46.2
2024-09-09T00:00:00Z,67,67,,66,66,,45.1,46.5,43.6,55.2,57,53.3
2024-09-09T06:00:00Z,71,71,,64,64,,44.1,45.6,42.5,54.3,56.3,52.4
2024-09-09T12:00:00Z,62,62,,70,70,,43.1,44.4,41.7,53,54.7,51.3
2024-09-09T18:00:00Z,49,49,,76,76,,36.4,37.2,35.6,42.9,44.1,41.7
2024-09-10T00:00:00Z,66,66,,66,66,,41.6,43,40.1,50.3,52.1,48.5
2024-09-10T06:00:00Z,70,70,,64,64,,47.2,49.2,45.1,58.6,61.3,55.9
2024-09-10T12:00:00Z,55,55,,74,74,,53.1,55,51.2,64.8,67,62.5
2024-09-10T18:00:00Z,45,45,,79,79,,41.2,41.7,40.8,50.2,50.6,49.7
2024-09-11T00:00:00Z,66,66,,66,66,,49.6,50.8,48.3,61.3,62.9,59.6
2024-09-11T06:00:00Z,71,71,,65,65,,33.1,33.9,32.2,38.1,39.1,37.1
2024-09-11T12:00:00Z,53,53,,76,76,,50.7,51.3,50.2,62.6,63.6,61.7
2024-09-11T18:00:00Z,46,46,,79,79,,38.1,38.3,37.8,45.3,45.7,45
2024-09-12T00:00:00Z,67,67,,66,66,,51.3,52.2,50.4,61.8,63.1,60.5
2024-09-12T06:00:00Z,70,70,,65,65,,46.2,47.3,45.2,57.6,58.9,56.2
2024-09-12T12:00:00Z,55,55,,74,74,,37.1,37.8,36.4,43.6,44.5,42.6
2024-09-12T18:00:00Z,44,44,,79,79,,25.5,25.6,25.3,27.4,27.4,27.3
2024-09-13T00:00:00Z,66,66,,66,66,,40.3,41.4,39.2,47.2,48.4,46
2024-09-13T06:00:00Z,68,68,,65,65,,65.6,66.7,64.6,77.8,79.6,76
2024-09-13T12:00:00Z,54,54,,75,75,,53.8,54.7,52.8,65.8,67.1,64.6
2024-09-13T18:00:00Z,45,45,,79,79,,35.6,36.1,35.2,41.8,42.2,41.5
2024-09-14T00:00:00Z,66,66,,66,66,,40.5,41.3,39.6,48.6,49.5,47.7
2024-09-14T06:00:00Z,68,68,,65,65,,49.7,50.5,49,61.8,63,60.6
2024-09-14T12:00:00Z,57,57,,73,73,,47.7,48.5,46.9,59.3,60.4,58.2
2024-09-14T18:00:00Z,47,47,,77,77,,31.6,31.8,31.4,35.9,36,35.8
2024-09-15T00:00:00Z,66,66,,66,66,,44,44.7,43.2,54,55,53.1
2024-09-15T06:00:00Z,72,72,,64,64,,37.9,38.5,37.2,45.5,46.1,44.8
2024-09-15T12:00:00Z,66,66,,67,67,,37.7,38.5,37,44.5,45.4,43.7
2024-09-15T18:00:00Z,57,57,,69,69,,24.2,24.4,23.9,25.7,25.7,25.6
2024-09-16T00:00:00Z,67,67,,65,65,,30.7,30.9,30.4,33.6,33.5,33.7
2024-09-16T06:00:00Z,73,73,,63,63,,21,21.2,20.9,22.4,22.6,22.3
2024-09-16T12:00:00Z,69,69,,67,67,,28.5,29.2,27.8,33,33.8,32.1
2024-09-16T18:00:00Z,60,60,,70,70,,45.7,47.2,44.3,54.9,56.8,53
2024-09-17T00:00:00Z,65,65,,66,66,,47.2,48.3,46,57.1,58.5,55.6
2024-09-17T06:00:00Z,67,67,,65,65,,51.3,52.6,50,61.4,63.1,59.7
2024-09-17T12:00:00Z,63,63,,69,69,,42.1,43,41.2,50.9,52,49.7
2024-09-17T18:00:00Z,57,57,,70,70,,39.1,39.9,38.4,46.3,47.2,45.5
2024-09-18T00:00:00Z,68,68,,64,64,,45.2,45.9,44.4,54.5,55.2,53.7
2024-09-18T06:00:00Z,70,70,,64,64,,51.1,52,50.2,63.7,65,62.3
2024-09-18T12:00:00Z,65,65,,67,67,,43.4,44.4,42.5,52.8,54,51.6
2024-09-18T18:00:00Z,59,59,,69,69,,37.7,38.5,36.9,44,45,43
2024-09-19T00:00:00Z,67,67,,66,66,,42.2,43.3,41.1,50.8,52.1,49.5
2024-09-19T06:00:00Z,68,68,,65,65,,54.7,56.1,53.4,67.4,69.4,65.5
2024-09-19T12:00:00Z,59,59,,71,71,,44.6,45.6,43.5,55,56.2,53.7
2024-09-19T18:00:00Z,44,44,,79,79,,32.6,32.8,32.3,36.9,37.1,36.7
2024-09-20T00:00:00Z,65,65,,66,66,,40.6,41.2,39.9,49.1,49.7,48.4
2024-09-20T06:00:00Z,68,68,,64,64,,43.2,44.2,42.2,53.1,54.5,51.8
2024-09-20T12:00:00Z,58,58,,70,70,,37.9,39,36.8,44.9,46.4,43.4
2024-09-20T18:00:00Z,48,48,,76,76,,23.2,23.5,22.8,24.4,24.8,24
2024-09-21T00:00:00Z,67,67,,65,65,,27.6,27.5,27.6,30.2,30.1,30.2
2024-09-21T06:00:00Z,68,68,,65,65,,40.3,40.6,40.1,48.3,48.6,48
2024-09-21T12:00:00Z,57,57,,72,72,,45.9,46.9,44.9,56.3,57.5,55.2
2024-09-21T18:00:00Z,40,40,,83,83,,36.7,37.4,35.9,43.1,44.1,42.1
2024-09-22T00:00:00Z,64,64,,67,67,,36.3,37.1,35.5,42.1,42.8,41.3
2024-09-22T06:00:00Z,69,69,,66,66,,47,48,46,57.6,58.9,56.3
2024-09-22T12:00:00Z,56,56,,74,74,,45.4,46.8,44,56.5,58.3,54.6
2024-09-22T18:00:00Z,41,41,,82,82,,30.5,31.3,29.6,33.4,34.6,32.3
2024-09-23T00:00:00Z,66,66,,67,67,,31.6,32.5,30.8,35,35.8,34.2
2024-09-23T06:00:00Z,68,68,,66,66,,39.5,40.6,38.3,47.2,48.8,45.7
2024-09-23T12:00:00Z,53,53,,76,76,,40.7,41.9,39.5,48.9,50.5,47.4
2024-09-23T18:00:00Z,42,42,,83,83,,27.4,28.3,26.5,30.3,31.3,29.3
2024-09-24T00:00:00Z,66,66,,67,67,,39.2,40.2,38.1,46.8,48,45.5
2024-09-24T06:00:00Z,68,68,,67,67,,40.6,41.9,39.4,49.6,51.2,48.1
2024-09-24T12:00:00Z,58,58,,74,74,,40.9,41.9,39.9,49.5,50.9,48.2
2024-09-24T18:00:00Z,48,48,,78,78,,32.4,33.4,31.3,35.9,37.2,34.7
2024-09-25T00:00:00Z,66,66,,67,67,,44.6,46.3,43,54.4,56.5,52.2
2024-09-25T06:00:00Z,68,68,,66,66,,40.7,41.8,39.5,49.6,51.1,48.1
2024-09-25T12:00:00Z,64,64,,69,69,,32.8,33.6,31.9,37,38,35.9
2024-09-25T18:00:00Z,57,57,,71,71,,35.6,36.6,34.6,41.1,42.4,39.9
2024-09-26T00:00:00Z,64,64,,67,67,,38,39.1,36.8,44.9,46.2,43.6
2024-09-26T06:00:00Z,69,69,,65,65,,39.1,40.2,37.9,47.3,48.7,46
2024-09-26T12:00:00Z,62,62,,69,69,,32.4,33,31.8,36.7,37.3,36.1
2024-09-26T18:00:00Z,51,51,,74,74,,20.8,21.1,20.5,22.1,22.4,21.9
2024-09-27T00:00:00Z,65,65,,66,66,,21.9,21.5,22.3,24,23.4,24.5
2024-09-27T06:00:00Z,65,65,,66,66,,39.5,39.6,39.5,47.8,47.7,47.8
2024-09-27T12:00:00Z,45,45,,80,80,,41.6,42,41.3,50.4,50.9,49.9
2024-09-27T18:00:00Z,44,44,,80,80,,33.5,33.6,33.4,38.5,38.6,38.4
2024-09-28T00:00:00Z,65,65,,68,68,,41.3,41.6,41,50.2,50.3,50.1
2024-09-28T06:00:00Z,68,68,,66,66,,40.3,40.6,40,49.1,49.3,48.9
2024-09-28T12:00:00Z,56,56,,74,74,,46.2,46.4,46,57.3,57.5,57.1
2024-09-28T18:00:00Z,52,52,,75,75,,38.1,38.4,37.7,45.6,46,45.2
2024-09-29T00:00:00Z,64,64,,68,68,,47.1,47.4,46.9,56.4,56.7,56.1
2024-09-29T06:00:00Z,66,66,,66,66,,42.5,42.9,42.1,50.8,51.1,50.5
2024-09-29T12:00:00Z,46,46,,81,81,,46.8,47,46.6,57.8,58.1,57.5
2024-09-29T18:00:00Z,44,44,,80,80,,33.1,33.1,33.1,37.5,37.5,37.5
2024-09-30T00:00:00Z,65,65,,67,67,,41.9,42.4,41.3,50.9,51.6,50.2
2024-09-30T06:00:00Z,67,67,,67,67,,43.3,43.7,42.9,53.5,53.9,53.1
2024-09-30T12:00:00Z,57,57,,73,73,,36.4,36.7,36.1,43.3,43.6,43
2024-09-30T18:00:00Z,45,45,,79,79,,31.9,32,31.8,35.8,35.8,35.7
2024-10-01T00:00:00Z,64,64,,68,68,,35.7,36.2,35.1,41.3,41.8,40.8
2024-10-01T06:00:00Z,68,68,,67,67,,41.7,42.3,41,50.7,51.4,50.1
2024-10-01T18:00:00Z,51,51,,76,76,,28.4,28.5,28.4,31.1,31,31.2
2024-10-02T00:00:00Z,65,65,,68,68,,39.6,39.5,39.6,47.5,47.4,47.6
2024-10-02T06:00:00Z,68,68,,67,67,,41.8,41.5,42.2,51.2,50.7,51.7
2024-10-02T12:00:00Z,60,60,,72,72,,41.5,41.3,41.7,50.6,50.4,50.8
2024-10-02T18:00:00Z,43,43,,81,81,,29.4,29.1,29.8,32.6,32,33.2
2024-10-03T00:00:00Z,64,64,,67,67,,34,34,34,38.5,38.1,38.8
2024-10-03T06:00:00Z,69,69,,65,65,,34.9,34.7,35.1,40.5,40.1,40.9
2024-10-03T12:00:00Z,47,47,,81,81,,50.8,50.5,51,60.1,60,60.3
2024-10-03T18:00:00Z,41,41,,83,83,,42.4,42.1,42.8,50.2,49.7,50.8
2024-10-04T00:00:00Z,60,60,,71,71,,60.3,59.9,60.7,70.2,69.8,70.5
2024-10-04T06:00:00Z,65,65,,68,68,,44.8,44.2,45.3,53.3,52.5,54.1
2024-10-04T12:00:00Z,48,48,,80,80,,44,43.9,44.2,53.9,53.8,54
2024-10-04T18:00:00Z,42,42,,82,82,,32.2,31.7,32.6,35.8,35,36.7
2024-10-05T00:00:00Z,64,64,,68,68,,32.9,32.6,33.2,37,36.3,37.6
2024-10-05T06:00:00Z,67,67,,67,67,,39.9,39.6,40.2,47.7,47.2,48.1
2024-10-05T12:00:00Z,49,49,,79,79,,53.2,53,53.4,62.8,62.6,62.9
2024-10-05T18:00:00Z,53,53,,74,74,,41,40.8,41.1,49.6,49.3,49.9
2024-10-06T00:00:00Z,65,65,,67,67,,46.9,46.6,47.2,56.4,56.1,56.8
2024-10-06T06:00:00Z,69,69,,65,65,,40.6,40.3,40.9,49.1,48.6,49.7
2024-10-06T12:00:00Z,49,49,,79,79,,54.9,55.1,54.6,66.1,66.5,65.8
2024-10-06T18:00:00Z,46,46,,79,79,,37.7,37.9,37.6,45.2,45.5,45
2024-10-07T00:00:00Z,64,64,,68,68,,42.2,42.6,41.9,51.6,52,51.2
2024-10-07T06:00:00Z,68,68,,67,67,,36.8,36.9,36.8,43.5,43.6,43.4
2024-10-07T12:00:00Z,47,47,,81,81,,44.3,44.5,44.1,54.4,54.7,54.1
2024-10-07T18:00:00Z,43,43,,80,80,,32.1,32.5,31.7,36.2,36.7,35.8
2024-10-08T00:00:00Z,64,64,,67,67,,38.5,38.9,38.1,45.6,46,45.1
2024-10-08T06:00:00Z,65,65,,67,67,,34.3,34.7,33.9,40.5,41,40
2024-10-08T12:00:00Z,48,48,,79,79,,26.3,26.9,25.6,28.8,29.5,28.1
2024-10-08T18:00:00Z,43,43,,82,82,,30,30.8,29.1,33,34,32.1
2024-10-09T00:00:00Z,64,64,,69,69,,39.7,40.7,38.7,47.4,48.7,46
2024-10-09T06:00:00Z,66,66,,68,68,,36.3,37.1,35.5,43.1,44.2,41.9
2024-10-09T12:00:00Z,55,55,,75,75,,36.4,37.2,35.6,42.5,43.6,41.4
2024-10-09T18:00:00Z,42,42,,83,83,,28.2,28.9,27.6,31.3,31.9,30.6
2024-10-10T00:00:00Z,64,64,,69,69,,41.7,42.6,40.7,50.2,51.4,49.1
2024-10-10T06:00:00Z,69,69,,67,67,,39.6,39.7,39.4,48.2,48.5,47.9
2024-10-10T12:00:00Z,56,56,,76,76,,42.8,43.1,42.5,52.4,52.9,51.9
2024-10-10T18:00:00Z,44,44,,81,81,,33.3,33.9,32.6,37.9,38.7,37.2
2024-10-11T00:00:00Z,67,67,,67,67,,44.5,44.9,44.1,54.2,54.8,53.6
2024-10-11T06:00:00Z,69,69,,66,66,,50.9,51.6,50.1,63.6,64.4,62.9
2024-10-11T12:00:00Z,59,59,,72,72,,37.6,38.4,36.9,45.1,46.1,44.2
2024-10-11T18:00:00Z,43,43,,80,80,,16.3,16.5,16.1,17.3,17.4,17.3
2024-10-12T00:00:00Z,67,67,,66,66,,32.4,33.3,31.5,36.8,37.8,35.8
2024-10-12T06:00:00Z,70,70,,65,65,,48.5,49.8,47.2,59.9,61.5,58.3
2024-10-12T12:00:00Z,46,46,,81,81,,62.3,64.9,59.8,71.4,74.4,68.3
2024-10-12T18:00:00Z,41,41,,83,83,,24.8,25.7,23.8,26.6,27.6,25.7
2024-10-13T00:00:00Z,61,61,,68,68,,29.7,31.4,28.1,32.5,34.3,30.8
2024-10-13T06:00:00Z,63,63,,68,68,,38.1,40.5,35.7,41.8,44.3,39.2
2024-10-13T12:00:00Z,45,45,,81,81,,44.4,45.9,42.9,48.9,50.6,47.3
2024-10-13T18:00:00Z,42,42,,82,82,,22.9,23.7,22.1,24,24.7,23.4
2024-10-14T00:00:00Z,59,59,,70,70,,25.3,26.4,24.3,26.9,27.8,26
2024-10-14T06:00:00Z,66,66,,66,66,,26.1,27,25.1,28.4,29.5,27.3
2024-10-14T12:00:00Z,48,48,,79,79,,39.1,40.4,37.8,46.7,48.5,44.8
2024-10-14T18:00:00Z,45,45,,80,80,,27,27.9,26.1,29.6,30.5,28.6
2024-10-15T00:00:00Z,62,62,,69,69,,30.6,31.6,29.7,33.9,34.9,32.9
2024-10-15T06:00:00Z,65,65,,68,68,,30,31,29.1,33.3,34.4,32.3
2024-10-15T12:00:00Z,47,47,,80,80,,37.3,37.9,36.7,44.1,44.9,43.3
2024-10-15T18:00:00Z,43,43,,81,81,,27.5,28,27,29.4,29.9,29
2024-10-16T00:00:00Z,65,65,,68,68,,33,34,32,37.9,39.2,36.5
2024-10-16T06:00:00Z,66,66,,67,67,,33.5,34.5,32.4,38.6,40,37.2
2024-10-16T12:00:00Z,48,48,,80,80,,38.9,39.8,38.1,46.7,47.8,45.6
2024-10-16T18:00:00Z,41,41,,83,83,,34.4,35.1,33.8,39.5,40.4,38.6
2024-10-17T00:00:00Z,63,63,,69,69,,38.9,39.8,37.9,46.4,47.8,45.1
2024-10-17T06:00:00Z,65,65,,68,68,,37.1,37.9,36.3,44.4,45.5,43.4
2024-10-17T12:00:00Z,51,51,,77,77,,41.1,41.4,40.9,50,50.4,49.6
2024-10-17T18:00:00Z,43,43,,81,81,,30.8,31.1,30.6,34.5,34.7,34.3
2024-10-18T00:00:00Z,63,63,,67,67,,31.6,32,31.3,35.1,35.4,34.8
2024-10-18T06:00:00Z,64,64,,68,68,,43.9,44.9,43,52.3,53.2,51.5
2024-10-18T12:00:00Z,45,45,,81,81,,43.5,44,43,53.7,54.4,53
2024-10-18T18:00:00Z,41,41,,82,82,,28.5,28.4,28.5,31.6,31.3,31.8
2024-10-19T00:00:00Z,63,63,,67,67,,28.7,29.1,28.3,31.3,31.5,31
2024-10-19T06:00:00Z,66,66,,67,67,,39.6,39.8,39.4,47.4,47.6,47.3
2024-10-19T12:00:00Z,45,45,,82,82,,38.7,38.9,38.4,46.4,46.6,46.2
2024-10-19T18:00:00Z,42,42,,82,82,,27.8,27.9,27.8,30.9,30.9,30.9
2024-10-20T00:00:00Z,63,63,,68,68,,40.3,40.6,39.9,48.6,49,48.2
2024-10-20T06:00:00Z,63,63,,69,69,,42.4,42.9,41.9,52.2,52.7,51.6
2024-10-20T12:00:00Z,54,54,,75,75,,40.4,40.5,40.2,49,49,49
2024-10-20T18:00:00Z,42,42,,82,82,,22.1,22,22.3,23.6,23.3,24
2024-10-21T00:00:00Z,61,61,,70,70,,24.4,24.6,24.2,26,26.1,25.8
2024-10-21T06:00:00Z,63,63,,69,69,,23.5,23.8,23.1,25,25.3,24.8
2024-10-21T12:00:00Z,49,49,,80,80,,35,35.2,34.8,40.7,41,40.4
2024-10-21T18:00:00Z,40,40,,84,84,,24.9,25.2,24.7,27.1,27.2,26.9
2024-10-22T00:00:00Z,63,63,,69,69,,26.9,27.6,26.1,29.2,29.9,28.5
2024-10-22T06:00:00Z,66,66,,69,69,,24.6,25.5,23.8,26,26.8,25.2
2024-10-22T12:00:00Z,48,48,,81,81,,29.9,30.4,29.4,34,34.6,33.4
2024-10-22T18:00:00Z,39,39,,86,86,,21,21.2,20.8,22.8,22.9,22.7
2024-10-23T00:00:00Z,63,63,,70,70,,27.8,28.6,27,30.2,31,29.4
2024-10-23T06:00:00Z,66,66,,69,69,,29.6,30.8,28.4,33,34.4,31.6
2024-10-23T12:00:00Z,51,51,,80,80,,36.9,37.6,36.2,43.7,44.7,42.7
2024-10-23T18:00:00Z,44,44,,83,83,,21.8,22,21.6,23.3,23.5,23.1
2024-10-24T00:00:00Z,65,65,,70,70,,38.2,39.2,37.2,45.4,46.7,44.1
2024-10-24T06:00:00Z,68,68,,68,68,,38.5,39.5,37.5,46.1,47.4,44.7
2024-10-24T12:00:00Z,51,51,,79,79,,44.7,45.4,43.9,55,56.1,53.9
2024-10-24T18:00:00Z,45,45,,81,81,,29.8,30.3,29.3,33,33.5,32.6
2024-10-25T00:00:00Z,64,64,,69,69,,32.6,33.5,31.7,36.5,37.7,35.2
2024-10-25T06:00:00Z,67,67,,68,68,,29.4,30.3,28.5,32.2,33.4,31
2024-10-25T12:00:00Z,57,57,,73,73,,26.7,27.2,26.3,29.1,29.7,28.5
2024-10-25T18:00:00Z,46,46,,79,79,,15.8,16,15.6,16.7,16.8,16.6
2024-10-26T00:00:00Z,64,64,,69,69,,33.8,34.7,32.8,38.7,40.1,37.4
2024-10-26T06:00:00Z,71,71,,66,66,,31.9,32.8,31,37,38.4,35.7
2024-10-26T12:00:00Z,62,62,,70,70,,25.5,26.3,24.6,27,27.9,26
2024-10-26T18:00:00Z,53,53,,73,73,,18.4,19,17.8,19.5,20,19
2024-10-27T00:00:00Z,63,63,,68,68,,37.7,39,36.4,44.2,46,42.4
2024-10-27T06:00:00Z,63,63,,69,69,,48.7,50.9,46.5,58.9,61.3,56.6
2024-10-27T12:00:00Z,54,54,,75,75,,30.5,31.5,29.4,33.9,35.3,32.5
2024-10-27T18:00:00Z,40,40,,83,83,,24,24.9,23.1,25.3,26.3,24.3
2024-10-28T00:00:00Z,64,64,,68,68,,30.5,31.7,29.3,33.7,35.1,32.4
2024-10-28T06:00:00Z,67,67,,67,67,,36.2,37.4,35,42.3,43.9,40.7
2024-10-28T12:00:00Z,51,51,,77,77,,44.1,45.3,42.8,53.7,55.4,52.1
2024-10-28T18:00:00Z,43,43,,82,82,,28,28.7,27.2,30.3,31.2,29.5
2024-10-29T00:00:00Z,66,66,,67,67,,30.4,31.7,29.1,33.6,35.1,32.1
2024-10-29T06:00:00Z,66,66,,68,68,,38.9,40.4,37.4,46.6,48.7,44.5
2024-10-29T12:00:00Z,45,45,,82,82,,35.9,37.1,34.7,41.7,43.4,40
2024-10-29T18:00:00Z,42,42,,83,83,,30.9,32,29.8,34.1,35.5,32.8
2024-10-30T00:00:00Z,64,64,,69,69,,28.6,29.9,27.4,31.5,32.8,30.1
2024-10-30T06:00:00Z,64,64,,69,69,,32,33.4,30.6,36.7,38.5,34.9
2024-10-30T12:00:00Z,58,58,,73,73,,34.4,35.6,33.2,40.1,41.6,38.5
2024-10-30T18:00:00Z,54,54,,73,73,,33.8,35.1,32.5,38.3,39.9,36.7
2024-10-31T00:00:00Z,61,61,,69,69,,33.7,35,32.3,38.2,39.8,36.6
2024-10-31T06:00:00Z,63,63,,69,69,,37.9,39.5,36.3,45.7,47.9,43.6
2024-10-31T12:00:00Z,50,50,,78,78,,35.5,37,34,41.6,43.7,39.5
2024-10-31T18:00:00Z,39,39,,83,83,,21.6,22.5,20.6,23.2,24.2,22.3
2024-11-01T00:00:00Z,62,62,,69,69,,28.9,30.3,27.6,31.7,33.2,30.2
2024-11-01T06:00:00Z,62,62,,69,69,,35.7,37.2,34.1,42.3,44.4,40.2
2024-11-01T12:00:00Z,44,44,,81,81,,33.6,34.7,32.4,39.6,41.1,38.1
2024-11-01T18:00:00Z,40,40,,83,83,,18.7,19.6,17.9,19.9,20.7,19.1
2024-11-02T00:00:00Z,62,62,,69,69,,25,26.3,23.7,26.6,28,25.2
2024-11-02T06:00:00Z,66,66,,68,68,,26.8,28,25.5,29.6,31.1,28.2
2024-11-02T12:00:00Z,44,44,,84,84,,35.3,36.3,34.4,41.5,42.8,40.2
2024-11-02T18:00:00Z,43,43,,83,83,,22.6,23.2,21.9,23.8,24.4,23.2
2024-11-03T00:00:00Z,59,59,,73,73,,27.2,28.5,26,29.3,30.7,27.9
2024-11-03T06:00:00Z,64,64,,70,70,,24.6,25.9,23.3,26.5,27.9,25.2
2024-11-03T12:00:00Z,52,52,,79,79,,39.1,40.4,37.9,46.8,48.6,44.9
2024-11-03T18:00:00Z,44,44,,83,83,,25.5,26.6,24.4,27.2,28.5,25.9
2024-11-04T00:00:00Z,64,64,,71,71,,34.6,36.3,33,40.2,42.6,37.8
2024-11-04T06:00:00Z,66,66,,70,70,,31.6,33.4,29.9,35.8,38.4,33.3
2024-11-04T12:00:00Z,49,49,,81,81,,32.6,33.9,31.3,37.3,39,35.6
2024-11-04T18:00:00Z,45,45,,81,81,,26.9,27.7,26.2,28.7,29.4,28.1
2024-11-05T00:00:00Z,64,64,,71,71,,29.1,30.4,27.8,32.3,33.9,30.7
2024-11-05T06:00:00Z,67,67,,69,69,,29,30.5,27.5,32.8,34.6,31
2024-11-05T12:00:00Z,52,52,,79,79,,35.8,36.8,34.9,42.1,43.6,40.7
2024-11-05T18:00:00Z,45,45,,82,82,,29.8,30.6,29.1,33.8,34.6,32.9
2024-11-06T00:00:00Z,62,62,,71,71,,31.6,32.4,30.9,36.2,37.1,35.3
2024-11-06T06:00:00Z,66,66,,69,69,,23.3,24,22.6,24.8,25.4,24.1
2024-11-06T12:00:00Z,59,59,,73,73,,24.9,25.6,24.1,27,27.8,26.1
2024-11-06T18:00:00Z,49,49,,78,78,,14.6,14.9,14.3,15.3,15.6,15.1
2024-11-07T00:00:00Z,66,66,,69,69,,48,49.7,46.4,53.9,56,51.8
2024-11-07T06:00:00Z,70,70,,68,68,,23.1,23.8,22.4,24.9,25.6,24.2
2024-11-07T12:00:00Z,63,63,,71,71,,28.7,29.5,27.8,31.6,32.7,30.6
2024-11-07T18:00:00Z,54,54,,73,73,,13.2,13.4,13,14,14,13.9
2024-11-08T00:00:00Z,65,65,,69,69,,23,23.5,22.4,24.4,24.9,23.8
2024-11-08T06:00:00Z,68,68,,68,68,,22.6,23.3,21.9,24.4,25.2,23.5
2024-11-08T12:00:00Z,62,62,,71,71,,30,31.1,29,33.8,35.2,32.4
2024-11-08T18:00:00Z,53,53,,74,74,,28.7,29.6,27.8,32.4,33.4,31.4
2024-11-09T00:00:00Z,61,61,,69,69,,25.4,26.1,24.7,27,27.5,26.4
2024-11-09T06:00:00Z,63,63,,69,69,,26,26.8,25.2,27.9,28.6,27.2
2024-11-09T12:00:00Z,43,43,,82,82,,37.8,38.8,36.7,45,46.4,43.6
2024-11-09T18:00:00Z,39,39,,84,84,,29.2,30,28.3,32.5,33.5,31.6
2024-11-10T00:00:00Z,55,55,,71,71,,19.2,19.8,18.6,20.3,20.7,19.9
2024-11-10T06:00:00Z,64,64,,68,68,,19.8,20.5,19,21.2,21.9,20.5
2024-11-10T12:00:00Z,43,43,,83,83,,32.9,33.9,31.9,37.1,38.6,35.7
2024-11-10T18:00:00Z,42,42,,82,82,,19,19.8,18.2,20,20.8,19.2
2024-11-11T00:00:00Z,56,56,,72,72,,16.4,17.2,15.6,17.2,17.9,16.5
2024-11-11T06:00:00Z,64,64,,69,69,,18.2,19,17.4,19.2,20,18.5
2024-11-11T12:00:00Z,53,53,,77,77,,32.1,33.1,31.1,36.1,37.5,34.8
2024-11-11T18:00:00Z,50,50,,78,78,,31.1,32.1,30.1,34.3,35.6,33
2024-11-12T00:00:00Z,63,63,,71,71,,32.1,33.5,30.7,36.5,38.3,34.7
2024-11-12T06:00:00Z,63,63,,71,71,,34.4,35.9,32.9,40.4,42.6,38.1
2024-11-12T12:00:00Z,51,51,,79,79,,38.1,39.4,36.8,45.7,47.4,44.1
2024-11-12T18:00:00Z,48,48,,79,79,,22.3,23.1,21.4,23.7,24.5,22.9
2024-11-13T00:00:00Z,58,58,,72,72,,21.1,22.1,20.1,22.8,23.7,21.8
2024-11-13T06:00:00Z,60,60,,71,71,,35.3,37,33.5,41.3,43.5,39.2
2024-11-13T12:00:00Z,42,42,,84,84,,40,41.4,38.6,48.1,50.1,46.1
2024-11-13T18:00:00Z,39,39,,85,85,,22.6,23.5,21.6,24.1,25.1,23.2
2024-11-14T00:00:00Z,58,58,,72,72,,25.6,26.8,24.4,27.3,28.5,26.1
2024-11-14T06:00:00Z,64,64,,70,70,,33.9,35.4,32.4,38.6,40.4,36.8
2024-11-14T12:00:00Z,46,46,,82,82,,41.1,42.4,39.8,49.7,51.6,47.7
2024-11-14T18:00:00Z,37,37,,86,86,,13.2,13.7,12.7,13.9,14.3,13.5
2024-11-15T00:00:00Z,59,59,,71,71,,18.3,19.3,17.4,19.2,20.1,18.3
2024-11-15T06:00:00Z,63,63,,70,70,,20.3,21.3,19.4,21.7,22.6,20.7
2024-11-15T12:00:00Z,45,45,,83,83,,31.6,33,30.2,36.2,38.1,34.3
2024-11-15T18:00:00Z,38,38,,85,85,,14.2,14.6,13.9,15.1,15.3,14.8
2024-11-16T00:00:00Z,60,60,,72,72,,23.5,24.4,22.6,24.8,25.6,24
2024-11-16T06:00:00Z,65,65,,71,71,,28.4,29.4,27.4,31.3,32.5,30.1
2024-11-16T12:00:00Z,56,56,,76,76,,27,28,26,29.2,30.3,28.1
2024-11-16T18:00:00Z,39,39,,84,84,,22.6,23.2,22,24.1,24.6,23.5
2024-11-17T00:00:00Z,60,60,,71,71,,26.2,26.8,25.7,28.4,29,27.8
2024-11-17T06:00:00Z,65,65,,71,71,,29.4,29.9,28.9,32.4,33.1,31.6
2024-11-17T12:00:00Z,47,47,,83,83,,31.9,32.5,31.3,36.7,37.7,35.8
2024-11-17T18:00:00Z,42,42,,85,85,,19,19.2,18.9,20,20.1,19.9
2024-11-18T00:00:00Z,63,63,,73,73,,31.1,31.8,30.4,34.8,35.8,33.8
2024-11-18T06:00:00Z,65,65,,72,72,,26.7,27.3,26.1,28.8,29.4,28.2
2024-11-18T12:00:00Z,50,50,,80,80,,26.5,26.9,26,28.6,29.1,28.1
2024-11-18T18:00:00Z,51,51,,79,79,,22.5,22.8,22.2,23.6,23.8,23.4
2024-11-19T00:00:00Z,63,63,,72,72,,25.2,25.9,24.6,26.8,27.5,26.1
2024-11-19T06:00:00Z,63,63,,72,72,,30.3,30.9,29.8,34,34.8,33.2
2024-11-19T12:00:00Z,54,54,,77,77,,24.1,24.6,23.6,25.7,26.2,25.2
2024-11-19T18:00:00Z,52,52,,77,77,,22.8,23.2,22.4,24.7,25.1,24.4
2024-11-20T00:00:00Z,62,62,,72,72,,28.3,29.1,27.6,30.9,31.6,30.1
2024-11-20T06:00:00Z,62,62,,72,72,,39.2,40,38.3,46.3,47.5,45
2024-11-20T12:00:00Z,52,52,,78,78,,34.8,35.5,34.2,41.1,42,40.3
2024-11-20T18:00:00Z,41,41,,84,84,,20.9,21.2,20.6,22.4,22.6,22.2
2024-11-21T00:00:00Z,60,60,,72,72,,26,26.5,25.6,27.6,28,27.2
2024-11-21T06:00:00Z,65,65,,69,69,,28.9,29.4,28.4,31.9,32.4,31.5
2024-11-21T12:00:00Z,46,46,,83,83,,31.4,31.8,31.1,36.1,36.6,35.6
2024-11-21T18:00:00Z,42,42,,84,84,,18.9,19.2,18.7,20.1,20.3,20
2024-11-22T00:00:00Z,60,60,,74,74,,31.8,32.6,31.1,35.6,36.4,34.8
2024-11-22T06:00:00Z,67,67,,72,72,,33.8,34.8,32.7,39.5,41,38
2024-11-22T12:00:00Z,50,50,,83,83,,39.9,40.8,39,48.1,49.4,46.7
2024-11-22T18:00:00Z,42,42,,87,87,,17.7,17.7,17.7,18.6,18.5,18.7
2024-11-23T00:00:00Z,64,64,,73,73,,31.3,31.4,31.3,35.2,35.1,35.3
2024-11-23T06:00:00Z,66,66,,71,71,,28.5,28.4,28.7,31.5,31.2,31.9
2024-11-23T12:00:00Z,49,49,,81,81,,28.5,28.2,28.8,31.4,31,31.9
2024-11-23T18:00:00Z,53,53,,77,77,,28.4,28.1,28.7,30.9,30.4,31.3
2024-11-24T00:00:00Z,61,61,,73,73,,26.8,26.7,26.8,28.8,28.5,29
2024-11-24T06:00:00Z,65,65,,71,71,,21.4,21.1,21.6,22.7,22.4,23.1
2024-11-24T12:00:00Z,57,57,,76,76,,27.6,27.6,27.6,29.9,29.8,30
2024-11-24T18:00:00Z,53,53,,78,78,,23.3,23.3,23.4,24.6,24.5,24.7
2024-11-25T00:00:00Z,62,62,,73,73,,26.9,27.1,26.7,28.5,28.6,28.4
2024-11-25T06:00:00Z,65,65,,72,72,,26,26.2,25.7,28.3,28.4,28.2
2024-11-25T12:00:00Z,52,52,,81,81,,39.6,39.7,39.4,47.8,48,47.7
2024-11-25T18:00:00Z,45,45,,83,83,,33.2,33.1,33.2,37.4,37.1,37.7
2024-11-26T00:00:00Z,61,61,,73,73,,27.1,27,27.2,29.3,28.9,29.6
2024-11-26T06:00:00Z,68,68,,69,69,,30.3,30.1,30.5,34.6,34.1,35.2
2024-11-26T12:00:00Z,55,55,,78,78,,39.8,39.9,39.8,47.9,47.9,47.9
2024-11-26T18:00:00Z,43,43,,85,85,,20.3,20,20.5,21.4,21,21.8
2024-11-27T00:00:00Z,63,63,,72,72,,28.3,28.3,28.3,31,30.9,31.2
2024-11-27T06:00:00Z,66,66,,70,70,,32.2,32.3,32,36.6,36.6,36.6
2024-11-27T12:00:00Z,51,51,,80,80,,36.5,36.7,36.3,43.3,43.4,43.1
2024-11-27T18:00:00Z,40,40,,86,86,,16.9,16.8,17.1,17.8,17.5,18.2
2024-11-28T00:00:00Z,61,61,,73,73,,27.8,29,26.6,30.3,31.6,29
2024-11-28T06:00:00Z,67,67,,70,70,,31.2,32.6,29.9,35.6,37.2,34.1
2024-11-28T12:00:00Z,51,51,,81,81,,38.1,39.2,37,45.8,47.3,44.2
2024-11-28T18:00:00Z,43,43,,84,84,,18.9,19.2,18.5,20,20.2,19.8
2024-11-29T00:00:00Z,60,60,,74,74,,25.6,26.5,24.6,27.7,28.5,26.8
2024-11-29T06:00:00Z,66,66,,72,72,,30.4,31.7,29.2,34.3,35.9,32.8
2024-11-29T12:00:00Z,51,51,,81,81,,37,38.1,36,44.3,45.7,42.9
2024-11-29T18:00:00Z,47,47,,84,84,,18.1,18.5,17.7,19,19.3,18.7
2024-11-30T00:00:00Z,64,64,,73,73,,29.9,31.3,28.5,33,34.4,31.5
2024-11-30T06:00:00Z,67,67,,72,72,,32.5,33.9,31.1,37.2,39,35.4
2024-11-30T12:00:00Z,49,49,,83,83,,39,39.8,38.1,46.9,48,45.8
2024-11-30T18:00:00Z,43,43,,87,87,,19.7,20.2,19.2,20.8,21.2,20.4
2024-12-01T00:00:00Z,64,64,,74,74,,32.6,33.2,32,37.2,38.1,36.4
2024-12-01T06:00:00Z,66,66,,73,73,,33.7,34.4,33,39.3,40.3,38.3
2024-12-01T12:00:00Z,47,47,,85,85,,37.9,38,37.8,45.3,45.4,45.3
2024-12-01T18:00:00Z,46,46,,84,84,,24.3,24.2,24.3,25.7,25.5,25.8
2024-12-02T00:00:00Z,65,65,,72,72,,34.6,35.3,34,40.4,41.3,39.6
2024-12-02T06:00:00Z,68,68,,71,71,,26.2,26.7,25.7,28.9,29.5,28.3
2024-12-02T12:00:00Z,53,53,,81,81,,26.1,26.5,25.7,28.5,29,28.1
2024-12-02T18:00:00Z,43,43,,86,86,,17.4,17.6,17.3,18.3,18.3,18.3
2024-12-03T00:00:00Z,62,62,,74,74,,31.5,32.2,30.8,35.4,36.2,34.6
2024-12-03T06:00:00Z,67,67,,71,71,,40,41,38.9,49.1,50.4,47.8
2024-12-03T12:00:00Z,47,47,,85,85,,43,43.6,42.4,51.9,52.6,51.1
2024-12-03T18:00:00Z,43,43,,86,86,,25.8,25.8,25.8,27.8,27.7,27.9
2024-12-04T00:00:00Z,60,60,,74,74,,29.1,29.8,28.3,31.8,32.5,31.2
2024-12-04T06:00:00Z,67,67,,71,71,,34.6,35.7,33.4,40.4,41.9,39
2024-12-04T12:00:00Z,47,47,,85,85,,48.2,49.2,47.3,57.2,58,56.4
2024-12-04T18:00:00Z,41,41,,87,87,,25.8,25.8,25.7,27.6,27.5,27.7
2024-12-05T00:00:00Z,60,60,,73,73,,27.4,28.1,26.7,29.9,30.5,29.2
2024-12-05T06:00:00Z,70,70,,69,69,,31.4,32.4,30.3,36.1,37.2,34.9
2024-12-05T12:00:00Z,49,49,,82,82,,47.3,48.3,46.4,55.5,56.6,54.5
2024-12-05T18:00:00Z,42,42,,85,85,,23.2,23.2,23.2,25.2,25.1,25.3
2024-12-06T00:00:00Z,63,63,,72,72,,24.3,25,23.6,25.8,26.3,25.2
2024-12-06T06:00:00Z,67,67,,70,70,,36.8,37.9,35.7,44,45.4,42.6
2024-12-06T12:00:00Z,52,52,,79,79,,32.4,33.1,31.6,38,39,36.9
2024-12-06T18:00:00Z,47,47,,82,82,,18.3,18.5,18.1,19.3,19.4,19.2
2024-12-07T00:00:00Z,62,62,,72,72,,34.7,35.8,33.5,39.9,41.1,38.7
2024-12-07T06:00:00Z,66,66,,70,70,,39.6,41.1,38.1,45.8,47.3,44.3
2024-12-07T12:00:00Z,48,48,,82,82,,47.3,48.5,46.1,56.8,58.1,55.6
2024-12-07T18:00:00Z,41,41,,85,85,,25.5,25.7,25.3,27.5,27.6,27.4
2024-12-08T00:00:00Z,57,57,,74,74,,25.6,26.2,25,27.6,28.2,27.1
2024-12-08T06:00:00Z,61,61,,72,72,,21.3,21.9,20.7,22.8,23.2,22.3
2024-12-08T12:00:00Z,53,53,,79,79,,38.1,38.7,37.4,44.9,45.7,44.1
2024-12-08T18:00:00Z,41,41,,85,85,,21.5,21.7,21.3,22.8,22.9,22.6
2024-12-09T00:00:00Z,57,57,,74,74,,19.3,19.8,18.8,20.4,20.8,20.1
2024-12-09T06:00:00Z,62,62,,71,71,,22.9,23.6,22.2,24.5,24.9,24
2024-12-09T12:00:00Z,44,44,,85,85,,29.6,29.8,29.5,32.8,32.8,32.8
2024-12-09T18:00:00Z,46,46,,82,82,,20.9,20.8,21.1,22,21.6,22.4
2024-12-10T00:00:00Z,62,62,,72,72,,26.9,27.3,26.6,29,29.1,29
2024-12-10T06:00:00Z,66,66,,70,70,,32.4,33.1,31.7,37.5,38.2,36.7
2024-12-10T12:00:00Z,46,46,,84,84,,37.3,37.8,36.9,42.2,42.6,41.9
2024-12-10T18:00:00Z,42,42,,85,85,,18,17.8,18.2,18.9,18.5,19.3
2024-12-11T00:00:00Z,60,60,,73,73,,20.9,21.3,20.6,22.4,22.6,22.2
2024-12-11T06:00:00Z,65,65,,70,70,,19.6,19.7,19.5,20.8,20.7,20.8
2024-12-11T12:00:00Z,46,46,,83,83,,29.5,29.5,29.4,32.8,32.7,32.8
2024-12-11T18:00:00Z,43,43,,83,83,,21,21.1,20.9,22.7,22.6,22.8
2024-12-12T00:00:00Z,57,57,,73,73,,23.5,23.6,23.3,25.7,25.7,25.7
2024-12-12T06:00:00Z,62,62,,71,71,,24.1,24.1,24,25.8,25.7,26
2024-12-12T12:00:00Z,45,45,,84,84,,44.3,44.5,44.1,50.4,50.4,50.3
2024-12-12T18:00:00Z,38,38,,87,87,,20.9,20.6,21.2,22,21.5,22.5
2024-12-13T00:00:00Z,56,56,,74,74,,18.3,18.4,18.1,19.2,19.1,19.2
2024-12-13T06:00:00Z,64,64,,71,71,,23.9,24,23.8,26.1,26,26.2
2024-12-13T12:00:00Z,45,45,,85,85,,35.4,35.2,35.5,41,40.7,41.3
2024-12-13T18:00:00Z,41,41,,85,85,,20.9,20.5,21.2,21.9,21.3,22.5
2024-12-14T00:00:00Z,57,57,,75,75,,27.4,27.4,27.3,29.5,29.3,29.7
2024-12-14T06:00:00Z,64,64,,71,71,,26.2,26.3,26.2,28.7,28.6,28.8
2024-12-14T12:00:00Z,46,46,,84,84,,41.5,41.5,41.5,49.2,49,49.5
2024-12-14T18:00:00Z,44,44,,84,84,,29.3,29.1,29.4,31.9,31.4,32.3
2024-12-15T00:00:00Z,59,59,,74,74,,27.3,27.6,27,29.4,29.4,29.3
2024-12-17T18:00:00Z,49,49,,80,80,,19.9,19.2,20.7,21.1,20.1,22.1
2024-12-18T00:00:00Z,60,60,,74,74,,24.4,23.8,25,26.2,25.4,27
2024-12-18T06:00:00Z,64,64,,72,72,,19.4,18.8,20,20.6,19.8,21.3
2024-12-18T12:00:00Z,50,50,,82,82,,26.8,26.3,27.3,29.1,28.3,29.9
2024-12-18T18:00:00Z,46,46,,84,84,,24.4,23.8,25.1,26.3,25.4,27.2
2024-12-19T00:00:00Z,63,63,,73,73,,31.4,30.9,31.8,34.9,34.1,35.6
2024-12-19T06:00:00Z,64,64,,73,73,,24.7,24.1,25.4,26.5,25.7,27.4
2024-12-19T12:00:00Z,54,54,,79,79,,34.6,34,35.3,40.1,39.2,41.1
2024-12-19T18:00:00Z,44,44,,85,85,,24.7,23.7,25.6,26.1,25,27.3
2024-12-20T00:00:00Z,61,61,,74,74,,27.6,27.1,28.1,29.8,28.9,30.6
2024-12-20T06:00:00Z,66,66,,71,71,,30.6,30.3,30.9,33.9,33.2,34.5
2024-12-20T12:00:00Z,48,48,,84,84,,37.5,36.9,38.1,43.9,43,44.8
2024-12-20T18:00:00Z,39,39,,89,89,,23.7,22.9,24.5,25.2,24.2,26.3
2024-12-21T00:00:00Z,58,58,,74,74,,20.1,19.6,20.7,21.2,20.5,22
2024-12-21T06:00:00Z,64,64,,72,72,,24.2,23.8,24.6,26.1,25.3,26.8
2024-12-21T12:00:00Z,45,45,,86,86,,34.2,33.6,34.9,38.9,37.8,39.9
2024-12-21T18:00:00Z,38,38,,89,89,,23.4,22.6,24.3,24.7,23.6,25.7
2024-12-22T00:00:00Z,58,58,,75,75,,27.4,26.9,27.9,29.9,29.1,30.6
2024-12-22T06:00:00Z,65,65,,71,71,,22.4,21.9,23,23.8,23,24.7
2024-12-22T12:00:00Z,47,47,,84,84,,37.6,37.1,38.1,44.6,43.9,45.2
2024-12-22T18:00:00Z,42,42,,85,85,,17.4,16.9,18,18.3,17.6,18.9
2024-12-23T00:00:00Z,55,55,,76,76,,24,23.5,24.5,25.7,25,26.4
2024-12-23T06:00:00Z,57,57,,74,74,,20.6,20,21.2,21.9,21,22.8
2024-12-23T12:00:00Z,40,40,,88,88,,22.7,22.2,23.3,24.4,23.6,25.2
2024-12-23T18:00:00Z,37,37,,89,89,,20,19.5,20.5,21.4,20.7,22.1
2024-12-24T00:00:00Z,54,54,,77,77,,30,29.4,30.6,33,32,34.1
2024-12-24T06:00:00Z,59,59,,74,74,,30.3,30.1,30.6,33.5,32.7,34.3
2024-12-24T12:00:00Z,43,43,,87,87,,27.6,27,28.2,30.1,29.3,31
2024-12-24T18:00:00Z,38,38,,89,89,,16.4,15.8,16.9,17.1,16.3,17.8
2024-12-25T00:00:00Z,57,57,,76,76,,32.5,32,33,35.2,34.4,36
2024-12-25T06:00:00Z,64,64,,73,73,,52.2,51.7,52.6,59.2,58.7,59.8
2024-12-25T12:00:00Z,48,48,,84,84,,36.2,35.5,36.8,42.3,41.4,43.1
2024-12-25T18:00:00Z,41,41,,87,87,,12.3,12,12.7,12.8,12.4,13.3
2024-12-26T00:00:00Z,55,55,,76,76,,12.8,12.4,13.1,13.4,12.9,13.8
2024-12-26T06:00:00Z,59,59,,74,74,,17.2,16.6,17.7,18.1,17.3,18.8
2024-12-26T12:00:00Z,46,46,,85,85,,20.6,19.8,21.4,21.6,20.6,22.5
2024-12-26T18:00:00Z,41,41,,85,85,,18.8,18.3,19.2,20.1,19.4,20.7
2024-12-27T00:00:00Z,51,51,,78,78,,17.1,16.6,17.5,17.9,17.3,18.6
2024-12-27T06:00:00Z,53,53,,77,77,,18.6,18.2,19.1,19.6,18.9,20.3
2024-12-27T12:00:00Z,42,42,,86,86,,21.9,21.4,22.5,23,22.2,23.8
2024-12-27T18:00:00Z,29,29,,97,97,,16.9,16.2,17.5,17.7,16.8,18.5
2024-12-28T12:00:00Z,37,37,,93,93,,28.7,28.1,29.4,31.4,30.5,32.4
2024-12-28T18:00:00Z,35,35,,92,92,,15.8,15.2,16.4,16.7,15.9,17.5
2024-12-29T00:00:00Z,53,53,,77,77,,26.6,26.1,27.1,28.7,27.8,29.6
2024-12-29T06:00:00Z,64,64,,72,72,,27.9,27.2,28.7,31.2,30,32.4
2024-12-29T12:00:00Z,47,47,,84,84,,35.2,34.5,36,41.3,40.2,42.3
2024-12-29T18:00:00Z,41,41,,87,87,,13.2,12.7,13.7,13.8,13.2,14.5
2024-12-30T00:00:00Z,61,61,,74,74,,14.6,14.1,15.1,15.2,14.6,15.9
2024-12-30T06:00:00Z,63,63,,74,74,,18.4,17.8,19.1,19.5,18.7,20.2
2024-12-30T12:00:00Z,53,53,,80,80,,26.4,25.7,27.2,28.5,27.5,29.5
2024-12-30T18:00:00Z,44,44,,84,84,,23.1,22.5,23.8,24.5,23.7,25.4
2024-12-31T00:00:00Z,54,54,,77,77,,30.2,29.5,30.9,33.8,32.8,34.9
2024-12-31T06:00:00Z,61,61,,74,74,,32.9,32.4,33.4,36.8,35.7,37.9
2024-12-31T12:00:00Z,44,44,,87,87,,34,33.3,34.6,39,38.1,39.9
2024-12-31T18:00:00Z,43,43,,86,86,,19.3,18.6,20.1,20.4,19.4,21.3
2025-01-01T00:00:00Z,54,54,,78,78,,57.8,56.7,58.9,64.7,63.3,66.1
2025-01-01T06:00:00Z,58,58,,77,77,,175.3,170.4,180.3,187.1,183.3,190.9
2025-01-01T12:00:00Z,45,45,,87,87,,51,50.2,51.9,58.3,57.4,59.2
2025-01-01T18:00:00Z,44,44,,85,85,,14.4,13.7,15,15,14.2,15.8
2025-01-02T00:00:00Z,61,61,,76,76,,29,28.3,29.7,31.4,30.2,32.5
2025-01-02T06:00:00Z,64,64,,74,74,,22.5,21.7,23.4,23.7,22.8,24.7
2025-01-02T12:00:00Z,50,50,,83,83,,33,32.5,33.6,37.1,36.2,38.1
2025-01-02T18:00:00Z,44,44,,86,86,,20.5,19.9,21.1,22,21.2,22.8
2025-01-03T00:00:00Z,61,61,,75,75,,27.9,27.2,28.5,30.2,29.2,31.3
2025-01-03T06:00:00Z,70,70,,73,73,,35.3,35.3,35.2,40.3,40.1,40.6
2025-01-03T12:00:00Z,51,51,,86,86,,50.8,50.3,51.3,58.9,58.5,59.3
2025-01-03T18:00:00Z,39,39,,91,91,,30.6,29.8,31.3,32.6,31.7,33.5
2025-01-04T00:00:00Z,56,56,,78,78,,26.5,26.1,26.8,28,27.4,28.6
2025-01-04T06:00:00Z,60,60,,77,77,,40.4,40.3,40.5,47.6,47.3,47.9
2025-01-04T12:00:00Z,41,41,,91,91,,44.7,44.6,44.8,53.3,53.1,53.5
2025-01-04T18:00:00Z,35,35,,93,93,,13.3,12.9,13.6,13.7,13.3,14.2
2025-01-05T00:00:00Z,62,62,,76,76,,24.5,24.2,24.7,25.5,25.2,25.9
2025-01-05T06:00:00Z,64,64,,75,75,,22.2,21.8,22.6,23.3,22.9,23.7
2025-01-05T12:00:00Z,44,44,,89,89,,25.5,25.2,25.8,27.2,26.8,27.5
2025-01-05T18:00:00Z,42,42,,88,88,,14.5,14.2,14.7,15,14.7,15.3
2025-01-06T00:00:00Z,59,59,,77,77,,16.5,16.3,16.8,17.2,16.9,17.6
2025-01-06T06:00:00Z,62,62,,76,76,,11.2,11,11.4,11.7,11.4,11.9
2025-01-06T12:00:00Z,45,45,,88,88,,22.5,22.1,22.9,23.5,23,24
2025-01-06T18:00:00Z,38,38,,91,91,,17,16.7,17.3,17.9,17.4,18.4
2025-01-07T00:00:00Z,59,59,,77,77,,16.9,16.7,17.1,18,17.7,18.3
2025-01-07T06:00:00Z,64,64,,75,75,,13.2,13.1,13.4,14.2,14,14.5
2025-01-07T12:00:00Z,46,46,,87,87,,36.6,36.3,36.8,42.2,41.8,42.5
2025-01-07T18:00:00Z,40,40,,90,90,,17,16.6,17.4,18,17.5,18.6
2025-01-08T00:00:00Z,62,62,,77,77,,19.1,18.8,19.4,20.5,20.2,20.9
2025-01-08T06:00:00Z,62,62,,76,76,,11.2,10.9,11.5,11.7,11.3,12.1
2025-01-08T12:00:00Z,49,49,,84,84,,13.6,13.4,13.8,14.3,14,14.6
2025-01-08T18:00:00Z,41,41,,88,88,,15.4,14.9,15.8,16.1,15.6,16.6
2025-01-09T00:00:00Z,61,61,,76,76,,36.6,36.1,37,42.2,41.7,42.7
2025-01-09T06:00:00Z,68,68,,73,73,,23.1,22.7,23.5,24.2,23.7,24.7
2025-01-09T12:00:00Z,52,52,,83,83,,32.7,32.2,33.1,37.2,36.5,37.8
2025-01-09T18:00:00Z,42,42,,86,86,,15.4,14.7,16.1,16.2,15.4,17
2025-01-10T00:00:00Z,54,54,,76,76,,18.4,18,18.9,19.7,19.1,20.3
2025-01-10T06:00:00Z,60,60,,73,73,,17.6,17.2,17.9,18.4,18,18.9
2025-01-10T12:00:00Z,46,46,,85,85,,28.3,27.9,28.7,30.4,29.8,31
2025-01-10T18:00:00Z,39,39,,88,88,,18.1,17.7,18.4,19.1,18.6,19.6
2025-01-11T00:00:00Z,55,55,,76,76,,18.8,18.5,19.1,19.7,19.2,20.2
2025-01-11T06:00:00Z,65,65,,73,73,,22.8,22.7,22.8,24.2,24,24.4
2025-01-11T12:00:00Z,50,50,,83,83,,25.1,25,25.2,28,27.9,28.1
2025-01-11T18:00:00Z,39,39,,89,89,,11.8,11.5,12.1,12.3,11.9,12.6
2025-01-12T00:00:00Z,58,58,,76,76,,20.9,20.5,21.2,21.9,21.4,22.3
2025-01-12T06:00:00Z,64,64,,74,74,,20.1,19.9,20.4,21.5,21.1,21.8
2025-01-12T12:00:00Z,44,44,,88,88,,28.3,28.2,28.4,30.7,30.6,30.8
2025-01-12T18:00:00Z,36,36,,91,91,,12.2,12,12.4,12.7,12.4,13.1
2025-01-13T00:00:00Z,57,57,,77,77,,18.4,18.1,18.6,19.2,18.9,19.6
2025-01-13T06:00:00Z,66,66,,73,73,,22,21.8,22.2,24,23.7,24.3
2025-01-13T12:00:00Z,48,48,,85,85,,29.1,28.9,29.3,33.3,33,33.5
2025-01-13T18:00:00Z,39,39,,90,90,,17.6,17.3,17.9,18.6,18.2,19
2025-01-14T00:00:00Z,56,56,,78,78,,18.1,18,18.3,19.2,18.9,19.5
2025-01-14T06:00:00Z,64,64,,74,74,,16.1,15.8,16.5,16.8,16.5,17.2
2025-01-14T12:00:00Z,43,43,,89,89,,27.6,27.3,27.8,30.7,30.4,31
2025-01-14T18:00:00Z,34,34,,93,93,,14.7,14.4,15,15.5,15.1,15.8
2025-01-15T00:00:00Z,52,52,,79,79,,17.1,16.9,17.2,18.2,17.9,18.4
2025-01-15T06:00:00Z,63,63,,74,74,,18.2,17.9,18.5,19.2,18.8,19.7
2025-01-15T12:00:00Z,45,45,,88,88,,34.2,33.9,34.5,39.3,38.9,39.7
2025-01-15T18:00:00Z,36,36,,94,94,,17.3,16.9,17.8,18,17.5,18.6
2025-01-16T00:00:00Z,58,58,,77,77,,20.5,20.1,20.9,21.5,21,22
2025-01-16T06:00:00Z,67,67,,73,73,,17.2,16.7,17.8,18.1,17.5,18.7
2025-01-16T12:00:00Z,44,44,,88,88,,26,25.5,26.4,29,28.4,29.6
2025-01-16T18:00:00Z,35,35,,93,93,,13.7,13.3,14.2,14.5,14,15.1
2025-01-17T00:00:00Z,55,55,,78,78,,22,21.4,22.5,23.7,23,24.4
2025-01-17T06:00:00Z,65,65,,74,74,,23,22.3,23.8,24.3,23.4,25.2
2025-01-17T12:00:00Z,47,47,,87,87,,25.8,25.3,26.2,28.5,28,29
2025-01-17T18:00:00Z,37,37,,91,91,,11.3,11.1,11.5,11.8,11.4,12.2
2025-01-18T00:00:00Z,50,50,,80,80,,14.7,14.5,15,15.4,15,15.8
2025-01-18T06:00:00Z,60,60,,76,76,,17,16.7,17.4,18,17.5,18.6
2025-01-18T12:00:00Z,40,40,,91,91,,23.5,23.2,23.8,25.8,25.2,26.4
2025-01-18T18:00:00Z,33,33,,94,94,,14.3,14,14.7,15.2,14.7,15.6
2025-01-19T00:00:00Z,55,55,,78,78,,23.5,23,24,25.8,25.1,26.5
2025-01-19T06:00:00Z,65,65,,75,75,,17,16.4,17.6,17.8,17.1,18.5
2025-01-19T12:00:00Z,53,53,,82,82,,28.4,27.7,29,31.3,30.5,32.1
2025-01-19T18:00:00Z,44,44,,87,87,,16.5,15.8,17.2,17.2,16.4,17.9
2025-01-20T00:00:00Z,62,62,,75,75,,20.1,19.4,20.9,21.1,20.1,22.1
2025-01-20T06:00:00Z,67,67,,73,73,,24.6,24,25.1,26.8,26.1,27.6
2025-01-20T12:00:00Z,51,51,,84,84,,36.1,35.6,36.6,43.5,42.8,44.2
2025-01-20T18:00:00Z,41,41,,89,89,,12.3,11.8,12.8,12.8,12.2,13.4
2025-01-21T00:00:00Z,62,62,,75,75,,24.2,23.3,25,25.3,24.2,26.4
2025-01-21T06:00:00Z,67,67,,73,73,,31,30.3,31.6,33.3,32.3,34.3
2025-01-21T12:00:00Z,47,47,,86,86,,36.9,36.3,37.6,43.9,43,44.7
2025-01-21T18:00:00Z,35,35,,92,92,,15.5,14.7,16.3,16.2,15.3,17.1
2025-01-22T00:00:00Z,57,57,,77,77,,24.4,23.4,25.5,25.7,24.4,27
2025-01-22T06:00:00Z,63,63,,75,75,,33.9,32.9,34.8,36.9,35.8,38
2025-01-22T12:00:00Z,45,45,,88,88,,33.1,32.5,33.7,38.4,37.6,39.2
2025-01-22T18:00:00Z,34,34,,92,92,,17.4,16.6,18.1,18.1,17.3,19
2025-01-23T00:00:00Z,56,56,,78,78,,23.1,22.3,23.8,24.5,23.5,25.6
2025-01-23T06:00:00Z,66,66,,74,74,,26.7,26.1,27.3,29.3,28.5,30
2025-01-23T12:00:00Z,50,50,,85,85,,32.3,31.7,32.8,37.6,36.9,38.3
2025-01-23T18:00:00Z,42,42,,88,88,,13.5,13.1,14,14.2,13.6,14.7
2025-01-24T00:00:00Z,59,59,,77,77,,15.2,14.9,15.5,15.9,15.4,16.3
2025-01-24T06:00:00Z,66,66,,74,74,,21.2,21,21.4,22.6,22.2,23
2025-01-24T12:00:00Z,49,49,,85,85,,34.6,34.3,34.8,40,39.7,40.4
2025-01-24T18:00:00Z,42,42,,88,88,,12.3,12.1,12.5,12.9,12.6,13.2
2025-01-25T00:00:00Z,60,60,,77,77,,14.8,14.6,14.9,15.5,15.1,15.8
2025-01-25T06:00:00Z,65,65,,75,75,,25,24.9,25.1,27.3,27.2,27.5
2025-01-25T12:00:00Z,49,49,,85,85,,30.8,30.8,30.8,35.7,35.6,35.8
2025-01-25T18:00:00Z,40,40,,89,89,,15.6,15.5,15.7,16.5,16.2,16.7
2025-01-26T00:00:00Z,59,59,,76,76,,25.4,25,25.7,27.3,26.7,27.8
2025-01-26T06:00:00Z,60,60,,75,75,,18.9,18.5,19.2,19.8,19.3,20.3
2025-01-26T12:00:00Z,44,44,,87,87,,23.8,23.8,23.8,25.4,25.3,25.5
2025-01-26T18:00:00Z,40,40,,88,88,,11,11,11,11.5,11.4,11.6
2025-01-27T00:00:00Z,57,57,,78,78,,17.9,17.9,17.8,18.9,18.8,18.9
2025-01-27T06:00:00Z,64,64,,75,75,,21.2,20.9,21.5,22.3,21.9,22.8
2025-01-27T12:00:00Z,46,46,,88,88,,31.1,31.6,30.6,35.2,35.7,34.7
2025-01-27T18:00:00Z,38,38,,92,92,,14,14.2,13.8,14.6,14.7,14.5
2025-01-28T00:00:00Z,55,55,,79,79,,22,22.3,21.7,23.2,23.4,23.1
2025-01-28T06:00:00Z,65,65,,76,76,,19.6,19.1,20,20.6,19.9,21.2
2025-01-28T12:00:00Z,43,43,,90,90,,24.1,23.6,24.6,26.9,26.2,27.6
2025-01-28T18:00:00Z,36,36,,93,93,,13.7,13.2,14.2,14.4,13.8,15.1
2025-01-29T00:00:00Z,53,53,,81,81,,26.7,26.3,27.1,28.6,27.9,29.4
2025-01-29T06:00:00Z,61,61,,77,77,,25.6,24.9,26.2,27.6,26.5,28.6
2025-01-29T12:00:00Z,41,41,,91,91,,26.4,25.9,26.9,29.9,29.2,30.7
2025-01-29T18:00:00Z,32,32,,95,95,,9.8,9.3,10.4,10.3,9.7,11
2025-01-30T00:00:00Z,53,53,,80,80,,24.3,23.5,25.1,26,24.8,27.1
2025-01-30T06:00:00Z,60,60,,77,77,,26.9,25.8,28,29.4,27.7,31
2025-01-30T12:00:00Z,42,42,,91,91,,35.1,34.2,35.9,41,39.8,42.3
2025-01-30T18:00:00Z,34,34,,95,95,,12.9,12.2,13.6,13.5,12.7,14.4
2025-01-31T00:00:00Z,57,57,,79,79,,21.1,20.8,21.4,22.1,21.5,22.6
2025-01-31T06:00:00Z,66,66,,75,75,,26.1,25.8,26.3,28.7,28.3,29.1
2025-01-31T12:00:00Z,49,49,,86,86,,40.3,40.2,40.4,48,47.8,48.2
2025-01-31T18:00:00Z,37,37,,93,93,,21.3,21,21.6,22.6,22.2,23
2025-02-01T00:00:00Z,60,60,,77,77,,23.1,22.7,23.5,24.3,23.5,25
2025-02-01T06:00:00Z,68,68,,75,75,,27.7,27.5,27.9,30.2,29.8,30.6
2025-02-01T12:00:00Z,52,52,,85,85,,32.9,33.1,32.8,37.7,37.9,37.4
2025-02-01T18:00:00Z,41,41,,90,90,,16.2,16.3,16.1,16.8,16.8,16.8
2025-02-02T00:00:00Z,57,57,,80,80,,23.8,23.7,24,25,24.7,25.3
2025-02-02T06:00:00Z,62,62,,78,78,,22.9,22.5,23.4,24,23.4,24.7
2025-02-02T12:00:00Z,48,48,,87,87,,40.5,40.6,40.3,48,48.2,47.9
2025-02-02T18:00:00Z,44,44,,89,89,,30.1,30.2,30.1,33,33,33
2025-02-03T00:00:00Z,55,55,,80,80,,25.8,25.6,26.1,27.7,27.2,28.1
2025-02-03T06:00:00Z,56,56,,80,80,,29.6,29.1,30,32.5,31.8,33.3
2025-02-03T12:00:00Z,44,44,,90,90,,33.7,33.9,33.6,38.6,38.7,38.5
2025-02-03T18:00:00Z,34,34,,95,95,,17.2,17.2,17.1,17.9,17.9,18
2025-02-04T00:00:00Z,50,50,,82,82,,22.4,22.2,22.5,23.8,23.5,24.1
2025-02-04T06:00:00Z,60,60,,78,78,,26.5,26.1,26.9,28.8,28.1,29.5
2025-02-04T12:00:00Z,42,42,,91,91,,24.3,24.4,24.2,26.3,26.2,26.3
2025-02-04T18:00:00Z,42,42,,90,90,,14.8,14.9,14.7,15.5,15.4,15.6
2025-02-05T00:00:00Z,51,51,,82,82,,24.8,24.9,24.8,26.6,26.4,26.8
2025-02-05T06:00:00Z,61,61,,78,78,,21.6,21.2,22,23.1,22.4,23.7
2025-02-05T12:00:00Z,49,49,,87,87,,30.9,30.9,30.8,34.2,34.1,34.3
2025-02-05T18:00:00Z,37,37,,93,93,,19,18.9,19.2,20.3,20,20.5
2025-02-06T00:00:00Z,53,53,,82,82,,31.8,31.6,32.1,36.2,35.7,36.6
2025-02-07T18:00:00Z,49,49,,86,86,,17.8,17.6,17.9,18.6,18.3,19
2025-02-08T00:00:00Z,60,60,,81,81,,32.1,31.7,32.6,35.7,34.8,36.5
2025-02-08T06:00:00Z,64,64,,78,78,,34.3,33.8,34.9,39.1,38.3,40
2025-02-08T12:00:00Z,51,51,,87,87,,41.2,41,41.5,49,48.5,49.4
2025-02-08T18:00:00Z,47,47,,88,88,,27.3,27.1,27.5,29.3,28.9,29.7
2025-02-09T00:00:00Z,62,62,,79,79,,30.4,30,30.8,33.3,32.8,33.8
2025-02-09T06:00:00Z,67,67,,77,77,,23.7,23.2,24.1,25.1,24.5,25.7
2025-02-09T12:00:00Z,45,45,,92,92,,28.5,28.3,28.6,31.5,31.2,31.8
2025-02-09T18:00:00Z,38,38,,93,93,,10.9,10.9,11,11.3,11.2,11.4
2025-02-10T00:00:00Z,56,56,,81,81,,18.2,17.8,18.6,19,18.4,19.5
2025-02-10T06:00:00Z,61,61,,80,80,,15.7,15.2,16.1,16.4,15.8,17
2025-02-10T12:00:00Z,46,46,,90,90,,19.7,19.5,19.9,20.8,20.5,21.2
2025-02-10T18:00:00Z,38,38,,92,92,,13.5,13.4,13.7,14.5,14.2,14.8
2025-02-11T00:00:00Z,51,51,,84,84,,22.4,22,22.8,23.9,23.3,24.5
2025-02-11T06:00:00Z,57,57,,81,81,,21.3,20.7,21.8,22.4,21.6,23.2
2025-02-11T12:00:00Z,38,38,,94,94,,20.2,20,20.3,21.2,21,21.4
2025-02-11T18:00:00Z,33,33,,96,96,,10.4,10.2,10.6,11,10.7,11.2
2025-02-12T00:00:00Z,48,48,,84,84,,22.1,21.5,22.6,23.6,22.8,24.4
2025-02-12T06:00:00Z,58,58,,81,81,,23,22.3,23.6,24.8,23.9,25.6
2025-02-12T12:00:00Z,50,50,,87,87,,37.2,36.9,37.6,43.4,42.8,44
2025-02-12T18:00:00Z,61,61,,83,83,,50.3,50.5,50.1,56.1,56.1,56.1
2025-02-13T00:00:00Z,72,72,,79,79,,47.1,47.9,46.2,56.8,57.9,55.7
2025-02-13T06:00:00Z,69,69,,80,80,,55,54.4,55.6,65.2,64.8,65.6
2025-02-13T12:00:00Z,46,46,,95,95,,73.4,73.1,73.6,80.2,80.1,80.3
2025-02-13T18:00:00Z,37,37,,95,95,,11.1,11.1,11.2,11.6,11.5,11.8
2025-02-14T00:00:00Z,51,51,,85,85,,19.2,19,19.4,20.2,19.8,20.6
2025-02-14T06:00:00Z,60,60,,81,81,,22.3,21.8,22.9,23.5,22.7,24.2
2025-02-14T12:00:00Z,46,46,,92,92,,30.6,30.5,30.6,33.9,33.8,34
2025-02-14T18:00:00Z,35,35,,99,99,,11.8,11.7,11.9,12.3,12.1,12.4
2025-02-15T00:00:00Z,61,61,,82,82,,29.5,29.4,29.6,32.5,32.2,32.7
2025-02-15T06:00:00Z,68,68,,78,78,,24.2,24.1,24.3,26.6,26.4,26.7
2025-02-15T12:00:00Z,51,51,,89,89,,34.4,34.5,34.2,40.6,40.8,40.4
2025-02-15T18:00:00Z,42,42,,91,91,,11.6,11.7,11.5,12.3,12.3,12.2
2025-02-16T00:00:00Z,62,62,,80,80,,25.7,25.7,25.6,27.7,27.7,27.8
2025-02-16T06:00:00Z,67,67,,78,78,,25,25,25.1,27.8,27.8,27.8
2025-02-16T12:00:00Z,51,51,,88,88,,37.5,38.3,36.7,45,46,44.1
2025-02-16T18:00:00Z,43,43,,91,91,,13.6,14.4,12.8,14.1,14.9,13.3
2025-02-17T00:00:00Z,59,59,,81,81,,18.3,19.4,17.3,19.2,20.1,18.2
2025-02-17T06:00:00Z,63,63,,79,79,,11.9,12.5,11.3,12.5,13,11.9
2025-02-17T12:00:00Z,44,44,,93,93,,26.8,27.7,25.8,29.8,30.9,28.6
2025-02-17T18:00:00Z,34,34,,96,96,,10.9,11.3,10.4,11.5,11.9,11.1
2025-02-18T00:00:00Z,60,60,,80,80,,17.9,18.7,17.1,19.2,20,18.5
2025-02-18T06:00:00Z,69,69,,77,77,,17.7,19.1,16.2,19,20.5,17.4
2025-02-18T12:00:00Z,55,55,,86,86,,38.8,40.4,37.3,46.2,48.4,44
2025-02-18T18:00:00Z,42,42,,92,92,,18.3,19.2,17.4,19.5,20.5,18.5
2025-02-19T00:00:00Z,61,61,,80,80,,24.4,25.6,23.2,26.2,27.5,24.8
2025-02-19T06:00:00Z,66,66,,77,77,,29.3,30.6,28.1,33.1,34.7,31.4
2025-02-19T12:00:00Z,44,44,,91,91,,26.5,27.8,25.1,29.4,31,27.9
2025-02-19T18:00:00Z,38,38,,93,93,,8.8,9.3,8.4,9.2,9.7,8.8
2025-02-20T00:00:00Z,56,56,,81,81,,22.5,23.8,21.3,23.8,25,22.5
2025-02-20T06:00:00Z,61,61,,78,78,,26.5,27.7,25.2,28.2,29.5,26.8
2025-02-20T12:00:00Z,42,42,,92,92,,37.5,39.9,35.1,41.5,43.8,39.1
2025-02-20T18:00:00Z,33,33,,96,96,,8.7,9.3,8.1,9.1,9.7,8.6
2025-02-21T00:00:00Z,51,51,,83,83,,25.7,27.2,24.2,28,29.6,26.3
2025-02-21T06:00:00Z,57,57,,80,80,,27.7,29.3,26.2,29.8,31.5,28.1
2025-02-21T12:00:00Z,36,36,,95,95,,25.4,26.6,24.3,29,30.3,27.7
2025-02-21T18:00:00Z,28,28,,99,99,,7,7.5,6.5,7.4,7.8,7
2025-02-22T00:00:00Z,44,44,,85,85,,16.3,17.3,15.3,17.4,18.4,16.5
2025-02-22T06:00:00Z,57,57,,80,80,,19.3,20.5,18.1,20.3,21.5,19.2
2025-02-22T12:00:00Z,39,39,,94,94,,28,29.2,26.7,31.9,33.4,30.4
2025-02-22T18:00:00Z,35,35,,94,94,,9.2,9.6,8.7,9.6,10,9.2
2025-02-23T00:00:00Z,48,48,,83,83,,14.5,15.5,13.6,15.2,16,14.4
2025-02-23T06:00:00Z,57,57,,80,80,,15.4,16.3,14.5,16.1,16.9,15.3
2025-02-23T12:00:00Z,46,46,,91,91,,28.3,29.7,26.9,31,32.7,29.3
2025-02-23T18:00:00Z,34,34,,96,96,,7.9,8.4,7.4,8.2,8.7,7.7
2025-02-24T00:00:00Z,60,60,,80,80,,24.4,25.6,23.2,26.7,28,25.5
2025-02-24T06:00:00Z,66,66,,78,78,,17.9,19.1,16.6,18.6,19.8,17.4
2025-02-24T12:00:00Z,42,42,,93,93,,29.7,31.4,27.9,32.6,34.3,30.8
2025-02-24T18:00:00Z,34,34,,98,98,,7.8,8.3,7.3,8.1,8.6,7.7
2025-02-25T00:00:00Z,58,58,,81,81,,16.2,17,15.4,16.9,17.6,16.2
2025-02-25T06:00:00Z,64,64,,79,79,,18.3,19.1,17.5,19.1,19.8,18.3
2025-02-25T12:00:00Z,43,43,,92,92,,17.4,18.2,16.6,18.7,19.6,17.9
2025-02-25T18:00:00Z,38,38,,95,95,,8.6,9,8.2,9,9.3,8.6
2025-02-26T00:00:00Z,61,61,,80,80,,22.8,23.8,21.8,24.2,25.2,23.1
2025-02-26T06:00:00Z,65,65,,78,78,,28.6,29.9,27.2,31.5,33.1,29.9
2025-02-26T12:00:00Z,42,42,,93,93,,26.3,27.4,25.3,30.1,31.4,28.8
2025-02-26T18:00:00Z,36,36,,96,96,,8,8.4,7.6,8.4,8.7,8.1
2025-02-27T00:00:00Z,62,62,,80,80,,20.3,21.1,19.4,21.5,22.4,20.6
2025-02-27T06:00:00Z,62,62,,80,80,,36.1,37.7,34.5,38.9,40.8,37.1
2025-02-27T12:00:00Z,43,43,,93,93,,27.6,28.5,26.6,30.9,32.1,29.7
2025-02-27T18:00:00Z,30,30,,101,101,,9.6,10,9.2,10.1,10.4,9.8
2025-02-28T00:00:00Z,55,55,,82,82,,22.4,23.4,21.5,23.7,24.6,22.9
2025-02-28T06:00:00Z,63,63,,78,78,,18.7,19.4,18,19.6,20.3,19
2025-02-28T12:00:00Z,46,46,,90,90,,25.4,26.3,24.6,28.4,29.6,27.2
2025-02-28T18:00:00Z,34,34,,96,96,,6.2,6.4,5.9,6.5,6.7,6.3
2025-03-01T00:00:00Z,57,57,,82,82,,19.6,20.1,19,20.6,21.1,20.1
2025-03-01T06:00:00Z,64,64,,79,79,,22.4,23.1,21.7,24,24.8,23.3
2025-03-01T12:00:00Z,43,43,,92,92,,31.7,32.8,30.7,36.9,38.2,35.7
2025-03-01T18:00:00Z,33,33,,97,97,,7.2,7.5,6.9,7.4,7.7,7.1
2025-03-02T00:00:00Z,52,52,,83,83,,14.6,15.1,14,15.3,15.7,14.8
2025-03-02T06:00:00Z,62,62,,80,80,,17.1,17.7,16.6,17.8,18.4,17.3
2025-03-02T12:00:00Z,41,41,,93,93,,22.1,22.9,21.3,24.4,25.4,23.5
2025-03-02T18:00:00Z,33,33,,94,94,,6.5,6.7,6.2,6.7,7,6.5
2025-03-03T00:00:00Z,45,45,,85,85,,15.6,16.2,14.9,16.3,16.8,15.7
2025-03-03T06:00:00Z,50,50,,83,83,,16,16.8,15.2,16.7,17.4,16
2025-03-03T12:00:00Z,39,39,,93,93,,20.5,21.4,19.7,21.5,22.3,20.6
2025-03-03T18:00:00Z,35,35,,95,95,,9.2,9.5,8.9,9.7,10,9.5
2025-03-04T00:00:00Z,55,55,,82,82,,33.4,34.3,32.4,38.8,39.8,37.7
2025-03-04T06:00:00Z,66,66,,77,77,,27.8,28.7,26.8,30.2,31.3,29.1
2025-03-04T12:00:00Z,51,51,,87,87,,36,37.1,34.9,42.6,44,41.1
2025-03-04T18:00:00Z,41,41,,91,91,,13.5,13.9,13,14.1,14.5,13.7
2025-03-05T00:00:00Z,59,59,,79,79,,25.8,26.6,25,28.1,29,27.3
2025-03-05T06:00:00Z,64,64,,78,78,,23.4,24.4,22.5,24.7,25.7,23.6
2025-03-05T12:00:00Z,48,48,,88,88,,21.9,22.9,21,23,24.1,21.9
2025-03-05T18:00:00Z,38,38,,92,92,,10.6,11.1,10.1,11.1,11.6,10.6
2025-03-06T00:00:00Z,56,56,,81,81,,27.2,28.1,26.2,29.3,30.4,28.3
2025-03-06T06:00:00Z,59,59,,79,79,,20.1,21.4,18.8,21.5,23,20
2025-03-06T12:00:00Z,41,41,,92,92,,26.3,28.8,23.8,29.8,33,26.6
2025-03-06T18:00:00Z,35,35,,94,94,,9.4,10.5,8.3,9.8,10.9,8.7
2025-03-07T00:00:00Z,49,49,,83,83,,17.1,19.6,14.5,17.8,20.3,15.3
2025-03-07T06:00:00Z,55,55,,80,80,,17.4,20.3,14.6,18.5,21.4,15.5
2025-03-07T12:00:00Z,40,40,,92,92,,25.8,28.8,22.9,28.7,32.4,25.1
2025-03-07T18:00:00Z,37,37,,94,94,,12.6,14.4,10.8,13.2,14.9,11.4
2025-03-08T00:00:00Z,54,54,,81,81,,21.5,24.8,18.1,22.3,25.7,19
2025-03-08T06:00:00Z,61,61,,78,78,,26.9,30.3,23.6,29,32.9,25.2
2025-03-08T12:00:00Z,48,48,,88,88,,41.1,44.3,37.9,48.9,53.4,44.4
2025-03-08T18:00:00Z,42,42,,89,89,,28.6,31.4,25.8,30.8,34.3,27.3
2025-03-09T00:00:00Z,57,57,,80,80,,36,39.3,32.7,41.6,46.1,37
2025-03-09T06:00:00Z,59,59,,80,80,,41.2,43.1,39.4,49.4,51.9,46.9
2025-03-09T12:00:00Z,40,40,,94,94,,40.5,42.8,38.3,46.3,48.9,43.7
2025-03-09T18:00:00Z,35,35,,95,95,,18,19.2,16.8,18.7,19.8,17.5
2025-03-10T00:00:00Z,49,49,,84,84,,22,23.6,20.4,23.1,24.6,21.5
2025-03-10T06:00:00Z,62,62,,77,77,,18.7,20.1,17.4,19.9,21.3,18.5
2025-03-10T12:00:00Z,40,40,,94,94,,31.6,33.4,29.9,36.4,38.6,34.2
2025-03-10T18:00:00Z,39,39,,92,92,,18.5,19.5,17.4,19.6,20.7,18.5
2025-03-11T00:00:00Z,59,59,,79,79,,24.8,26.2,23.4,26.2,27.7,24.8
2025-03-11T06:00:00Z,68,68,,75,75,,38.5,39.2,37.8,44.9,46,43.8
2025-03-11T12:00:00Z,46,46,,90,90,,35,35.9,34.2,41.3,42.5,40.1
2025-03-11T18:00:00Z,32,32,,98,98,,12.8,13.1,12.5,13.5,13.7,13.2
2025-03-12T00:00:00Z,57,57,,80,80,,20,20.3,19.8,21.6,21.8,21.3
2025-03-12T06:00:00Z,66,66,,76,76,,22.8,23.1,22.6,24.8,25.1,24.5
2025-03-12T12:00:00Z,49,49,,87,87,,32.1,32.6,31.7,37.2,37.9,36.6
2025-03-12T18:00:00Z,42,42,,91,91,,20.6,20.9,20.3,22.3,22.6,22.1
2025-03-13T00:00:00Z,58,58,,79,79,,23,23.2,22.8,25,25,24.9
2025-03-13T06:00:00Z,64,64,,77,77,,19,19.1,18.9,20.2,20.2,20.1
2025-03-13T12:00:00Z,46,46,,89,89,,33.7,34.3,33.1,38.3,39.1,37.5
2025-03-13T18:00:00Z,43,43,,89,89,,18.3,18.6,18.1,19.1,19.3,18.9
2025-03-14T00:00:00Z,62,62,,78,78,,36.2,36.7,35.8,42,42.8,41.3
2025-03-14T06:00:00Z,62,62,,77,77,,41.5,42.2,40.8,50,50.9,49.1
2025-03-14T12:00:00Z,43,43,,89,89,,19,19.4,18.6,20.4,20.8,20
2025-03-14T18:00:00Z,35,35,,94,94,,9.6,9.8,9.4,10,10.1,9.9
2025-03-15T00:00:00Z,58,58,,80,80,,32.2,32.7,31.7,36.5,37.1,35.9
2025-03-15T06:00:00Z,60,60,,79,79,,38.3,38.6,38,45.3,45.6,44.9
2025-03-15T12:00:00Z,40,40,,93,93,,35,35.4,34.6,40.8,41.2,40.3
2025-03-15T18:00:00Z,34,34,,94,94,,20.9,21.1,20.7,22.5,22.6,22.4
2025-03-16T00:00:00Z,51,51,,81,81,,29,29.1,28.9,31.7,31.7,31.7
2025-03-16T06:00:00Z,58,58,,78,78,,27.3,27.3,27.2,29.5,29.4,29.6
2025-03-16T12:00:00Z,43,43,,90,90,,38.5,38.8,38.3,45.1,45.3,44.8
2025-03-16T18:00:00Z,37,37,,92,92,,18.6,18.7,18.6,19.4,19.3,19.5
2025-03-17T00:00:00Z,54,54,,79,79,,16.8,16.8,16.9,17.6,17.4,17.8
2025-03-17T06:00:00Z,62,62,,75,75,,21.8,21.6,22.1,23,22.7,23.4
2025-03-17T12:00:00Z,42,42,,90,90,,29.4,29.6,29.2,33.1,33.3,33
2025-03-17T18:00:00Z,34,34,,94,94,,11.2,11.2,11.3,11.8,11.6,12
2025-03-18T00:00:00Z,56,56,,78,78,,20.1,19.8,20.5,21.2,20.6,21.8
2025-03-18T06:00:00Z,66,66,,74,74,,20.1,19.5,20.7,21.3,20.5,22
2025-03-18T12:00:00Z,47,47,,87,87,,24.2,23.7,24.8,26.8,26.1,27.6
2025-03-18T18:00:00Z,39,39,,90,90,,12.3,11.7,13,13,12.2,13.8
2025-03-19T00:00:00Z,56,56,,79,79,,22.3,21.5,23.1,23.6,22.6,24.7
2025-03-19T06:00:00Z,63,63,,75,75,,19.6,18.9,20.3,20.5,19.6,21.4
2025-03-19T12:00:00Z,45,45,,88,88,,26.4,26.1,26.8,29,28.5,29.5
2025-03-19T18:00:00Z,35,35,,93,93,,19.8,19.3,20.3,21,20.3,21.7
2025-03-20T00:00:00Z,56,56,,79,79,,33.2,32.8,33.7,36.8,36,37.6
2025-03-20T06:00:00Z,62,62,,76,76,,33.4,33,33.8,38,37.2,38.7
2025-03-20T12:00:00Z,50,50,,85,85,,30.8,30.2,31.3,35.2,34.3,36
2025-03-20T18:00:00Z,41,41,,88,88,,11.3,10.9,11.7,11.9,11.3,12.4
2025-03-21T00:00:00Z,56,56,,78,78,,26.1,25.6,26.5,28.1,27.3,28.9
2025-03-21T06:00:00Z,60,60,,77,77,,33.7,33.4,34.1,39.1,38.6,39.6
2025-03-21T12:00:00Z,38,38,,94,94,,36.2,36,36.4,41.9,41.5,42.4
2025-03-21T18:00:00Z,35,35,,94,94,,15.2,14.9,15.6,16,15.4,16.6
2025-03-22T00:00:00Z,55,55,,79,79,,25.2,25.1,25.3,27,26.6,27.4
2025-03-22T06:00:00Z,60,60,,76,76,,24,23.8,24.2,25.6,25.1,26
2025-03-22T12:00:00Z,40,40,,92,92,,36.2,36.1,36.2,41.9,41.7,42.2
2025-03-22T18:00:00Z,33,33,,96,96,,20.8,20.4,21.1,22.2,21.6,22.7
2025-03-23T00:00:00Z,54,54,,79,79,,22.7,22.3,23.1,24.5,23.9,25.2
2025-03-23T06:00:00Z,60,60,,76,76,,21.4,20.7,22,23,22.1,23.9
2025-03-23T12:00:00Z,41,41,,90,90,,24.5,24,25,26.5,25.7,27.3
2025-03-23T18:00:00Z,32,32,,97,97,,13.8,13.4,14.2,14.5,13.9,15
2025-03-24T00:00:00Z,57,57,,78,78,,18,17.4,18.7,19.1,18.2,19.9
2025-03-24T06:00:00Z,63,63,,76,76,,27.8,27.1,28.4,31.1,30.2,32
2025-03-24T12:00:00Z,45,45,,89,89,,25.2,24.7,25.6,27.3,26.6,28.1
2025-03-24T18:00:00Z,35,35,,95,95,,16,15.5,16.5,17,16.3,17.6
2025-03-25T00:00:00Z,55,55,,79,79,,24.8,24.3,25.3,26.4,25.6,27.2
2025-03-25T06:00:00Z,67,67,,74,74,,30,29.5,30.5,33.7,33.1,34.4
2025-03-25T12:00:00Z,43,43,,89,89,,27.7,27.2,28.2,32,31.4,32.6
2025-03-25T18:00:00Z,31,31,,96,96,,8.8,8.5,9,9.3,8.9,9.6
2025-03-26T00:00:00Z,50,50,,81,81,,22.2,21.7,22.6,23.7,22.9,24.4
2025-03-26T06:00:00Z,59,59,,78,78,,29.4,28.8,29.9,32.5,31.6,33.3
2025-03-26T12:00:00Z,40,40,,91,91,,26.3,25.9,26.7,31,30.4,31.6
2025-03-26T18:00:00Z,32,32,,96,96,,9.6,9.3,10,10.3,9.8,10.8
2025-03-27T00:00:00Z,48,48,,83,83,,22,21.4,22.6,23.4,22.4,24.3
2025-03-27T06:00:00Z,55,55,,80,80,,29.2,28.5,29.9,32.7,31.6,33.8
2025-03-27T12:00:00Z,39,39,,94,94,,29.3,28.9,29.7,33.6,33,34.1
2025-03-27T18:00:00Z,31,31,,97,97,,7.8,7.6,8,8.2,7.8,8.6
2025-03-28T00:00:00Z,55,55,,80,80,,20.4,19.8,21,21.3,20.5,22.2
2025-03-28T06:00:00Z,60,60,,77,77,,22,21.5,22.6,23.5,22.6,24.3
2025-03-28T12:00:00Z,39,39,,94,94,,31.4,30.9,31.9,37,36.2,37.8
2025-03-28T18:00:00Z,31,31,,98,98,,9.8,9.5,10,10.2,9.8,10.5
2025-03-29T00:00:00Z,49,49,,83,83,,22.9,22.5,23.4,25,24.1,25.8
2025-03-29T06:00:00Z,60,60,,78,78,,24.3,23.7,25,26.3,25.1,27.4
2025-03-29T12:00:00Z,43,43,,91,91,,42.5,41.6,43.4,49.5,48.4,50.5
2025-03-29T18:00:00Z,32,32,,98,98,,9.2,8.9,9.5,9.7,9.3,10.1
2025-03-30T00:00:00Z,53,53,,82,82,,20.9,20.6,21.2,22.6,22,23.1
2025-03-30T06:00:00Z,62,62,,77,77,,15.1,15.2,14.9,15.9,15.9,15.9
2025-03-30T12:00:00Z,40,40,,93,93,,28.2,28.3,28.1,31.3,31.3,31.2
2025-03-30T18:00:00Z,37,37,,93,93,,16.6,16.8,16.4,17.3,17.4,17.3
2025-03-31T00:00:00Z,56,56,,79,79,,20.2,20.3,20.1,21.3,21.3,21.4
2025-03-31T06:00:00Z,62,62,,76,76,,15.9,15.8,15.9,16.8,16.5,17
2025-03-31T12:00:00Z,43,43,,91,91,,30.6,30.7,30.4,34.1,34.1,34.1
2025-03-31T18:00:00Z,36,36,,95,95,,20.5,20.4,20.6,21.9,21.5,22.2
2025-04-01T00:00:00Z,54,54,,81,81,,25.8,26.2,25.5,28,28,27.9
2025-04-01T06:00:00Z,58,58,,79,79,,25.4,25.4,25.3,27.4,27.2,27.6
2025-04-01T12:00:00Z,36,36,,96,96,,35.4,35.7,35.1,40.9,41.1,40.7
2025-04-01T18:00:00Z,34,34,,94,94,,12.8,12.7,12.9,13.6,13.3,13.9
2025-04-02T00:00:00Z,54,54,,78,78,,18.2,18.2,18.1,19.2,19,19.4
2025-04-02T06:00:00Z,57,57,,77,77,,26.1,26.4,25.8,28.4,28.5,28.3
2025-04-02T12:00:00Z,42,42,,89,89,,40.6,41,40.1,48.2,48.5,47.8
2025-04-02T18:00:00Z,37,37,,90,90,,18,18,18.1,18.9,18.6,19.3
2025-04-03T00:00:00Z,57,57,,76,76,,21.4,21.4,21.4,22.6,22.3,22.9
2025-04-03T06:00:00Z,64,64,,73,73,,17.2,17.3,17.2,18.3,18.2,18.5
2025-04-03T12:00:00Z,50,50,,83,83,,31.3,31.6,30.9,35,35.2,34.8
2025-04-03T18:00:00Z,44,44,,86,86,,16.7,16.8,16.6,17.6,17.5,17.7
2025-04-04T00:00:00Z,60,60,,75,75,,16.3,16.6,16,17.3,17.4,17.2
2025-04-04T06:00:00Z,64,64,,74,74,,15,15.3,14.6,15.8,16,15.6
2025-04-04T12:00:00Z,44,44,,88,88,,29.9,30.4,29.4,34.1,34.5,33.6
2025-04-04T18:00:00Z,37,37,,91,91,,15.2,15.3,15,16,15.9,16
2025-04-05T00:00:00Z,58,58,,77,77,,14.8,15.2,14.3,15.5,15.8,15.1
2025-04-05T06:00:00Z,63,63,,75,75,,15.4,15.8,15,16.2,16.5,15.9
2025-04-05T12:00:00Z,44,44,,89,89,,30.5,31.2,29.9,33.8,34.6,33.1
2025-04-05T18:00:00Z,46,46,,85,85,,22.6,22.9,22.2,23.5,23.8,23.3
2025-04-06T00:00:00Z,57,57,,77,77,,20.5,21,20,21.6,22,21.2
2025-04-06T06:00:00Z,61,61,,76,76,,24.6,25.1,24.1,26.6,27,26.1
2025-04-06T12:00:00Z,43,43,,90,90,,30.6,31.2,30,33.8,34.4,33.1
2025-04-06T18:00:00Z,36,36,,92,92,,16.3,16.6,16,16.9,17.1,16.7
2025-04-07T00:00:00Z,56,56,,77,77,,16.7,17.2,16.2,17.5,17.9,17.2
2025-04-07T06:00:00Z,60,60,,75,75,,18.6,18.9,18.2,20.1,20.3,19.9
2025-04-07T12:00:00Z,46,46,,87,87,,27.4,27.8,27,30,30.4,29.7
2025-04-07T18:00:00Z,36,36,,93,93,,19.1,19.3,18.9,20.2,20.2,20.1
2025-04-08T00:00:00Z,56,56,,77,77,,18.7,19.2,18.2,20.1,20.4,19.8
2025-04-08T06:00:00Z,61,61,,75,75,,20.2,20.6,19.7,21.6,21.9,21.3
2025-04-08T12:00:00Z,46,46,,86,86,,28.6,29,28.3,32.1,32.4,31.8
2025-04-08T18:00:00Z,39,39,,90,90,,13.6,13.6,13.5,14.3,14.2,14.4
2025-04-09T00:00:00Z,58,58,,76,76,,19.4,19.6,19.1,20.8,20.9,20.7
2025-04-09T06:00:00Z,64,64,,74,74,,19.8,20,19.7,20.9,20.8,20.9
2025-04-09T12:00:00Z,44,44,,88,88,,29.1,29.4,28.8,31.8,32,31.5
2025-04-09T18:00:00Z,41,41,,89,89,,14.9,15,14.7,15.5,15.5,15.5
2025-04-10T00:00:00Z,61,61,,75,75,,29.3,29.9,28.6,31.7,32.4,31.1
2025-04-10T06:00:00Z,64,64,,74,74,,25.4,25.6,25.1,27.1,27,27.1
2025-04-10T12:00:00Z,47,47,,86,86,,32.3,32.6,31.9,36.6,37,36.3
2025-04-10T18:00:00Z,39,39,,90,90,,16.9,16.9,16.9,17.7,17.6,17.8
2025-04-11T00:00:00Z,60,60,,76,76,,23,23.3,22.8,24.4,24.5,24.4
2025-04-11T06:00:00Z,63,63,,74,74,,22.5,23.3,21.7,24.1,24.7,23.5
2025-04-11T12:00:00Z,47,47,,87,87,,35.3,36.2,34.5,40.9,42,39.8
2025-04-11T18:00:00Z,32,32,,96,96,,14.6,15,14.2,15.4,15.6,15.1
2025-04-12T00:00:00Z,55,55,,78,78,,26.2,27.2,25.2,28,28.8,27.1
2025-04-12T06:00:00Z,62,62,,75,75,,28.2,29.4,26.9,30.3,31.5,29.2
2025-04-12T12:00:00Z,44,44,,89,89,,36.1,37,35.3,42,42.9,41
2025-04-12T18:00:00Z,32,32,,97,97,,23.2,23.8,22.7,24.4,24.9,23.9
2025-04-13T00:00:00Z,56,56,,77,77,,31.1,31.9,30.2,34.7,35.5,33.9
2025-04-13T06:00:00Z,64,64,,74,74,,26.6,27.8,25.5,29,30.1,27.8
2025-04-13T12:00:00Z,43,43,,88,88,,37.1,38.1,36.1,43.1,44.2,42
2025-04-13T18:00:00Z,35,35,,92,92,,18.2,18.7,17.6,19.1,19.5,18.6
2025-04-14T00:00:00Z,57,57,,76,76,,23.6,24.2,23.1,25.5,25.9,25.2
2025-04-14T06:00:00Z,65,65,,73,73,,19,19.4,18.6,20.2,20.4,20
2025-04-14T12:00:00Z,43,43,,88,88,,33.5,34.1,32.8,39.1,39.8,38.4
2025-04-14T18:00:00Z,35,35,,92,92,,14.8,15.1,14.6,15.9,16,15.8
2025-04-15T00:00:00Z,58,58,,75,75,,22.1,22.7,21.5,24.1,24.6,23.6
2025-04-15T06:00:00Z,68,68,,71,71,,30.1,31,29.2,34.4,35.3,33.4
2025-04-15T12:00:00Z,51,51,,82,82,,37,37.8,36.1,44.3,45.4,43.2
2025-04-15T18:00:00Z,40,40,,87,87,,20.2,20.3,20,21.4,21.4,21.4
2025-04-16T00:00:00Z,61,61,,73,73,,32.6,33.5,31.8,36.5,37.1,35.8
2025-04-16T06:00:00Z,69,69,,69,69,,36.4,37.5,35.2,42.4,43.6,41.3
2025-04-16T12:00:00Z,54,54,,78,78,,28.8,29.5,28.2,34.3,35,33.5
2025-04-16T18:00:00Z,43,43,,84,84,,13.2,13.2,13.1,13.9,13.8,14
2025-04-17T00:00:00Z,61,61,,72,72,,27.6,28.3,27,30,30.4,29.6
2025-04-17T06:00:00Z,68,68,,69,69,,27.1,27.8,26.4,29.9,30.6,29.1
2025-04-17T12:00:00Z,46,46,,84,84,,43.2,44.3,42.1,52.6,54.1,51.1
2025-04-17T18:00:00Z,44,44,,85,85,,21.6,21.9,21.2,22.8,23.1,22.6
2025-04-18T00:00:00Z,61,61,,73,73,,35.3,36.6,34,40.3,41.6,38.9
2025-04-18T06:00:00Z,66,66,,71,71,,38.2,39.9,36.5,44.8,46.7,42.8
2025-04-18T12:00:00Z,45,45,,86,86,,44.3,45.8,42.8,49.5,51.4,47.6
2025-04-18T18:00:00Z,40,40,,87,87,,14,14.2,13.7,14.7,14.8,14.5
2025-04-19T00:00:00Z,60,60,,74,74,,27.9,28.8,27,30.2,31.1,29.4
2025-04-19T06:00:00Z,66,66,,72,72,,34.3,35.8,32.8,39,40.9,37.2
2025-04-19T12:00:00Z,47,47,,85,85,,36.4,37.5,35.3,42.3,43.7,40.9
2025-04-19T18:00:00Z,39,39,,90,90,,20.1,20.5,19.7,21.1,21.5,20.8
2025-04-20T00:00:00Z,61,61,,74,74,,24.9,25.9,23.9,26.3,27.2,25.5
2025-04-20T06:00:00Z,67,67,,71,71,,27.5,28.5,26.5,29.9,30.8,28.9
2025-04-20T12:00:00Z,47,47,,85,85,,24.8,25.5,24.1,27.7,28.5,26.9
2025-04-20T18:00:00Z,43,43,,85,85,,13,13.3,12.7,13.5,13.7,13.3
2025-04-21T00:00:00Z,60,60,,75,75,,25.1,25.8,24.4,26.9,27.5,26.3
2025-04-21T06:00:00Z,65,65,,73,73,,22.8,23.9,21.8,24.3,25.4,23.1
2025-04-21T12:00:00Z,47,47,,85,85,,43.2,44.8,41.6,47.4,49.1,45.7
2025-04-21T18:00:00Z,41,41,,88,88,,21.9,22.4,21.4,22.9,23.2,22.5
2025-04-22T00:00:00Z,62,62,,74,74,,31.9,33.3,30.6,35.3,36.9,33.8
2025-04-22T06:00:00Z,67,67,,71,71,,37.6,39.4,35.9,44.4,46.5,42.2
2025-04-22T12:00:00Z,51,51,,83,83,,48.3,49.7,46.9,59.2,60.8,57.5
2025-04-22T18:00:00Z,40,40,,89,89,,26,26.7,25.3,28.2,28.9,27.5
2025-04-23T00:00:00Z,62,62,,74,74,,28.2,29.4,27,30.8,31.9,29.6
2025-04-23T06:00:00Z,69,69,,71,71,,45.9,48,43.8,53.2,55.6,50.8
2025-04-23T12:00:00Z,46,46,,86,86,,47.1,48.5,45.7,57.2,58.7,55.7
2025-04-23T18:00:00Z,38,38,,90,90,,19.7,20.3,19.2,20.9,21.4,20.4
2025-04-24T00:00:00Z,59,59,,75,75,,28.4,29.5,27.4,30.7,31.8,29.6
2025-04-24T06:00:00Z,64,64,,72,72,,33.7,35.1,32.2,37.8,39.4,36.2
2025-04-24T12:00:00Z,47,47,,85,85,,47.9,49.4,46.4,54.9,56.4,53.5
2025-04-24T18:00:00Z,41,41,,87,87,,23.9,24.5,23.4,25.6,26,25.2
2025-04-25T00:00:00Z,55,55,,77,77,,33.4,34.6,32.3,38,39.2,36.8
2025-04-25T06:00:00Z,61,61,,74,74,,40.3,42,38.6,47.9,49.7,46.1
2025-04-25T12:00:00Z,45,45,,86,86,,49.5,50.9,48.2,59.7,61.1,58.3
2025-04-25T18:00:00Z,39,39,,89,89,,26.6,27.1,26.1,29.2,29.7,28.7
2025-04-26T00:00:00Z,59,59,,74,74,,29.1,30.1,28.1,31.8,32.6,30.9
2025-04-26T06:00:00Z,66,66,,71,71,,30.3,31.4,29.2,34,35.2,32.9
2025-04-26T12:00:00Z,49,49,,83,83,,41.8,42.9,40.8,48.8,50,47.7
2025-04-26T18:00:00Z,40,40,,87,87,,18.9,19.3,18.5,20.5,20.8,20.2
2025-04-27T00:00:00Z,59,59,,74,74,,33.7,34.9,32.4,38.1,39.4,36.8
2025-04-27T06:00:00Z,65,65,,72,72,,38.1,40,36.3,44.5,46.5,42.4
2025-04-27T12:00:00Z,41,41,,89,89,,51.3,53.5,49.1,59.3,61.1,57.5
2025-04-27T18:00:00Z,36,36,,90,90,,22.9,23.6,22.3,25,25.7,24.3
2025-04-28T00:00:00Z,56,56,,75,75,,26.2,27.2,25.2,28.1,29,27.3
2025-04-28T06:00:00Z,62,62,,72,72,,27.5,28.5,26.6,30.5,31.3,29.6
2025-04-28T12:00:00Z,50,50,,81,81,,36,36.9,35.2,42,42.8,41.1
2025-04-28T18:00:00Z,43,43,,84,84,,16.2,16.4,16.1,17.3,17.2,17.3
2025-04-29T00:00:00Z,58,58,,75,75,,30.4,31.3,29.6,33.9,34.7,33.1
2025-04-29T06:00:00Z,66,66,,71,71,,23.9,25.1,22.7,25.5,26.6,24.4
2025-04-29T12:00:00Z,51,51,,81,81,,32.5,33.9,31.1,37.7,39.5,35.9
2025-04-29T18:00:00Z,44,44,,84,84,,19.7,20.4,19,20.9,21.6,20.3
2025-04-30T00:00:00Z,64,64,,71,71,,36.5,38.1,34.8,42.9,44.9,40.8
2025-04-30T06:00:00Z,67,67,,70,70,,42.4,44.5,40.3,52.2,54.9,49.5
2025-04-30T12:00:00Z,54,54,,79,79,,42.6,44.2,40.9,52.5,54.5,50.5
2025-04-30T18:00:00Z,41,41,,87,87,,25.3,26.2,24.4,28,29,27
2025-05-01T00:00:00Z,60,60,,73,73,,37.4,39.2,35.7,43.9,46,41.9
2025-05-01T06:00:00Z,66,66,,71,71,,38.3,40.2,36.4,45.6,48,43.2
2025-05-01T12:00:00Z,48,48,,82,82,,48.4,50.3,46.4,57.8,59.9,55.8
2025-05-01T18:00:00Z,39,39,,87,87,,25.3,26.4,24.2,27.1,28.2,26
2025-05-02T00:00:00Z,57,57,,75,75,,26.6,27.7,25.5,28.9,30,27.9
2025-05-02T06:00:00Z,61,61,,73,73,,35,36.7,33.4,40.6,42.6,38.7
2025-05-02T12:00:00Z,45,45,,85,85,,43.4,45.2,41.6,48.9,51,46.9
2025-05-02T18:00:00Z,39,39,,88,88,,27.8,28.9,26.7,30.7,31.8,29.5
2025-05-03T00:00:00Z,57,57,,74,74,,23.2,24.6,21.9,24.6,25.8,23.3
2025-05-03T06:00:00Z,64,64,,71,71,,30.5,32.2,28.8,34,35.6,32.3
2025-05-03T12:00:00Z,46,46,,85,85,,53.6,56.5,50.7,62,64.5,59.5
2025-05-03T18:00:00Z,40,40,,87,87,,26.4,27.5,25.3,28.5,29.7,27.3
2025-05-04T00:00:00Z,59,59,,73,73,,26.3,27.5,25.1,28.3,29.4,27.2
2025-05-04T06:00:00Z,66,66,,70,70,,22.5,23.4,21.6,24,24.8,23.3
2025-05-06T12:00:00Z,41,41,,89,89,,41.2,44.5,37.9,49.1,52.9,45.3
2025-05-06T18:00:00Z,40,40,,87,87,,55.6,61.4,49.7,61,66.5,55.5
2025-05-07T00:00:00Z,57,57,,74,74,,26.2,29,23.5,28.6,31.5,25.7
2025-05-07T06:00:00Z,67,67,,70,70,,30.8,33.7,27.8,35.2,39.1,31.3
2025-05-07T12:00:00Z,48,48,,83,83,,47.8,52.7,42.9,54.5,60.5,48.4
2025-05-07T18:00:00Z,40,40,,86,86,,23.5,26,21,25.5,28.3,22.8
2025-05-08T00:00:00Z,61,61,,72,72,,26.4,29.4,23.3,28.9,32.1,25.6
2025-05-08T06:00:00Z,68,68,,69,69,,34.1,37.3,30.9,39.5,43.7,35.3
2025-05-08T12:00:00Z,56,56,,77,77,,44.7,47.8,41.5,55.8,60,51.5
2025-05-08T18:00:00Z,43,43,,84,84,,24.7,27.4,22,26.7,29.6,23.8
2025-05-09T00:00:00Z,64,64,,70,70,,27.6,30.5,24.6,29.9,33.3,26.5
2025-05-09T06:00:00Z,71,71,,67,67,,35.3,38.3,32.3,42.1,46.4,37.7
2025-05-09T12:00:00Z,64,64,,71,71,,29.5,32.5,26.5,33.9,37.7,30.1
2025-05-09T18:00:00Z,46,46,,81,81,,17.3,19.5,15.1,18.3,20.4,16.2
2025-05-10T00:00:00Z,65,65,,69,69,,31,34,27.9,35.1,39.1,31.1
2025-05-10T06:00:00Z,67,67,,68,68,,46.6,50.6,42.5,57.2,61.9,52.6
2025-05-10T12:00:00Z,51,51,,79,79,,47.3,51.5,43.1,57.1,61.9,52.3
2025-05-10T18:00:00Z,44,44,,82,82,,42,45.4,38.5,51.5,55.8,47.1
2025-05-11T00:00:00Z,64,64,,69,69,,39.9,44.1,35.8,48.2,53.5,42.9
2025-05-11T06:00:00Z,67,67,,68,68,,47.7,52.6,42.7,59.6,65.5,53.7
2025-05-11T12:00:00Z,54,54,,77,77,,46.2,50.1,42.4,57.8,62.8,52.8
2025-05-11T18:00:00Z,47,47,,80,80,,24.1,27,21.3,25.7,28.7,22.8
2025-05-12T00:00:00Z,64,64,,70,70,,31.6,35.5,27.8,35.8,40.8,30.9
2025-05-12T06:00:00Z,66,66,,69,69,,34.8,38.6,30.9,40.7,45.9,35.6
2025-05-12T12:00:00Z,50,50,,80,80,,40.5,44.7,36.3,48,53,43.1
2025-05-12T18:00:00Z,43,43,,83,83,,25.4,28.2,22.6,27.8,31,24.6
2025-05-13T00:00:00Z,64,64,,70,70,,33.2,36.8,29.5,37.9,42.5,33.4
2025-05-13T06:00:00Z,66,66,,69,69,,33.8,37.4,30.1,39.3,44.1,34.4
2025-05-13T12:00:00Z,59,59,,73,73,,34.2,37.7,30.7,39.8,44.4,35.3
2025-05-13T18:00:00Z,43,43,,82,82,,26.3,29.4,23.3,28.9,32.3,25.5
2025-05-14T00:00:00Z,64,64,,69,69,,35.6,39.7,31.5,41.5,46.7,36.3
2025-05-14T06:00:00Z,68,68,,68,68,,43.4,47.8,39,53.8,59.5,48.2
2025-05-14T12:00:00Z,53,53,,77,77,,41.5,45.3,37.8,51.1,56,46.1
2025-05-14T18:00:00Z,42,42,,84,84,,24.8,27.6,22.1,27.3,30.4,24.2
2025-05-15T00:00:00Z,62,62,,71,71,,27.8,31.2,24.4,30.3,34.2,26.5
2025-05-15T06:00:00Z,63,63,,70,70,,38.3,42.5,34.1,44.8,49.8,39.9
2025-05-15T12:00:00Z,41,41,,87,87,,57.2,63.4,51,66.3,71.6,60.9
2025-05-15T18:00:00Z,38,38,,88,88,,27.9,30.5,25.3,30.7,33.8,27.6
2025-05-16T00:00:00Z,63,63,,71,71,,35,38.6,31.4,40.3,45.2,35.5
2025-05-16T06:00:00Z,66,66,,70,70,,44.9,49.4,40.4,55.3,61,49.6
2025-05-16T12:00:00Z,47,47,,84,84,,61.6,68.3,55,71.1,77.5,64.8
2025-05-16T18:00:00Z,42,42,,87,87,,30.6,33.6,27.6,34.4,38.3,30.5
2025-05-17T00:00:00Z,65,65,,71,71,,39.2,43.3,35.2,47.1,52.5,41.8
2025-05-17T06:00:00Z,66,66,,71,71,,51.2,56.5,45.8,63,69.3,56.7
2025-05-17T12:00:00Z,45,45,,86,86,,44.6,48.8,40.4,53.7,58.2,49.1
2025-05-17T18:00:00Z,43,43,,86,86,,23.1,26,20.3,24.7,27.7,21.8
2025-05-18T00:00:00Z,65,65,,71,71,,41.6,46,37.2,49.7,55.1,44.3
2025-05-18T06:00:00Z,70,70,,69,69,,44.1,48.7,39.6,54.1,60,48.2
2025-05-18T12:00:00Z,53,53,,80,80,,66.6,74,59.2,76.5,84.4,68.5
2025-05-18T18:00:00Z,42,42,,87,87,,37.8,41,34.6,44.8,49.2,40.4
2025-05-19T00:00:00Z,65,65,,71,71,,38.9,42.8,35,46.5,51.8,41.3
2025-05-19T06:00:00Z,70,70,,69,69,,45.7,50.3,41.1,56.6,62.4,50.9
2025-05-19T12:00:00Z,61,61,,74,74,,44.9,48.9,40.9,55.6,60.4,50.8
2025-05-19T18:00:00Z,46,46,,82,82,,36.5,39.8,33.3,43,47.5,38.5
2025-05-20T00:00:00Z,67,67,,69,69,,39.7,44,35.4,47.5,53.2,41.8
2025-05-20T06:00:00Z,68,68,,68,68,,48.1,52.8,43.3,60.6,66.8,54.4
2025-05-20T12:00:00Z,61,61,,73,73,,43.4,47.2,39.5,54,59,48.9
2025-05-20T18:00:00Z,52,52,,77,77,,30.1,33.4,26.9,33.4,37.5,29.4
2025-05-21T00:00:00Z,64,64,,70,70,,35.1,38.8,31.4,40.8,45.9,35.8
2025-05-21T06:00:00Z,64,64,,70,70,,43.6,48,39.2,53.9,59.5,48.3
2025-05-21T12:00:00Z,49,49,,81,81,,41.7,45,38.4,51.4,55.9,46.9
2025-05-21T18:00:00Z,46,46,,81,81,,38.3,41.4,35.2,46.7,50.8,42.6
2025-05-22T00:00:00Z,64,64,,70,70,,38.8,43,34.6,46.6,52,41.2
2025-05-22T06:00:00Z,66,66,,69,69,,45.6,50.2,41,56.5,62.6,50.5
2025-05-22T12:00:00Z,60,60,,73,73,,46.9,50.9,42.9,58.8,64.1,53.6
2025-05-22T18:00:00Z,48,48,,80,80,,30.5,33.6,27.3,34.4,38.2,30.6
2025-05-23T00:00:00Z,63,63,,70,70,,38.5,42.4,34.6,46,51.1,40.9
2025-05-23T06:00:00Z,64,64,,69,69,,37.7,41.6,33.8,45.6,50.7,40.4
2025-05-23T12:00:00Z,57,57,,74,74,,41,44.7,37.4,50.6,55.4,45.8
2025-05-23T18:00:00Z,48,48,,77,77,,31.6,34.8,28.5,36.1,40.3,32
2025-05-24T00:00:00Z,62,62,,70,70,,37.1,40.8,33.5,44.9,49.6,40.1
2025-05-24T06:00:00Z,65,65,,69,69,,38.7,42.7,34.7,47.1,52.2,42
2025-05-24T12:00:00Z,60,60,,73,73,,39.5,43.2,35.8,47.7,52.6,42.8
2025-05-24T18:00:00Z,54,54,,74,74,,37.2,40.7,33.6,43.9,48.5,39.2
2025-05-25T00:00:00Z,61,61,,70,70,,40,44,36,48.4,53.6,43.3
2025-05-25T06:00:00Z,63,63,,69,69,,36.1,39.6,32.5,43.1,48,38.2
2025-05-25T12:00:00Z,51,51,,78,78,,42.7,46.3,39.1,52.4,57,47.8
2025-05-25T18:00:00Z,44,44,,81,81,,29.1,32.1,26.1,32.9,36.7,29.2
2025-05-26T00:00:00Z,58,58,,70,70,,25.1,28.3,21.9,27,30.2,23.7
2025-05-26T06:00:00Z,61,61,,69,69,,29.6,32.9,26.2,32.5,36.3,28.7
2025-05-26T12:00:00Z,46,46,,81,81,,33.9,37,30.7,39.2,43.1,35.3
2025-05-26T18:00:00Z,41,41,,84,84,,19.9,22,17.7,21,23,19
2025-05-27T00:00:00Z,63,63,,70,70,,27.8,31.2,24.4,30.2,33.9,26.4
2025-05-27T06:00:00Z,69,69,,67,67,,33.6,37.4,29.8,38.6,43.3,34
2025-05-27T12:00:00Z,55,55,,77,77,,47,51.5,42.6,57.9,63,52.8
2025-05-27T18:00:00Z,44,44,,84,84,,31,34.1,27.9,35.2,39.2,31.3
2025-05-28T00:00:00Z,66,66,,69,69,,40.4,44.6,36.2,48.8,54.4,43.2
2025-05-28T06:00:00Z,66,66,,70,70,,56.4,62.9,49.9,68.1,75.5,60.6
2025-05-28T12:00:00Z,55,55,,78,78,,60.9,68,53.8,72.7,79.6,65.7
2025-05-28T18:00:00Z,43,43,,84,84,,35.7,39.1,32.3,41.9,46.6,37.3
2025-05-29T00:00:00Z,65,65,,70,70,,48.3,52.9,43.8,60.9,67,54.8
2025-05-29T06:00:00Z,67,67,,68,68,,36.3,40.2,32.5,43.4,48.5,38.2
2025-05-29T12:00:00Z,62,62,,71,71,,37.2,41,33.3,44.5,49.4,39.5
2025-05-29T18:00:00Z,50,50,,77,77,,30.7,34.2,27.2,34.3,38.4,30.1
2025-05-30T00:00:00Z,63,63,,69,69,,37.9,42,33.8,45.2,50.5,39.8
2025-05-30T06:00:00Z,69,69,,66,66,,32.9,36.9,28.8,38.6,43.5,33.7
2025-05-30T12:00:00Z,63,63,,69,69,,23.3,26.6,20,25,28.4,21.5
2025-05-30T18:00:00Z,59,59,,71,71,,26.2,29.7,22.7,28.3,32.1,24.5
2025-05-31T00:00:00Z,65,65,,68,68,,33.7,37.5,29.9,38.7,43.7,33.8
2025-05-31T06:00:00Z,69,69,,67,67,,36.1,40.2,31.9,42.7,48.3,37.1
2025-05-31T12:00:00Z,67,67,,69,69,,34.5,38.4,30.5,40.1,45.4,34.7
2025-05-31T18:00:00Z,63,63,,70,70,,40.5,45,36,48.9,54.8,43
2025-06-01T00:00:00Z,63,63,,69,69,,46.8,51.9,41.6,56.9,63.2,50.6
2025-06-01T06:00:00Z,66,66,,68,68,,51,56.6,45.4,63.4,70,56.8
2025-06-01T12:00:00Z,61,61,,72,72,,40.5,44.4,36.6,49.5,54.7,44.3
2025-06-01T18:00:00Z,57,57,,74,74,,44.9,49.1,40.7,55.3,60.8,49.8
2025-06-02T00:00:00Z,66,66,,68,68,,43.7,48.5,38.8,53.9,60.1,47.6
2025-06-02T06:00:00Z,68,68,,67,67,,55.2,61.5,48.9,69,76.2,61.8
2025-06-02T12:00:00Z,64,64,,70,70,,44.7,49,40.4,56.2,61.9,50.4
2025-06-02T18:00:00Z,53,53,,76,76,,48.4,53.2,43.7,60.1,65.8,54.3
2025-06-03T00:00:00Z,65,65,,69,69,,47.3,52.3,42.2,59,65.5,52.5
2025-06-03T06:00:00Z,68,68,,68,68,,46.6,51.3,41.9,58.9,65.2,52.6
2025-06-03T12:00:00Z,59,59,,74,74,,46.2,50.4,42,58.1,63.7,52.6
2025-06-03T18:00:00Z,43,43,,84,84,,34.5,38.4,30.5,40.2,45,35.4
2025-06-04T00:00:00Z,65,65,,70,70,,44.9,49.9,39.9,55.5,62,49
2025-06-04T06:00:00Z,69,69,,68,68,,34.8,38.7,30.9,42.4,47.4,37.4
2025-06-04T12:00:00Z,66,66,,70,70,,25.1,28.4,21.8,27.9,32.1,23.8
2025-06-04T18:00:00Z,60,60,,71,71,,31.7,35,28.4,35.2,39.2,31.2
2025-06-05T00:00:00Z,68,68,,68,68,,41.9,45.9,37.8,51.1,56.3,45.8
2025-06-05T06:00:00Z,70,70,,67,67,,38.3,41.7,34.8,46.2,50.7,41.7
2025-06-05T12:00:00Z,67,67,,69,69,,36.4,39.8,33,43.3,47.8,38.9
2025-06-05T18:00:00Z,60,60,,71,71,,33.9,37.2,30.6,39.1,43.2,35
2025-06-06T00:00:00Z,68,68,,68,68,,30.4,33.8,27,33.8,37.8,29.8
2025-06-06T06:00:00Z,72,72,,66,66,,33.7,36.9,30.4,39.5,43.7,35.3
2025-06-06T12:00:00Z,65,65,,70,70,,33.8,36.8,30.7,39.4,43.3,35.5
2025-06-06T18:00:00Z,60,60,,71,71,,39,42.3,35.6,46.8,51.3,42.3
2025-06-07T00:00:00Z,68,68,,68,68,,37.4,41.1,33.6,44.2,49,39.4
2025-06-07T06:00:00Z,69,69,,67,67,,33.8,37.1,30.4,39.7,43.8,35.5
2025-06-07T12:00:00Z,62,62,,70,70,,35.2,38.5,32,41.4,45.6,37.3
2025-06-07T18:00:00Z,55,55,,73,73,,35.7,38.7,32.7,42.3,46.4,38.3
2025-06-08T00:00:00Z,64,64,,68,68,,41.3,44.9,37.6,50.6,55.3,46
2025-06-08T06:00:00Z,67,67,,67,67,,32.3,35.4,29.3,37.2,41.1,33.3
2025-06-08T12:00:00Z,60,60,,71,71,,28.7,31.5,25.9,31.6,34.8,28.5
2025-06-08T18:00:00Z,52,52,,75,75,,17.6,19.5,15.7,18.8,20.8,16.9
2025-06-09T00:00:00Z,64,64,,70,70,,21.6,24.2,19,23.2,25.9,20.5
2025-06-09T06:00:00Z,68,68,,68,68,,31.1,34.3,27.8,35.1,39.2,30.9
2025-06-09T12:00:00Z,60,60,,72,72,,42.4,45.9,39,52.9,57.5,48.3
2025-06-09T18:00:00Z,51,51,,76,76,,35.5,38.3,32.7,42.8,46.4,39.1
2025-06-10T00:00:00Z,66,66,,68,68,,25.4,28.4,22.4,27.9,31.2,24.6
2025-06-10T06:00:00Z,65,65,,69,69,,35.4,38.1,32.7,42.4,46.2,38.6
2025-06-10T12:00:00Z,57,57,,75,75,,39.7,42.7,36.6,48.2,52.3,44.1
2025-06-10T18:00:00Z,54,54,,77,77,,38.7,42,35.5,46.6,50.9,42.2
2025-06-11T00:00:00Z,64,64,,72,72,,40.4,43.6,37.2,49.1,53.3,44.9
2025-06-11T06:00:00Z,65,65,,71,71,,32.4,35.2,29.6,38.2,41.8,34.6
2025-06-11T12:00:00Z,53,53,,79,79,,57.9,63.6,52.3,68.5,74.6,62.3
2025-06-11T18:00:00Z,46,46,,82,82,,24.6,27.3,21.8,27,29.9,24
2025-06-12T00:00:00Z,63,63,,72,72,,31.8,35,28.7,35.6,39.7,31.6
2025-06-12T06:00:00Z,68,68,,68,68,,24.7,27.1,22.2,27,29.9,24.1
2025-06-12T12:00:00Z,49,49,,80,80,,34.3,37.3,31.2,39.6,43.7,35.6
2025-06-12T18:00:00Z,55,55,,76,76,,34.6,37.9,31.3,40.2,44.4,35.9
2025-06-13T00:00:00Z,64,64,,71,71,,39.3,42.6,35.9,47.6,52,43.2
2025-06-13T06:00:00Z,66,66,,70,70,,39,42.2,35.8,47.7,52,43.4
2025-06-13T12:00:00Z,60,60,,74,74,,36,39.1,32.8,42.8,47.1,38.5
2025-06-13T18:00:00Z,57,57,,74,74,,21.6,24.2,19.1,23.8,26.5,21.2
2025-06-14T00:00:00Z,66,66,,70,70,,25.3,28.4,22.2,27.4,30.8,24
2025-06-14T06:00:00Z,70,70,,69,69,,29.8,32.8,26.8,33.4,37.4,29.4
2025-06-14T12:00:00Z,60,60,,74,74,,36.4,39.5,33.4,43.2,47.5,38.9
2025-06-14T18:00:00Z,58,58,,74,74,,37.3,40.6,34,44.2,48.7,39.6
2025-06-15T00:00:00Z,65,65,,71,71,,38.3,41.5,35.1,45.9,50.2,41.5
2025-06-15T06:00:00Z,67,67,,70,70,,40,43.2,36.8,49.2,53.4,45
2025-06-15T12:00:00Z,62,62,,73,73,,38.5,41.7,35.2,46.9,51.2,42.5
2025-06-15T18:00:00Z,54,54,,76,76,,29.1,32.2,26.1,32.9,36.6,29.2
2025-06-16T00:00:00Z,65,65,,70,70,,27.3,30.3,24.3,31,34.8,27.3
2025-06-16T06:00:00Z,70,70,,69,69,,24.5,27.9,21.1,27.2,30.8,23.6
2025-06-16T12:00:00Z,63,63,,73,73,,24,27.2,20.8,26.7,30.2,23.1
2025-06-16T18:00:00Z,57,57,,75,75,,35.1,38.7,31.5,41,46,36
2025-06-17T00:00:00Z,69,69,,69,69,,35.1,38.6,31.5,41.2,45.8,36.7
2025-06-17T06:00:00Z,73,73,,67,67,,13,14.9,11,14,15.9,12.1
2025-06-17T12:00:00Z,65,65,,71,71,,28.5,31.9,25.2,32.2,36.3,28.1
2025-06-17T18:00:00Z,63,63,,71,71,,37.5,41.1,33.8,44.7,49.5,39.8
2025-06-18T00:00:00Z,69,69,,68,68,,31.2,34.9,27.6,36.5,40.8,32.1
2025-06-18T06:00:00Z,69,69,,68,68,,28.3,31.6,25.1,32.2,36.3,28.1
2025-06-18T12:00:00Z,63,63,,72,72,,34.2,37.5,30.8,40.6,45.2,36.1
2025-06-18T18:00:00Z,63,63,,71,71,,39.3,42.9,35.7,47.3,52,42.6
2025-06-19T00:00:00Z,69,69,,69,69,,31.2,34.6,27.9,35.4,39.5,31.3
2025-06-19T06:00:00Z,73,73,,67,67,,22.5,25.2,19.8,25.1,28.3,21.8
2025-06-19T12:00:00Z,70,70,,69,69,,13.5,15.4,11.5,14.2,16,12.3
2025-06-19T18:00:00Z,64,64,,70,70,,11.6,12.7,10.5,12.2,13.3,11.2
2025-06-20T00:00:00Z,66,66,,69,69,,20.2,22.8,17.7,21.7,24.4,19
2025-06-20T06:00:00Z,65,65,,69,69,,17.8,20.1,15.5,19.3,21.6,16.9
2025-06-20T12:00:00Z,61,61,,72,72,,39.7,43.3,36,47,51.2,42.8
2025-06-20T18:00:00Z,64,64,,71,71,,37.2,40.5,34,44.6,48.9,40.3
2025-06-21T00:00:00Z,70,70,,67,67,,37.2,40.6,33.8,45,49.6,40.4
2025-06-21T06:00:00Z,71,71,,67,67,,35.7,39.6,31.8,41.2,45.8,36.7
2025-06-21T12:00:00Z,71,71,,67,67,,39,42.4,35.6,47.3,51.9,42.7
2025-06-21T18:00:00Z,63,63,,70,70,,38.2,41.5,35,45.4,49.8,41
2025-06-22T00:00:00Z,70,70,,66,66,,43.9,47.3,40.5,54.1,58.3,50
2025-06-22T12:00:00Z,67,67,,68,68,,21.2,24.1,18.4,22.4,25.3,19.4
2025-06-22T18:00:00Z,68,68,,67,67,,26.7,29.5,23.9,28.9,32.1,25.7
2025-06-23T00:00:00Z,66,66,,68,68,,28,30.4,25.5,31,33.9,28.1
2025-06-23T06:00:00Z,68,68,,67,67,,27.4,30,24.9,30.4,33.4,27.4
2025-06-23T12:00:00Z,57,57,,74,74,,42.3,45,39.6,51.8,55.5,48.2
2025-06-23T18:00:00Z,49,49,,80,80,,38.9,41.7,36.2,46.6,50.4,42.8
2025-06-24T00:00:00Z,66,66,,69,69,,50.1,54.1,46.2,61.1,65.3,57
2025-06-24T06:00:00Z,71,71,,66,66,,72.7,81.2,64.3,81.8,88.9,74.6
2025-06-24T12:00:00Z,47,47,,83,83,,82.8,90.3,75.2,89.9,96.9,82.8
2025-06-24T18:00:00Z,44,44,,83,83,,24.8,27.3,22.3,26.5,29.2,23.7
2025-06-25T00:00:00Z,64,64,,70,70,,26.1,28.5,23.7,28.4,31.1,25.7
2025-06-25T06:00:00Z,67,67,,68,68,,24.2,26.3,22,26.5,28.8,24.2
2025-06-25T12:00:00Z,52,52,,78,78,,43.4,46.4,40.3,52.8,56.5,49.2
2025-06-25T18:00:00Z,47,47,,81,81,,31.9,34.8,29,36.7,40.1,33.2
2025-06-26T00:00:00Z,66,66,,69,69,,39.7,42.7,36.7,48.3,52.1,44.5
2025-06-26T06:00:00Z,65,65,,70,70,,43.7,46.6,40.8,54.7,58.5,50.9
2025-06-26T12:00:00Z,58,58,,75,75,,45.1,48.1,42,56.2,59.9,52.5
2025-06-26T18:00:00Z,51,51,,78,78,,38.8,41.6,36,47,50.7,43.3
2025-06-27T00:00:00Z,66,66,,70,70,,42.4,45.5,39.4,52.6,56.5,48.7
2025-06-27T06:00:00Z,69,69,,69,69,,37.1,39.8,34.4,45.6,49.3,41.9
2025-06-27T12:00:00Z,66,66,,71,71,,38,40.6,35.4,46.3,49.9,42.7
2025-06-27T18:00:00Z,69,69,,69,69,,17.5,19.1,15.9,18.9,20.5,17.2
2025-06-28T00:00:00Z,73,73,,67,67,,25.9,28.5,23.3,28.4,31.3,25.5
2025-06-28T06:00:00Z,74,74,,67,67,,24.4,26.9,22,27.4,30,24.7
2025-06-28T12:00:00Z,66,66,,71,71,,29.5,32.1,26.8,34,37.2,30.8
2025-06-28T18:00:00Z,69,69,,69,69,,32.1,34.9,29.4,36.5,39.9,33.1
2025-06-29T00:00:00Z,72,72,,67,67,,35,37.8,32.2,41.7,45.6,37.7
2025-06-29T06:00:00Z,74,74,,65,65,,8.5,9.2,7.8,9.2,9.9,8.6
2025-06-29T12:00:00Z,68,68,,69,69,,14.9,16.4,13.4,15.8,17.3,14.4
2025-06-29T18:00:00Z,64,64,,70,70,,25.6,27.9,23.3,28.4,31.1,25.8
2025-06-30T00:00:00Z,74,74,,67,67,,19.7,22,17.4,21,23.3,18.6
2025-06-30T06:00:00Z,73,73,,67,67,,27.2,29.8,24.6,31.1,34.2,28.1
2025-06-30T12:00:00Z,67,67,,70,70,,27,29.7,24.3,30.2,33.4,27.1
2025-06-30T18:00:00Z,69,69,,68,68,,30.7,33.6,27.7,34.7,38.1,31.3
2025-07-01T00:00:00Z,71,71,,67,67,,36.7,39.8,33.5,44.1,48.3,39.9
2025-07-01T06:00:00Z,73,73,,66,66,,30,33,27,34.9,38.6,31.2
2025-07-01T12:00:00Z,69,69,,68,68,,23.7,26.1,21.3,25.9,28.7,23.2
2025-07-01T18:00:00Z,62,62,,70,70,,37.2,40.1,34.4,43.3,47,39.6
2025-07-02T00:00:00Z,68,68,,67,67,,35.4,38.3,32.5,41.2,45,37.3
2025-07-02T06:00:00Z,69,69,,67,67,,37.3,40.3,34.3,44.7,48.7,40.7
2025-07-02T12:00:00Z,60,60,,73,73,,48.7,52.5,44.9,60.2,64.2,56.1
2025-07-02T18:00:00Z,51,51,,77,77,,33.3,35.8,30.8,38.3,41.9,34.8
2025-07-03T00:00:00Z,65,65,,69,69,,38.8,41.7,35.9,46.7,50.3,43.1
2025-07-03T06:00:00Z,71,71,,67,67,,41.8,45,38.6,52.1,56.1,48.1
2025-07-03T12:00:00Z,60,60,,74,74,,54.3,58.8,49.9,66.6,71.1,62.1
2025-07-03T18:00:00Z,50,50,,79,79,,38.7,41.4,36,46.6,50.4,42.8
2025-07-04T00:00:00Z,66,66,,70,70,,39.5,42.3,36.6,48.5,52.2,44.8
2025-07-04T06:00:00Z,70,70,,68,68,,39.1,42.1,36.2,48.4,52.3,44.4
2025-07-04T12:00:00Z,58,58,,76,76,,48.7,51.9,45.5,60.9,64.9,56.9
2025-07-04T18:00:00Z,46,46,,82,82,,44.1,47.2,41.1,54.4,58.3,50.4
2025-07-05T00:00:00Z,68,68,,69,69,,47,50.1,43.9,59,63,55
2025-07-05T06:00:00Z,71,71,,68,68,,34.3,37.2,31.4,40.7,44.6,36.8
2025-07-05T12:00:00Z,68,68,,70,70,,27,29.9,24,30,33.4,26.5
2025-07-05T18:00:00Z,68,68,,69,69,,32.3,35.4,29.1,36.6,40.5,32.6
2025-07-06T00:00:00Z,70,70,,67,67,,37.3,40.8,33.8,44,48.3,39.7
2025-07-06T06:00:00Z,72,72,,66,66,,25.3,28.3,22.3,28.1,31,25.2
2025-07-06T12:00:00Z,64,64,,70,70,,35.4,38.4,32.5,41.8,45.7,37.9
2025-07-06T18:00:00Z,64,64,,69,69,,38.1,41.4,34.9,46.1,50.4,41.9
2025-07-07T00:00:00Z,69,69,,67,67,,29.4,32.5,26.3,33.2,37,29.3
2025-07-07T06:00:00Z,71,71,,66,66,,28,31.3,24.7,31.8,35.3,28.3
2025-07-07T12:00:00Z,60,60,,72,72,,29.3,32.7,26,33.3,37.3,29.3
2025-07-07T18:00:00Z,47,47,,78,78,,27.9,31.3,24.4,31.6,35.6,27.6
2025-07-08T00:00:00Z,63,63,,69,69,,42.1,45.3,38.9,52.3,56.5,48.1
2025-07-08T06:00:00Z,66,66,,67,67,,32.3,35.2,29.3,37.9,41.7,34.2
2025-07-08T12:00:00Z,62,62,,70,70,,30.5,33.7,27.2,34.9,39.1,30.7
2025-07-08T18:00:00Z,56,56,,71,71,,29.5,32.6,26.4,33.3,37.1,29.5
2025-07-09T00:00:00Z,61,61,,69,69,,32.5,35.4,29.6,37,40.4,33.6
2025-07-09T06:00:00Z,68,68,,67,67,,27,29.6,24.4,29.7,32.5,26.9
2025-07-09T12:00:00Z,66,66,,69,69,,28.6,31.3,25.9,32.4,35.6,29.1
2025-07-09T18:00:00Z,62,62,,70,70,,31.1,34,28.1,35.1,38.5,31.6
2025-07-10T00:00:00Z,69,69,,67,67,,27.9,30.6,25.2,30.9,33.8,28
2025-07-10T06:00:00Z,66,66,,67,67,,29.9,32.7,27.1,34.5,37.8,31.2
2025-07-10T12:00:00Z,62,62,,69,69,,32.9,35.7,30.1,38.1,41.8,34.4
2025-07-10T18:00:00Z,62,62,,69,69,,32.3,35.1,29.5,37,40.6,33.4
2025-07-11T00:00:00Z,68,68,,67,67,,30.1,32.8,27.4,33.7,37,30.4
2025-07-11T06:00:00Z,71,71,,65,65,,30,32.9,27.2,34.2,37.6,30.8
2025-07-11T12:00:00Z,62,62,,70,70,,36.1,39,33.2,43,46.9,39.1
2025-07-11T18:00:00Z,48,48,,76,76,,28.8,31.5,26.1,32.5,35.7,29.2
2025-07-12T00:00:00Z,65,65,,66,66,,42.1,45.5,38.8,51.6,55.8,47.4
2025-07-12T06:00:00Z,65,65,,66,66,,66.6,73.4,59.8,77.3,83.8,70.8
2025-07-12T12:00:00Z,53,53,,75,75,,63.2,70.2,56.2,73.3,79,67.6
2025-07-12T18:00:00Z,46,46,,79,79,,30,32.7,27.3,34.1,37.6,30.6
2025-07-13T00:00:00Z,65,65,,67,67,,36.4,39.4,33.5,43.3,47,39.6
2025-07-13T06:00:00Z,66,66,,67,67,,46.6,50.1,43.1,58.7,63.1,54.2
2025-07-13T12:00:00Z,60,60,,71,71,,40.2,43.5,36.9,49.8,53.9,45.6
2025-07-13T18:00:00Z,46,46,,79,79,,31.5,34.3,28.6,36.1,39.6,32.6
2025-07-14T00:00:00Z,65,65,,67,67,,36.4,39.6,33.2,43.5,47.4,39.6
2025-07-14T06:00:00Z,65,65,,67,67,,40.2,43.4,36.9,49.6,53.6,45.5
2025-07-14T12:00:00Z,59,59,,70,70,,37.9,41.2,34.6,46.3,50.5,42.1
2025-07-14T18:00:00Z,55,55,,72,72,,35,38,31.9,41,44.9,37
2025-07-15T00:00:00Z,66,66,,67,67,,33.6,36.9,30.2,39.1,43,35.2
2025-07-15T06:00:00Z,68,68,,66,66,,23.2,25.9,20.4,25.3,28.1,22.6
2025-07-15T12:00:00Z,59,59,,70,70,,30.1,33.1,27.1,34,37.7,30.3
2025-07-15T18:00:00Z,59,59,,70,70,,28.4,31.7,25.1,31.5,35.1,27.8
2025-07-16T00:00:00Z,69,69,,66,66,,35.4,39,31.8,40.8,45,36.5
2025-07-16T18:00:00Z,65,65,,67,67,,28.6,33,24.3,32,37.6,26.4
2025-07-17T00:00:00Z,66,66,,67,67,,38.6,42,35.2,46,50.5,41.5
2025-07-17T06:00:00Z,63,63,,68,68,,36.7,40.3,33.1,43.8,48.8,38.9
2025-07-17T12:00:00Z,58,58,,72,72,,42.2,45.9,38.5,51.6,56.5,46.8
2025-07-17T18:00:00Z,55,55,,73,73,,41.6,45.3,37.9,51,55.7,46.2
2025-07-18T00:00:00Z,63,63,,69,69,,37.8,41.4,34.2,45.5,50.4,40.7
2025-07-18T06:00:00Z,69,69,,67,67,,38.3,42.1,34.5,46.7,51.8,41.6
2025-07-18T12:00:00Z,65,65,,69,69,,42.9,46.7,39.1,53.1,58.1,48
2025-07-18T18:00:00Z,63,63,,69,69,,38.2,42.1,34.4,46.1,51.2,41
2025-07-19T00:00:00Z,67,67,,67,67,,39.4,43.3,35.5,47.9,53,42.7
2025-07-19T06:00:00Z,69,69,,66,66,,38.3,42.2,34.5,46.6,52,41.3
2025-07-19T12:00:00Z,65,65,,68,68,,36.4,40.1,32.6,43.6,48.8,38.4
2025-07-19T18:00:00Z,59,59,,71,71,,38.5,42.2,34.7,46.4,51.4,41.4
2025-07-20T00:00:00Z,66,66,,67,67,,39,42.8,35.2,47.3,52.4,42.3
2025-07-20T06:00:00Z,68,68,,66,66,,38.5,42.4,34.7,47.4,52.4,42.5
2025-07-20T12:00:00Z,62,62,,69,69,,37.6,41.4,33.8,45.4,50.6,40.2
2025-07-20T18:00:00Z,56,56,,71,71,,37.9,41.7,34.1,45.6,50.6,40.6
2025-07-21T00:00:00Z,65,65,,67,67,,41.6,45.5,37.7,51.6,56.6,46.5
2025-07-21T06:00:00Z,66,66,,66,66,,47.2,51.7,42.8,59.1,64.5,53.7
2025-07-21T12:00:00Z,58,58,,72,72,,44.1,48.3,39.9,55.2,60.5,49.9
2025-07-21T18:00:00Z,48,48,,77,77,,34.1,37.9,30.4,39.6,44.5,34.6
2025-07-22T00:00:00Z,62,62,,68,68,,45.5,50.1,40.9,56.2,61.6,50.8
2025-07-22T06:00:00Z,63,63,,68,68,,57.5,65,50,68.7,75.9,61.5
2025-07-22T12:00:00Z,56,56,,73,73,,48.1,52.5,43.6,60.6,66,55.2
2025-07-22T18:00:00Z,46,46,,78,78,,33.4,36.9,29.9,39.3,43.6,34.9
2025-07-23T00:00:00Z,63,63,,68,68,,45.6,50.5,40.6,55.5,60.9,50.2
2025-07-23T06:00:00Z,65,65,,67,67,,44.4,48.5,40.3,55.5,60.6,50.5
2025-07-23T12:00:00Z,58,58,,72,72,,45.9,50.3,41.5,57.1,62.4,51.8
2025-07-23T18:00:00Z,50,50,,76,76,,35.5,39.1,31.8,41.9,46.8,37
2025-07-24T00:00:00Z,63,63,,68,68,,38.5,42.5,34.6,46.6,51.8,41.3
2025-07-24T06:00:00Z,66,66,,66,66,,35.7,39.5,31.9,43.1,48.1,38
2025-07-24T12:00:00Z,53,53,,74,74,,44.9,50,39.9,54.4,59.7,49.2
2025-07-24T18:00:00Z,45,45,,77,77,,29.3,32.8,25.8,33.3,37.8,28.9
2025-07-25T00:00:00Z,62,62,,68,68,,34.7,38.7,30.8,41.2,46.7,35.7
2025-07-25T06:00:00Z,65,65,,67,67,,37.2,41.3,33,45.6,51.1,40.1
2025-07-25T12:00:00Z,53,53,,74,74,,43.4,47.8,39.1,54.3,60,48.7
2025-07-25T18:00:00Z,44,44,,78,78,,26.2,30.2,22.2,29.1,33.7,24.6
2025-07-26T00:00:00Z,63,63,,66,66,,44.4,50.2,38.7,53.3,59.4,47.2
2025-07-26T06:00:00Z,62,62,,67,67,,45.5,50.1,40.8,57.1,62.9,51.3
2025-07-26T12:00:00Z,49,49,,75,75,,44.3,48.8,39.8,55.2,60.9,49.6
2025-07-26T18:00:00Z,44,44,,78,78,,28.4,32.1,24.7,31.7,36.2,27.2
2025-07-27T00:00:00Z,62,62,,68,68,,41.8,46.6,37.1,51,57.2,44.9
2025-07-27T06:00:00Z,63,63,,67,67,,36.1,40.6,31.7,43.7,49.7,37.7
2025-07-27T12:00:00Z,57,57,,71,71,,36.6,40.8,32.4,43.7,49.6,37.8
2025-07-27T18:00:00Z,48,48,,76,76,,29.5,33.6,25.4,33.4,38.6,28.1
2025-07-28T00:00:00Z,61,61,,68,68,,33.1,37.7,28.5,38.5,44.7,32.3
2025-07-28T06:00:00Z,63,63,,67,67,,35.4,39.9,30.9,42.2,48.5,35.8
2025-07-28T12:00:00Z,49,49,,77,77,,33.6,37.7,29.5,39.2,44.8,33.6
2025-07-28T18:00:00Z,45,45,,78,78,,21.1,24.5,17.6,22.5,26.1,19
2025-07-29T00:00:00Z,66,66,,65,65,,30.1,34,26.2,33.9,38.7,29.1
2025-07-29T06:00:00Z,66,66,,67,67,,49.3,55.5,43.1,59.7,66.2,53.2
2025-07-29T12:00:00Z,53,53,,75,75,,44.4,49.3,39.5,54.3,60,48.6
2025-07-29T18:00:00Z,52,52,,75,75,,31.8,35.9,27.8,36.5,42,31
2025-07-30T00:00:00Z,66,66,,68,68,,39.6,44.1,35.1,47.8,53.7,41.9
2025-07-30T06:00:00Z,68,68,,67,67,,40.7,45.4,36.1,50.2,56.3,44.2
2025-07-30T12:00:00Z,57,57,,74,74,,46.5,51.3,41.7,57.8,63.7,51.8
2025-07-30T18:00:00Z,51,51,,77,77,,34,37.9,30.1,39.3,44.7,33.8
2025-07-31T00:00:00Z,66,66,,68,68,,31.7,35.6,27.8,36,40.9,31.1
2025-07-31T06:00:00Z,68,68,,67,67,,39.1,43.4,34.9,47.5,53.2,41.8
2025-07-31T12:00:00Z,52,52,,77,77,,42.8,47.4,38.3,52,57.8,46.2
2025-07-31T18:00:00Z,48,48,,78,78,,35.6,39.5,31.7,41.8,46.9,36.8
2025-08-01T00:00:00Z,66,66,,67,67,,31.7,35.4,27.9,35.6,40.2,30.9
2025-08-01T06:00:00Z,66,66,,67,67,,42.3,46.8,37.9,51.3,56.9,45.7
2025-08-01T12:00:00Z,56,56,,73,73,,42.4,46.2,38.5,52.3,57.3,47.3
2025-08-01T18:00:00Z,58,58,,71,71,,21.5,24.1,18.9,23.6,26.2,20.9
2025-08-02T00:00:00Z,66,66,,67,67,,24.4,27.5,21.4,26.4,29.6,23.1
2025-08-02T06:00:00Z,66,66,,67,67,,34.2,37.9,30.5,39.7,44.6,34.9
2025-08-02T12:00:00Z,57,57,,72,72,,35.6,39.1,32.1,41.8,46.8,36.8
2025-08-02T18:00:00Z,50,50,,76,76,,25.4,28.5,22.3,27.7,31.2,24.3
2025-08-03T00:00:00Z,63,63,,68,68,,29.7,33,26.4,33.4,37.4,29.5
2025-08-03T06:00:00Z,70,70,,65,65,,29,32.2,25.7,33.1,37.1,29.1
2025-08-03T12:00:00Z,66,66,,68,68,,20,22.6,17.5,21.8,24.6,19
2025-08-03T18:00:00Z,56,56,,72,72,,24.6,27.7,21.5,26.5,29.9,23
2025-08-04T00:00:00Z,64,64,,68,68,,30.7,34.1,27.3,34.7,39,30.3
2025-08-04T06:00:00Z,68,68,,67,67,,34.3,37.9,30.6,40.5,45.6,35.5
2025-08-04T12:00:00Z,62,62,,71,71,,39.1,43,35.2,48,53.2,42.9
2025-08-04T18:00:00Z,55,55,,74,74,,41.4,45.3,37.4,50.4,55.6,45.3
2025-08-05T00:00:00Z,65,65,,69,69,,44,48.6,39.5,53.7,59.2,48.1
2025-08-05T06:00:00Z,69,69,,67,67,,38.3,42.6,34,46.8,52.3,41.3
2025-08-05T12:00:00Z,62,62,,72,72,,37.4,41.7,33.1,45.4,50.9,39.9
2025-08-05T18:00:00Z,50,50,,77,77,,39.7,43.8,35.6,47.7,53,42.3
2025-08-06T00:00:00Z,67,67,,67,67,,44.2,48.8,39.6,54.8,60.8,48.9
2025-08-06T06:00:00Z,69,69,,67,67,,39.4,44,34.7,48.3,54.4,42.2
2025-08-06T12:00:00Z,56,56,,75,75,,50.2,56.3,44.1,61.2,67.6,54.8
2025-08-06T18:00:00Z,47,47,,79,79,,28.4,32.1,24.7,31.5,36.1,27
2025-08-07T00:00:00Z,64,64,,68,68,,39.1,43.4,34.7,47.1,52.8,41.5
2025-08-07T06:00:00Z,67,67,,67,67,,42.9,47.7,38.1,53.5,59.5,47.4
2025-08-07T12:00:00Z,63,63,,70,70,,37.8,42.2,33.4,45.6,51.4,39.8
2025-08-07T18:00:00Z,56,56,,72,72,,38.6,42.6,34.5,46.2,51.8,40.7
2025-08-08T00:00:00Z,68,68,,66,66,,39.9,44.4,35.5,48.7,54.6,42.8
2025-08-08T06:00:00Z,73,73,,65,65,,29.7,33.8,25.6,34.2,39.4,29.1
2025-08-08T12:00:00Z,66,66,,69,69,,35.1,39.4,30.7,41.3,47,35.6
2025-08-08T18:00:00Z,59,59,,71,71,,37.6,41.8,33.5,45,50.5,39.5
2025-08-09T00:00:00Z,66,66,,67,67,,51.3,57.4,45.2,62.8,69.6,55.9
2025-08-09T06:00:00Z,68,68,,66,66,,46.4,52.1,40.8,56.9,63.6,50.2
2025-08-09T12:00:00Z,62,62,,70,70,,40,44.4,35.5,49,54.7,43.3
2025-08-09T18:00:00Z,53,53,,74,74,,36.4,40.6,32.2,43,48.7,37.2
2025-08-10T00:00:00Z,65,65,,66,66,,43.7,48.8,38.7,53.6,60.2,47.1
2025-08-10T06:00:00Z,66,66,,66,66,,48.2,53.8,42.6,61,68,53.9
2025-08-10T12:00:00Z,55,55,,73,73,,43.4,48.1,38.8,54.4,60.5,48.3
2025-08-10T18:00:00Z,46,46,,78,78,,29.9,33.9,25.9,33.5,38.7,28.3
2025-08-11T00:00:00Z,65,65,,67,67,,40.3,45.2,35.4,49.4,55.8,43
2025-08-11T06:00:00Z,69,69,,65,65,,28.1,32.6,23.7,31.8,37,26.5
2025-08-11T12:00:00Z,59,59,,70,70,,35.8,40.2,31.4,42.3,48.2,36.4
2025-08-11T18:00:00Z,51,51,,75,75,,24.6,28.2,20.9,27.1,31.4,22.9
2025-08-12T00:00:00Z,64,64,,67,67,,46.5,53.4,39.7,53.5,61.6,45.4
2025-08-12T06:00:00Z,67,67,,66,66,,37.3,42.2,32.3,44.2,51.1,37.3
2025-08-12T12:00:00Z,62,62,,69,69,,35.4,39.9,30.9,41.6,47.8,35.5
2025-08-12T18:00:00Z,54,54,,71,71,,30.3,34.5,26.2,34.3,39.5,29.1
2025-08-13T00:00:00Z,61,61,,67,67,,31.9,36.2,27.5,36.1,41.8,30.4
2025-08-13T06:00:00Z,64,64,,67,67,,38.7,43.5,33.9,46.8,53.3,40.3
2025-08-13T12:00:00Z,59,59,,72,72,,44.5,49.7,39.3,55.4,61.9,48.8
2025-08-13T18:00:00Z,46,46,,77,77,,30.7,34.7,26.6,34.8,40,29.7
2025-08-14T00:00:00Z,63,63,,67,67,,38.6,43.4,33.9,46,52.3,39.8
2025-08-14T06:00:00Z,65,65,,67,67,,42.6,47.4,37.7,53,59.2,46.7
2025-08-14T12:00:00Z,62,62,,70,70,,45.1,49.9,40.3,56.8,63.2,50.5
2025-08-14T18:00:00Z,48,48,,77,77,,36.6,40.8,32.4,43.2,48.8,37.7
2025-08-15T00:00:00Z,66,66,,67,67,,40.8,44.9,36.7,50.1,55.5,44.7
2025-08-15T06:00:00Z,65,65,,67,67,,45.2,49.4,40.9,57.3,62.8,51.8
2025-08-15T12:00:00Z,62,62,,70,70,,44.2,48.5,39.8,53.7,59.4,48
2025-08-15T18:00:00Z,49,49,,75,75,,20.4,23,17.7,21.9,24.7,19.1
2025-08-16T00:00:00Z,59,59,,67,67,,33.1,36.7,29.4,38.5,43,34.1
2025-08-16T06:00:00Z,61,61,,66,66,,41,45.1,36.8,50.1,55.6,44.7
2025-08-16T12:00:00Z,48,48,,76,76,,44.8,49,40.5,55.2,60.3,50.1
2025-08-16T18:00:00Z,44,44,,77,77,,24.1,27.2,20.9,26.5,29.8,23.2
2025-08-17T00:00:00Z,63,63,,65,65,,31.8,35.5,28,35.7,40.4,31.1
2025-08-17T06:00:00Z,64,64,,65,65,,33.8,37.6,30,39.3,44.3,34.3
2025-08-17T12:00:00Z,47,47,,78,78,,43.2,46.8,39.6,53.7,58.4,48.9
2025-08-17T18:00:00Z,46,46,,78,78,,28.8,31.7,25.8,32.1,35.8,28.3
2025-08-18T00:00:00Z,64,64,,66,66,,35,38.4,31.5,40.9,45.9,36
2025-08-18T06:00:00Z,66,66,,66,66,,32.7,36.2,29.2,38.1,42.7,33.5
2025-08-18T12:00:00Z,54,54,,74,74,,35.4,38.8,32.1,42.1,46.6,37.5
2025-08-18T18:00:00Z,49,49,,75,75,,25.8,28.7,22.8,28.6,31.9,25.3
2025-08-19T00:00:00Z,64,64,,67,67,,50.1,55.1,45,61.2,67.1,55.3
2025-08-19T06:00:00Z,63,63,,67,67,,45.7,50,41.3,56.7,62.1,51.4
2025-08-19T12:00:00Z,48,48,,76,76,,37.2,40.3,34.1,44.7,49,40.4
2025-08-19T18:00:00Z,45,45,,77,77,,20.4,22.8,18,22.1,24.7,19.5
2025-08-20T06:00:00Z,71,71,,65,65,,26,30.7,21.4,28.3,33.9,22.7
2025-08-20T12:00:00Z,53,53,,74,74,,31.9,34.3,29.5,36.8,40.1,33.4
2025-08-20T18:00:00Z,46,46,,77,77,,20.2,22,18.3,21.7,23.6,19.8
2025-08-21T00:00:00Z,62,62,,68,68,,46.8,50.8,42.8,56,60.4,51.5
2025-08-21T06:00:00Z,66,66,,66,66,,31.5,34,29,37.2,40.5,33.8
2025-08-21T12:00:00Z,63,63,,68,68,,19,21.1,16.9,20.1,22.2,18
2025-08-21T18:00:00Z,59,59,,69,69,,22.1,24.5,19.7,23.4,25.8,21
2025-08-22T00:00:00Z,69,69,,66,66,,27.6,30.2,25,30.8,34,27.6
2025-08-22T06:00:00Z,73,73,,63,63,,10.2,11.4,8.9,10.7,12,9.4
2025-08-22T12:00:00Z,61,61,,69,69,,21.3,23.6,19,22.7,25.1,20.2
2025-08-22T18:00:00Z,61,61,,68,68,,24.5,27.1,21.9,26.4,29.3,23.6
2025-08-23T00:00:00Z,67,67,,65,65,,20.5,22.8,18.1,22,24.3,19.6
2025-08-23T06:00:00Z,67,67,,65,65,,20,22.4,17.7,21.6,23.9,19.2
2025-08-23T12:00:00Z,59,59,,70,70,,28.1,30.8,25.4,31.2,34.6,27.9
2025-08-23T18:00:00Z,60,60,,69,69,,32.1,35,29.2,36.8,40.5,33.1
2025-08-24T00:00:00Z,66,66,,65,65,,25.6,28.2,23,28.5,31.4,25.7
2025-08-24T06:00:00Z,68,68,,66,66,,27.3,30.1,24.4,30.7,34,27.4
2025-08-24T12:00:00Z,66,66,,67,67,,14.9,16.8,13.1,16,17.9,14.2
2025-08-24T18:00:00Z,62,62,,68,68,,27.3,30.3,24.3,30.6,34.1,27.1
2025-08-25T00:00:00Z,67,67,,65,65,,31.1,34.1,28.1,35.8,39.8,31.8
2025-08-25T06:00:00Z,71,71,,63,63,,12.6,13.9,11.3,13.8,15,12.6
2025-08-25T12:00:00Z,61,61,,67,67,,15.1,17,13.1,16.1,18,14.2
2025-08-25T18:00:00Z,48,48,,75,75,,11.8,13.2,10.4,12.6,13.9,11.2
2025-08-26T00:00:00Z,65,65,,64,64,,31.6,34.7,28.5,36.4,40.1,32.7
2025-08-26T06:00:00Z,66,66,,65,65,,43.2,46.9,39.4,53.4,58.2,48.7
2025-08-26T12:00:00Z,57,57,,72,72,,37.8,41.2,34.4,45.6,50.3,40.8
2025-08-26T18:00:00Z,46,46,,78,78,,29.9,33,26.7,33.6,37.4,29.8
2025-08-27T00:00:00Z,66,66,,65,65,,38.7,42.2,35.3,46.6,51.2,42
2025-08-27T06:00:00Z,68,68,,65,65,,33.2,36.5,29.8,39,43.6,34.3
2025-08-27T12:00:00Z,62,62,,68,68,,27.6,30.9,24.4,30.6,34.5,26.6
2025-08-27T18:00:00Z,52,52,,73,73,,32.5,35.8,29.2,36.8,41.1,32.4
2025-08-28T00:00:00Z,66,66,,65,65,,54.1,61,47.2,63.4,70.9,55.9
2025-08-28T06:00:00Z,70,70,,64,64,,28.3,31.9,24.7,31.8,35.8,27.9
2025-08-28T12:00:00Z,68,68,,66,66,,24.4,26.9,22,26.4,29,23.9
2025-08-28T18:00:00Z,63,63,,68,68,,27.6,30.4,24.9,30,33,26.9
2025-08-29T00:00:00Z,70,70,,64,64,,31.3,34.4,28.2,35.2,39,31.4
2025-08-29T06:00:00Z,72,72,,63,63,,27.2,30.2,24.1,30.5,33.8,27.1
2025-08-29T12:00:00Z,65,65,,67,67,,27.1,29.9,24.2,29.5,32.7,26.4
2025-08-29T18:00:00Z,59,59,,68,68,,23.5,25.9,21.2,25.8,28.4,23.3
2025-08-30T00:00:00Z,63,63,,65,65,,38.9,42.2,35.5,46.7,51.1,42.4
2025-08-30T06:00:00Z,66,66,,64,64,,32,34.9,29.1,38.6,42,35.3
2025-08-30T12:00:00Z,55,55,,70,70,,32.2,34.9,29.5,37.1,40.8,33.5
2025-08-30T18:00:00Z,43,43,,78,78,,25.4,27.6,23.2,28.2,30.8,25.7
2025-08-31T00:00:00Z,64,64,,64,64,,31.3,34.3,28.4,35.2,38.9,31.5
2025-09-01T18:00:00Z,57,57,,70,70,,33.8,36.6,31.1,39.3,42.8,35.7
2025-09-02T00:00:00Z,65,65,,65,65,,34.4,37,31.7,39.9,43.5,36.4
2025-09-02T06:00:00Z,68,68,,64,64,,31.9,34.8,28.9,37.2,40.6,33.8
2025-09-02T12:00:00Z,58,58,,71,71,,31.8,34.5,29,36.6,40.3,32.9
2025-09-02T18:00:00Z,48,48,,76,76,,24.5,26.9,22.1,26.9,29.7,24.2
2025-09-03T00:00:00Z,65,65,,66,66,,35.3,37.9,32.6,42,45.7,38.3
2025-09-03T06:00:00Z,70,70,,64,64,,29.2,32.1,26.3,33.3,36.8,29.9
2025-09-03T12:00:00Z,62,62,,68,68,,30.3,33,27.7,35.3,38.5,32
2025-09-03T18:00:00Z,47,47,,76,76,,33.2,36,30.5,38.5,42.1,34.9
2025-09-04T00:00:00Z,65,65,,65,65,,39.6,42.6,36.7,48.4,52.3,44.5
2025-09-04T06:00:00Z,71,71,,63,63,,25.5,28.2,22.8,29.1,32.3,25.9
2025-09-04T12:00:00Z,61,61,,68,68,,25.6,28.2,23.1,28.2,31.1,25.3
2025-09-04T18:00:00Z,52,52,,72,72,,14.4,16,12.8,15.4,17,13.9
2025-09-05T00:00:00Z,65,65,,66,66,,32.3,35.1,29.5,37,40.8,33.2
2025-09-05T06:00:00Z,68,68,,64,64,,34.1,36.9,31.3,40.6,44.4,36.8
2025-09-05T12:00:00Z,64,64,,67,67,,28.2,30.9,25.6,32.7,35.7,29.7
2025-09-05T18:00:00Z,53,53,,71,71,,17.4,19.6,15.3,18.5,20.7,16.4
2025-09-06T00:00:00Z,63,63,,66,66,,36.1,39,33.1,43.2,47.1,39.3
2025-09-06T06:00:00Z,66,66,,65,65,,39.4,42.7,36.2,48.6,52.8,44.3
2025-09-06T12:00:00Z,63,63,,68,68,,41,44.4,37.7,50.1,54.3,45.9
2025-09-06T18:00:00Z,52,52,,73,73,,34.1,36.9,31.2,39.8,43.2,36.4
2025-09-07T00:00:00Z,65,65,,64,64,,31.6,34.6,28.6,36,39.7,32.2
2025-09-07T06:00:00Z,65,65,,65,65,,45.1,48.7,41.5,56.4,60.7,52
2025-09-07T12:00:00Z,51,51,,76,76,,40.5,43.4,37.5,49.6,53.5,45.7
2025-09-07T18:00:00Z,47,47,,77,77,,29.9,32.6,27.2,33.8,36.9,30.6
2025-09-08T00:00:00Z,66,66,,66,66,,39,42.5,35.5,47.6,52.1,43.2
2025-09-08T06:00:00Z,67,67,,66,66,,41.4,45.1,37.6,51,55.6,46.4
2025-09-08T12:00:00Z,61,61,,70,70,,35.7,38.6,32.7,42.6,46.5,38.6
2025-09-08T18:00:00Z,59,59,,70,70,,28.6,31.4,25.7,31.8,35.1,28.5
2025-09-09T00:00:00Z,68,68,,66,66,,26.9,30,23.8,30.2,33.7,26.6
2025-09-09T06:00:00Z,71,71,,64,64,,14.6,16.3,12.8,15.8,17.6,14.1
2025-09-09T12:00:00Z,63,63,,68,68,,10.9,12,9.8,11.5,12.6,10.4
2025-09-09T18:00:00Z,57,57,,70,70,,13.9,15.4,12.5,15.2,16.6,13.7
2025-09-10T00:00:00Z,65,65,,67,67,,33.7,36.9,30.5,38.8,43.1,34.5
2025-09-10T06:00:00Z,68,68,,66,66,,40.9,45,36.9,50.5,55.5,45.4
2025-09-10T12:00:00Z,59,59,,71,71,,40.9,44.4,37.4,50.1,54.6,45.7
2025-09-10T18:00:00Z,47,47,,77,77,,23.8,26.1,21.4,26.3,28.8,23.8
2025-09-11T00:00:00Z,64,64,,66,66,,33.6,36.7,30.5,39.3,43.3,35.3
2025-09-11T06:00:00Z,69,69,,64,64,,30.5,33.5,27.5,36,39.6,32.5
2025-09-11T12:00:00Z,62,62,,68,68,,19.6,21.9,17.3,21.1,23.4,18.9
2025-09-11T18:00:00Z,45,45,,77,77,,23.2,25.7,20.7,25,27.6,22.5
2025-09-12T00:00:00Z,66,66,,65,65,,33.1,36.5,29.7,37.9,41.9,33.8
2025-09-12T06:00:00Z,69,69,,65,65,,38.1,41.5,34.7,46.2,50.6,41.8
2025-09-12T12:00:00Z,65,65,,68,68,,24.3,26.8,21.7,26.4,29.2,23.7
2025-09-12T18:00:00Z,47,47,,77,77,,32.5,35,30.1,37.9,41,34.9
2025-09-13T00:00:00Z,62,62,,66,66,,28.6,31.5,25.7,31.9,35.2,28.5
2025-09-13T06:00:00Z,67,67,,64,64,,32.5,35.6,29.3,37.5,41.2,33.9
2025-09-13T12:00:00Z,44,44,,81,81,,40.7,43.6,37.8,49.4,52.7,46
2025-09-13T18:00:00Z,46,46,,78,78,,22.6,24.6,20.6,24.8,26.8,22.7
2025-09-14T00:00:00Z,65,65,,67,67,,41.5,44.9,38.2,49.6,53.6,45.7
2025-09-14T06:00:00Z,67,67,,66,66,,31.7,34.4,28.9,36.4,39.8,33
2025-09-14T12:00:00Z,63,63,,69,69,,23.8,25.8,21.7,25.9,28,23.7
2025-09-14T18:00:00Z,54,54,,73,73,,29,31.1,26.8,32.5,35.1,29.9
2025-09-15T00:00:00Z,66,66,,65,65,,25.2,27.3,23.1,27.4,29.4,25.3
2025-09-15T06:00:00Z,66,66,,66,66,,44.9,48.3,41.5,55.2,59,51.4
2025-09-15T12:00:00Z,48,48,,79,79,,41.3,43.5,39.1,50.8,53.6,48.1
2025-09-15T18:00:00Z,45,45,,79,79,,26.8,28.7,24.9,29.3,31.2,27.3
2025-09-16T00:00:00Z,66,66,,66,66,,38.6,41.2,36,46.6,49.8,43.5
2025-09-16T06:00:00Z,69,69,,66,66,,42.7,45.9,39.4,52,55.7,48.3
2025-09-16T12:00:00Z,46,46,,80,80,,45.3,47.9,42.7,55.4,58.3,52.5
2025-09-16T18:00:00Z,43,43,,80,80,,22.6,24.1,21,24.7,26.5,23
2025-09-17T00:00:00Z,66,66,,66,66,,35.4,38,32.8,41.7,44.8,38.5
2025-09-17T06:00:00Z,68,68,,66,66,,50.3,54,46.6,62.4,66.5,58.3
2025-09-17T12:00:00Z,43,43,,83,83,,48.7,51.5,45.8,59.5,62.3,56.6
2025-09-17T18:00:00Z,41,41,,83,83,,27.9,29.6,26.1,31.7,33.9,29.5
2025-09-18T00:00:00Z,66,66,,67,67,,41.5,44.7,38.3,49.6,53.7,45.6
2025-09-18T06:00:00Z,69,69,,66,66,,51.3,55.2,47.3,63.5,68,59
2025-09-18T12:00:00Z,46,46,,82,82,,47.4,50.6,44.2,57.7,60.7,54.6
2025-09-18T18:00:00Z,42,42,,83,83,,28,29.9,26.1,30.9,33.1,28.7
2025-09-19T00:00:00Z,66,66,,67,67,,38.3,41.1,35.5,46.4,50,42.9
2025-09-19T06:00:00Z,68,68,,66,66,,49.9,53.5,46.3,62.2,66.5,58
2025-09-19T12:00:00Z,52,52,,78,78,,39.4,41.9,36.9,48,51.3,44.7
2025-09-19T18:00:00Z,46,46,,79,79,,29,31.3,26.7,32.5,35.2,29.7
2025-09-20T00:00:00Z,64,64,,68,68,,37.8,40.7,34.9,45.4,49.1,41.7
2025-09-20T06:00:00Z,69,69,,66,66,,42,45.3,38.8,52.3,56.3,48.3
2025-09-20T12:00:00Z,50,50,,78,78,,36,38.5,33.5,43.5,46.5,40.4
2025-09-20T18:00:00Z,42,42,,80,80,,23.9,25.8,22,25.9,27.8,24
2025-09-21T00:00:00Z,63,63,,66,66,,31.9,34.4,29.5,36.2,39,33.5
2025-09-21T06:00:00Z,65,65,,65,65,,24,25.9,22,26.2,28.2,24.2
2025-09-21T12:00:00Z,44,44,,81,81,,25.5,27.3,23.6,28.2,30.4,26
2025-09-21T18:00:00Z,45,45,,78,78,,24.4,26.5,22.3,26.3,28.4,24.2
2025-09-22T00:00:00Z,62,62,,66,66,,22.9,24.9,21,24.8,26.7,22.9
2025-09-22T06:00:00Z,69,69,,64,64,,17.1,18.6,15.7,18.6,19.9,17.2
2025-09-22T12:00:00Z,56,56,,71,71,,13.4,14.4,12.3,14.2,15.2,13.2
2025-09-22T18:00:00Z,47,47,,75,75,,9.6,10.3,8.9,10.4,11,9.7
2025-09-23T00:00:00Z,64,64,,65,65,,18,19.5,16.5,19.4,20.8,18
2025-09-23T06:00:00Z,68,68,,64,64,,29.2,32.1,26.3,32.8,36.2,29.4
2025-09-23T12:00:00Z,46,46,,80,80,,30.7,32.8,28.6,35.5,38.1,32.9
2025-09-23T18:00:00Z,44,44,,79,79,,13.8,14.9,12.7,14.8,15.9,13.8
2025-09-24T00:00:00Z,64,64,,67,67,,19.8,21.5,18,21.2,22.9,19.5
2025-09-24T06:00:00Z,67,67,,66,66,,26.3,28.6,24,30,32.7,27.3
2025-09-24T12:00:00Z,43,43,,83,83,,34,36.3,31.7,40.1,43,37.2
2025-09-24T18:00:00Z,44,44,,80,80,,20.3,22,18.6,21.9,23.5,20.2
2025-09-25T00:00:00Z,65,65,,67,67,,31.8,34.5,29.2,36.3,39.6,32.9
2025-09-25T06:00:00Z,68,68,,67,67,,38.5,41.7,35.4,46.7,50.9,42.6
2025-09-25T12:00:00Z,62,62,,70,70,,37.3,39.9,34.7,44.9,48.2,41.5
2025-09-25T18:00:00Z,57,57,,72,72,,31.9,34.2,29.6,36.4,39.5,33.3
2025-09-26T00:00:00Z,67,67,,67,67,,35.3,37.9,32.8,41.9,45.5,38.2
2025-09-26T06:00:00Z,68,68,,67,67,,36.7,39.3,34,44.6,48.2,41.1
2025-09-26T12:00:00Z,65,65,,69,69,,31.9,34.4,29.4,36.7,40,33.5
2025-09-26T18:00:00Z,63,63,,68,68,,26.1,28.2,24,28.6,31.1,26.2
2025-09-27T00:00:00Z,71,71,,65,65,,25.7,28.5,22.9,28,31.2,24.9
2025-09-27T06:00:00Z,72,72,,64,64,,17,19,15,18.4,20.4,16.3
2025-09-27T12:00:00Z,63,63,,69,69,,22.6,24.8,20.4,24.2,26.6,21.8
2025-09-27T18:00:00Z,59,59,,70,70,,21.2,23.2,19.1,22.5,24.5,20.5
2025-09-28T00:00:00Z,67,67,,66,66,,19.8,21.8,17.8,21.3,23.3,19.3
2025-09-28T06:00:00Z,71,71,,64,64,,12.8,14,11.7,13.8,14.9,12.7
2025-09-28T12:00:00Z,54,54,,74,74,,17.1,18.7,15.5,18.4,20,16.8
2025-09-28T18:00:00Z,41,41,,82,82,,11.6,12.6,10.5,12.3,13.3,11.3
2025-09-29T00:00:00Z,64,64,,67,67,,24.4,26.7,22.1,26.6,28.9,24.3
2025-09-29T06:00:00Z,67,67,,67,67,,28.2,30.8,25.5,31.4,34.4,28.5
2025-09-29T12:00:00Z,55,55,,76,76,,30.2,32.7,27.6,35,38.1,31.8
2025-09-29T18:00:00Z,44,44,,81,81,,21.2,23.2,19.2,23.2,25.2,21.2
2025-09-30T00:00:00Z,63,63,,68,68,,29.3,32,26.6,32.5,35.7,29.4
2025-09-30T06:00:00Z,67,67,,66,66,,49.7,54.5,44.8,56.1,62,50.1
2025-09-30T12:00:00Z,42,42,,84,84,,35.7,38.2,33.3,42,45.1,38.8
2025-09-30T18:00:00Z,44,44,,80,80,,15.6,17,14.2,16.8,18,15.5
2025-10-01T00:00:00Z,63,63,,68,68,,21.4,23.4,19.4,22.9,24.7,21.1
2025-10-01T06:00:00Z,66,66,,67,67,,22.6,24.8,20.3,24.4,26.6,22.2
2025-10-01T12:00:00Z,46,46,,82,82,,33.9,36.4,31.4,39.4,42.5,36.3
2025-10-01T18:00:00Z,41,41,,83,83,,23,25.3,20.7,24.7,27.1,22.4
2025-10-02T00:00:00Z,62,62,,68,68,,27.2,29.9,24.6,29.9,32.9,26.9
2025-10-02T06:00:00Z,68,68,,66,66,,28.5,31.4,25.5,32.1,35.7,28.5
2025-10-02T12:00:00Z,43,43,,83,83,,31.9,34.8,29,37.5,41.3,33.7
2025-10-02T18:00:00Z,41,41,,82,82,,15.3,17.1,13.6,16.3,18,14.7
2025-10-03T00:00:00Z,62,62,,67,67,,18.4,20.6,16.1,19.5,21.7,17.4
2025-10-03T06:00:00Z,65,65,,66,66,,22,24.7,19.3,23.8,26.4,21.1
2025-10-03T12:00:00Z,50,50,,76,76,,31,34.1,27.9,35.4,39.6,31.1
2025-10-03T18:00:00Z,40,40,,82,82,,21.7,24.3,19,23.5,26.2,20.8
2025-10-04T00:00:00Z,57,57,,70,70,,24.7,27.7,21.6,26.4,29.5,23.4
2025-10-04T06:00:00Z,64,64,,66,66,,25.6,28.3,22.9,28.4,31.5,25.3
2025-10-04T12:00:00Z,40,40,,85,85,,33.3,36.2,30.3,38.8,42.7,34.9
2025-10-04T18:00:00Z,41,41,,82,82,,21.1,23.6,18.7,22.7,25.1,20.2
2025-10-05T00:00:00Z,61,61,,68,68,,25.2,27.7,22.6,27.6,30.3,24.9
2025-10-05T06:00:00Z,67,67,,65,65,,28.8,31.5,26.2,33.2,36.6,29.9
2025-10-05T12:00:00Z,52,52,,75,75,,26.9,29.5,24.4,30.8,33.8,27.9
2025-10-05T18:00:00Z,46,46,,76,76,,18.1,20.2,16.1,19.4,21.4,17.4
2025-10-06T00:00:00Z,61,61,,67,67,,20.7,23.2,18.3,22.4,24.8,20
2025-10-06T06:00:00Z,66,66,,65,65,,19.2,21.4,16.9,20.8,22.9,18.6
2025-10-06T12:00:00Z,52,52,,75,75,,19.7,21.9,17.5,21.2,23.4,19
2025-10-06T18:00:00Z,44,44,,79,79,,23.9,26.3,21.6,27.1,29.8,24.4
2025-10-07T00:00:00Z,62,62,,67,67,,24,26.7,21.2,26.3,29,23.6
2025-10-07T06:00:00Z,68,68,,65,65,,21.2,23.7,18.6,23.3,25.8,20.8
2025-10-07T12:00:00Z,55,55,,73,73,,17.1,19.3,14.9,18.4,20.5,16.2
2025-10-07T18:00:00Z,45,45,,79,79,,13.2,14.6,11.7,14.2,15.6,12.9
2025-10-08T00:00:00Z,65,65,,66,66,,23.4,26,20.7,25.6,28.3,22.9
2025-10-08T06:00:00Z,68,68,,65,65,,36.6,39.8,33.3,43.1,47.2,39.1
2025-10-08T12:00:00Z,59,59,,71,71,,25.8,28.9,22.7,28.5,31.8,25.2
2025-10-08T18:00:00Z,49,49,,76,76,,22.3,25,19.7,24.2,26.9,21.4
2025-10-09T00:00:00Z,67,67,,65,65,,25.4,28.2,22.7,27.7,30.5,25
2025-10-09T06:00:00Z,69,69,,65,65,,36,39.5,32.5,42.7,46.6,38.8
2025-10-09T12:00:00Z,43,43,,83,83,,36.1,39,33.1,42.9,46.5,39.3
2025-10-09T18:00:00Z,44,44,,79,79,,15,16.8,13.2,16,17.7,14.4
2025-10-10T00:00:00Z,61,61,,69,69,,20.2,22.6,17.8,21.6,23.8,19.3
2025-10-10T06:00:00Z,64,64,,68,68,,21.3,23.7,18.9,23.2,25.8,20.7
2025-10-10T12:00:00Z,42,42,,84,84,,29.7,32.4,27.1,33.2,36.5,30
2025-10-10T18:00:00Z,45,45,,79,79,,25,28.1,22,27.1,30.4,23.8
2025-10-11T00:00:00Z,65,65,,67,67,,44.7,49,40.4,54.1,58.8,49.4
2025-10-11T06:00:00Z,66,66,,67,67,,37.9,41.5,34.4,46.9,51.6,42.3
2025-10-11T12:00:00Z,59,59,,72,72,,33.4,36.6,30.2,39.4,43.7,35
2025-10-11T18:00:00Z,48,48,,78,78,,31.2,34.2,28.1,35.9,39.7,32.2
2025-10-12T00:00:00Z,68,68,,67,67,,39.5,42.6,36.4,47.8,51.8,43.8
2025-10-12T06:00:00Z,70,70,,66,66,,44.7,48.2,41.2,55.9,60.4,51.5
2025-10-12T12:00:00Z,52,52,,77,77,,41.6,45.1,38.2,51.5,55.9,47.1
2025-10-12T18:00:00Z,43,43,,82,82,,25.3,28.3,22.4,28.2,31.6,24.9
2025-10-13T00:00:00Z,65,65,,68,68,,35.7,39.2,32.2,42.8,47.6,38.1
2025-10-13T06:00:00Z,66,66,,67,67,,37.7,41.4,34,46.4,51.2,41.5
2025-10-13T12:00:00Z,49,49,,80,80,,38,41.5,34.5,46.3,50.9,41.7
2025-10-13T18:00:00Z,44,44,,81,81,,23.7,26.7,20.7,25.8,29.1,22.6
2025-10-14T00:00:00Z,65,65,,68,68,,36.9,40.6,33.2,44.1,49.1,39
2025-10-14T06:00:00Z,70,70,,66,66,,37.1,40.9,33.3,45,50.1,40
2025-10-14T12:00:00Z,54,54,,77,77,,29.2,32.7,25.6,33.1,37.4,28.9
2025-10-14T18:00:00Z,44,44,,81,81,,25.2,28.7,21.8,27.7,31.5,23.9
2025-10-15T00:00:00Z,64,64,,68,68,,33.6,37,30.3,39.5,43.9,35
2025-10-15T06:00:00Z,66,66,,68,68,,33.1,36.7,29.5,39.3,44.1,34.4
2025-10-15T12:00:00Z,58,58,,73,73,,30.5,33.8,27.1,34.8,39.1,30.5
2025-10-15T18:00:00Z,52,52,,75,75,,24.6,27.5,21.7,27.5,30.6,24.4
2025-10-16T00:00:00Z,64,64,,68,68,,39.4,43.2,35.7,48,52.8,43.2
2025-10-16T06:00:00Z,67,67,,67,67,,34.8,38.4,31.2,42.1,47.1,37.2
2025-10-16T12:00:00Z,57,57,,73,73,,27.9,31.2,24.7,31.9,36.1,27.8
2025-10-16T18:00:00Z,44,44,,79,79,,16.5,19,14.1,17.7,20,15.3
2025-10-17T00:00:00Z,61,61,,68,68,,24.8,27.9,21.6,26.8,30,23.6
2025-10-17T06:00:00Z,63,63,,67,67,,24.9,28.4,21.5,27.5,31.1,23.9
2025-10-17T12:00:00Z,52,52,,75,75,,24.3,27.5,21.1,26.4,29.7,23.1
2025-10-17T18:00:00Z,44,44,,79,79,,14.8,16.8,12.9,15.8,17.5,14
2025-10-18T00:00:00Z,61,61,,68,68,,26.9,29.4,24.3,30,33,27.1
2025-10-18T06:00:00Z,63,63,,68,68,,32.2,34.9,29.4,37.5,41,33.9
2025-10-18T12:00:00Z,42,42,,83,83,,34.2,36.9,31.4,40.7,44.2,37.2
2025-10-18T18:00:00Z,43,43,,81,81,,19,21.2,16.8,20.4,22.6,18.2
2025-10-19T00:00:00Z,64,64,,68,68,,29.2,32,26.5,33.2,36.5,29.8
2025-10-19T06:00:00Z,65,65,,68,68,,28.6,31.4,25.8,32.7,36.2,29.2
2025-10-19T12:00:00Z,46,46,,82,82,,35.4,38.3,32.6,42.6,46.3,38.9
2025-10-19T18:00:00Z,44,44,,81,81,,22.7,25.4,20.1,24.7,27.3,22
2025-10-20T00:00:00Z,63,63,,69,69,,26.9,29.8,24.1,30,33.1,26.8
2025-10-20T06:00:00Z,69,69,,67,67,,22.2,25,19.3,24.4,27.2,21.6
2025-10-20T12:00:00Z,47,47,,82,82,,26.1,28.9,23.4,29,32.1,25.8
2025-10-20T18:00:00Z,43,43,,82,82,,23.6,26.1,21,25.3,27.9,22.7
2025-10-21T00:00:00Z,64,64,,69,69,,35.4,38.3,32.5,42.2,46.1,38.3
2025-10-21T06:00:00Z,66,66,,68,68,,34.2,37.1,31.2,41,45.1,36.9
2025-10-21T12:00:00Z,45,45,,83,83,,33.4,36.2,30.6,39.2,43,35.3
2025-10-21T18:00:00Z,44,44,,81,81,,19.8,22.2,17.5,21.3,23.7,18.9
2025-10-22T00:00:00Z,65,65,,68,68,,31.4,34.2,28.7,36.2,39.8,32.6
2025-10-22T06:00:00Z,65,65,,68,68,,34.9,37.8,32,41.7,45.6,37.9
2025-10-22T12:00:00Z,39,39,,88,88,,34.2,37,31.3,40.3,43.9,36.7
2025-10-22T18:00:00Z,43,43,,83,83,,19.3,21.4,17.1,20.7,22.8,18.6
2025-10-23T00:00:00Z,62,62,,70,70,,23.3,25.9,20.7,25,27.5,22.4
2025-10-23T06:00:00Z,64,64,,69,69,,28,31,25,31.4,34.8,27.9
2025-10-23T12:00:00Z,47,47,,82,82,,36.7,39.7,33.8,43.9,47.9,39.9
2025-10-23T18:00:00Z,42,42,,84,84,,21.2,24,18.5,22.6,25.3,19.9
2025-10-24T00:00:00Z,63,63,,70,70,,31.5,35,28.1,36.2,40.9,31.5
2025-10-24T06:00:00Z,66,66,,69,69,,37.8,41.8,33.8,46.6,51.9,41.2
2025-10-24T12:00:00Z,53,53,,78,78,,33.6,37.2,30,39.7,44.6,34.8
2025-10-24T18:00:00Z,46,46,,80,80,,23.5,26.8,20.2,25.5,29,22
2025-10-25T00:00:00Z,64,64,,70,70,,29.5,33.1,25.9,33.1,37.6,28.7
2025-10-25T06:00:00Z,67,67,,68,68,,20.1,23.1,17.1,21.7,24.7,18.8
2025-10-25T12:00:00Z,57,57,,74,74,,28.5,32,24.9,32.1,36.4,27.9
2025-10-25T18:00:00Z,45,45,,81,81,,20.5,23.5,17.6,22,25,19
2025-10-26T00:00:00Z,63,63,,69,69,,33.1,36.8,29.4,38.4,43.4,33.5
2025-10-26T06:00:00Z,68,68,,68,68,,27.1,30.8,23.5,30.7,35,26.4
2025-10-26T12:00:00Z,57,57,,74,74,,22.2,25.5,19,24.2,27.6,20.7
2025-10-26T18:00:00Z,46,46,,80,80,,13.9,16,11.7,14.7,16.8,12.7
2025-10-27T00:00:00Z,65,65,,69,69,,28.4,32.1,24.8,31.8,36.3,27.3
2025-10-27T06:00:00Z,66,66,,68,68,,29.6,33.2,25.9,34,38.5,29.5
2025-10-27T12:00:00Z,60,60,,73,73,,26.9,30.4,23.5,30,34.1,25.8
2025-10-27T18:00:00Z,44,44,,81,81,,18.7,21.3,16.2,20.2,22.8,17.6
2025-10-28T00:00:00Z,64,64,,68,68,,27.1,30.6,23.7,30,33.8,26.2
2025-10-28T06:00:00Z,66,66,,67,67,,40.7,44.9,36.6,50.5,55.8,45.1
2025-10-28T12:00:00Z,46,46,,81,81,,38.5,42.1,34.9,47.4,52.1,42.7
2025-10-28T18:00:00Z,40,40,,83,83,,15.3,17.5,13.1,16.4,18.5,14.3
2025-10-29T00:00:00Z,63,63,,68,68,,25.8,29.2,22.5,28.2,31.8,24.5
2025-10-29T06:00:00Z,66,66,,68,68,,33.1,36.8,29.3,39,43.8,34.2
2025-10-29T12:00:00Z,49,49,,79,79,,31.7,35,28.5,38.2,42.2,34.1
2025-10-29T18:00:00Z,43,43,,81,81,,15.2,17.1,13.2,16.3,18.3,14.4
2025-10-30T00:00:00Z,64,64,,68,68,,34.1,38,30.3,39.7,44.7,34.7
2025-10-30T06:00:00Z,66,66,,68,68,,37.3,41.2,33.4,45.9,51,40.7
2025-10-30T12:00:00Z,45,45,,83,83,,33.1,36.4,29.9,40.3,44.3,36.4
2025-10-30T18:00:00Z,40,40,,85,85,,17.6,19.2,16,18.8,20.3,17.4
2025-10-31T00:00:00Z,62,62,,69,69,,33.4,35.7,31,38.4,41.2,35.7
2025-10-31T06:00:00Z,65,65,,68,68,,33.4,35.8,31.1,39.4,42.4,36.5
2025-10-31T12:00:00Z,47,47,,80,80,,34.6,36.8,32.5,41,43.7,38.4
2025-10-31T18:00:00Z,37,37,,85,85,,19.2,20.6,17.7,20.5,21.7,19.2
2025-11-01T00:00:00Z,61,61,,68,68,,27.9,30.1,25.8,30.4,32.8,28.1
2025-11-01T06:00:00Z,66,66,,66,66,,33.7,36.3,31,38.8,42.2,35.5
2025-11-01T12:00:00Z,45,45,,82,82,,33.6,35.8,31.4,39.8,42.6,37.1
2025-11-01T18:00:00Z,39,39,,85,85,,17.6,18.9,16.4,18.8,19.9,17.6
2025-11-02T00:00:00Z,61,61,,69,69,,25.9,28.1,23.7,28,30.2,25.7
2025-11-02T06:00:00Z,64,64,,68,68,,33.2,35.9,30.6,38.3,41.5,35.1
2025-11-02T12:00:00Z,46,46,,81,81,,33.4,35.6,31.3,39.4,42,36.8
2025-11-02T18:00:00Z,39,39,,85,85,,14.7,15.9,13.5,15.6,16.6,14.6
2025-11-03T00:00:00Z,61,61,,70,70,,21.6,23.5,19.8,23.3,25.1,21.5
2025-11-03T06:00:00Z,60,60,,70,70,,33.9,36.3,31.6,40,43.3,36.8
2025-11-03T12:00:00Z,46,46,,80,80,,33,35,31.1,39.4,41.7,37.1
2025-11-03T18:00:00Z,38,38,,86,86,,14.7,15.8,13.6,15.8,16.7,14.8
2025-11-04T00:00:00Z,60,60,,71,71,,31.1,33.4,28.8,36.2,39.1,33.3
2025-11-04T06:00:00Z,61,61,,71,71,,27.7,30.1,25.4,31.7,34.3,29
2025-11-04T12:00:00Z,43,43,,84,84,,31.3,33.4,29.2,36.2,38.7,33.6
2025-11-04T18:00:00Z,40,40,,85,85,,15.8,17.2,14.5,17.1,18.2,15.9
2025-11-05T00:00:00Z,59,59,,71,71,,19.9,21.5,18.4,21.3,22.7,19.9
2025-11-05T06:00:00Z,63,63,,70,70,,22,23.7,20.3,24,25.6,22.4
2025-11-05T12:00:00Z,42,42,,86,86,,33.4,35.5,31.4,38.8,41.1,36.4
2025-11-05T18:00:00Z,39,39,,87,87,,19.6,21.1,18,20.9,22.3,19.4
2025-11-06T00:00:00Z,59,59,,72,72,,19,20.6,17.4,20.3,21.8,18.9
2025-11-06T06:00:00Z,64,64,,70,70,,29.4,31.8,26.9,33.9,36.9,30.9
2025-11-06T12:00:00Z,47,47,,82,82,,34.1,36.4,31.8,40.5,43.4,37.6
2025-11-06T18:00:00Z,41,41,,85,85,,24.5,26.3,22.7,26.7,28.5,24.9
2025-11-07T00:00:00Z,62,62,,70,70,,28.1,30.4,25.8,31.3,34,28.5
2025-11-07T06:00:00Z,65,65,,68,68,,23.8,26.1,21.5,26.3,28.6,24
2025-11-07T12:00:00Z,53,53,,77,77,,26.7,28.9,24.5,29.4,31.8,27
2025-11-07T18:00:00Z,44,44,,81,81,,17.7,19.1,16.3,18.9,20.2,17.7
2025-11-08T00:00:00Z,62,62,,69,69,,26.8,29.1,24.6,29.6,31.9,27.3
2025-11-08T06:00:00Z,67,67,,67,67,,25.7,28.2,23.1,28.6,31.2,26
2025-11-08T12:00:00Z,58,58,,73,73,,14,15.2,12.8,15,16.1,14
2025-11-08T18:00:00Z,40,40,,83,83,,9.3,9.9,8.7,9.8,10.4,9.3
2025-11-09T00:00:00Z,63,63,,68,68,,21.2,22.7,19.6,22.9,24.5,21.4
2025-11-09T06:00:00Z,64,64,,68,68,,27.5,29.5,25.6,30.4,32.5,28.3
2025-11-09T12:00:00Z,40,40,,87,87,,32.2,34.1,30.2,36.9,39.4,34.5
2025-11-09T18:00:00Z,36,36,,89,89,,20.2,21.8,18.6,21.6,23,20.1
2025-11-10T00:00:00Z,60,60,,71,71,,18.9,20.3,17.5,20,21.3,18.8
2025-11-10T06:00:00Z,69,69,,67,67,,28.2,30.4,26.1,32,34.6,29.5
2025-11-10T12:00:00Z,57,57,,74,74,,26.3,28.3,24.3,29.8,31.9,27.6
2025-11-10T18:00:00Z,41,41,,84,84,,16.5,17.6,15.3,17.6,18.6,16.5
2025-11-11T00:00:00Z,61,61,,70,70,,22,23.7,20.3,23.8,25.4,22.2
2025-11-11T06:00:00Z,64,64,,68,68,,31.4,33.8,29,36.6,39.5,33.8
2025-11-11T12:00:00Z,47,47,,81,81,,25.6,27.4,23.7,29.2,31.3,27.1
2025-11-11T18:00:00Z,40,40,,84,84,,14.9,15.9,13.8,16,17,15
2025-11-12T00:00:00Z,62,62,,70,70,,27.9,30.1,25.7,31.4,33.8,28.9
2025-11-12T06:00:00Z,67,67,,67,67,,37.2,40.2,34.1,45.1,49.2,41
2025-11-12T12:00:00Z,44,44,,84,84,,42.1,44.8,39.5,52.3,55.7,48.9
2025-11-12T18:00:00Z,38,38,,86,86,,18.2,19.8,16.7,19.5,21,18.1
2025-11-13T00:00:00Z,58,58,,71,71,,24.3,26.5,22,26.1,28.3,23.9
2025-11-13T06:00:00Z,66,66,,67,67,,29.5,32.1,26.9,33.7,36.5,31
2025-11-13T12:00:00Z,47,47,,81,81,,34,36.4,31.6,40.5,43.5,37.5
2025-11-13T18:00:00Z,40,40,,84,84,,17.2,18.6,15.8,18.5,19.7,17.3
2025-11-14T00:00:00Z,60,60,,70,70,,20.1,22,18.2,21.6,23.4,19.9
2025-11-14T06:00:00Z,66,66,,67,67,,27.6,30.1,25.2,31.3,34.2,28.5
2025-11-14T12:00:00Z,43,43,,83,83,,29.5,31.6,27.4,34.3,36.9,31.6
2025-11-14T18:00:00Z,39,39,,85,85,,19.8,21.4,18.2,21.3,22.8,19.8
2025-11-15T00:00:00Z,59,59,,70,70,,19,20.8,17.2,20.2,21.8,18.6
2025-11-15T06:00:00Z,65,65,,68,68,,27.3,29.6,24.9,31.1,33.8,28.5
2025-11-15T12:00:00Z,44,44,,83,83,,36.3,38.7,33.8,43.4,46.5,40.3
2025-11-15T18:00:00Z,40,40,,85,85,,17.7,19.3,16.1,19,20.4,17.5
2025-11-16T00:00:00Z,60,60,,71,71,,18.6,20.5,16.7,19.8,21.6,18.1
2025-11-16T06:00:00Z,61,61,,70,70,,30.3,33,27.7,35.2,38.1,32.3
2025-11-16T12:00:00Z,42,42,,84,84,,28.9,31.3,26.6,32.4,35.2,29.6
2025-11-16T18:00:00Z,37,37,,87,87,,21.6,23.5,19.7,23.3,25.2,21.5
2025-11-17T00:00:00Z,58,58,,71,71,,17.7,19.4,15.9,18.8,20.3,17.2
2025-11-17T06:00:00Z,65,65,,68,68,,28,30.6,25.4,32.3,35.1,29.5
2025-11-17T12:00:00Z,44,44,,83,83,,26.5,28.5,24.4,30.8,33.2,28.3
2025-11-17T18:00:00Z,42,42,,83,83,,14.4,15.7,13.1,15.3,16.4,14.2
2025-11-18T00:00:00Z,58,58,,71,71,,20.9,22.9,18.9,22.2,24,20.4
2025-11-18T06:00:00Z,64,64,,68,68,,22.3,24.5,20.1,24,26.2,21.8
2025-11-18T12:00:00Z,41,41,,86,86,,32.8,35,30.7,37.9,40.6,35.3
2025-11-18T18:00:00Z,41,41,,84,84,,16.5,18,15.1,17.5,18.8,16.2
2025-11-19T00:00:00Z,60,60,,71,71,,21.8,23.9,19.7,23.4,25.3,21.4
2025-11-19T06:00:00Z,63,63,,70,70,,32.4,35.1,29.7,38.3,41.7,34.9
2025-11-19T12:00:00Z,42,42,,86,86,,31.9,34.2,29.5,37.2,40,34.4
2025-11-19T18:00:00Z,40,40,,86,86,,20.8,22.4,19.1,22.6,24.2,21
2025-11-20T00:00:00Z,60,60,,72,72,,27.3,29.8,24.9,30.1,32.7,27.5
2025-11-20T06:00:00Z,65,65,,70,70,,11.7,12.8,10.6,12.5,13.5,11.5
2025-11-20T12:00:00Z,64,64,,71,71,,23.5,25.7,21.3,26.9,29.4,24.4
2025-11-20T18:00:00Z,47,47,,80,80,,21.1,23.3,18.9,22.7,24.8,20.6
2025-11-21T00:00:00Z,60,60,,72,72,,20.9,23.2,18.7,22.4,24.6,20.3
2025-11-24T12:00:00Z,41,41,,89,89,,26.8,28.8,24.8,30.5,32.7,28.2
2025-11-24T18:00:00Z,41,41,,86,86,,15.2,16.4,14.1,16.2,17.3,15.1
2025-11-25T00:00:00Z,60,60,,72,72,,24.1,26.3,21.8,25.7,27.9,23.5
2025-11-25T06:00:00Z,65,65,,71,71,,28.9,31.4,26.4,32.5,35.4,29.6
2025-11-25T12:00:00Z,45,45,,85,85,,36.4,38.7,34.1,43.5,46.3,40.6
2025-11-25T18:00:00Z,39,39,,87,87,,20.9,22.5,19.2,22.2,23.8,20.5
2025-11-26T00:00:00Z,59,59,,74,74,,27.7,30.2,25.3,30.1,32.7,27.5
2025-11-26T06:00:00Z,65,65,,71,71,,29.4,31.8,26.9,33.2,36,30.4
2025-11-26T12:00:00Z,47,47,,84,84,,38.3,40.7,35.9,46.4,49.6,43.1
2025-11-26T18:00:00Z,41,41,,86,86,,19.7,21.2,18.1,21.1,22.6,19.5
2025-11-27T00:00:00Z,60,60,,72,72,,20.3,22.2,18.5,21.7,23.5,19.8
2025-11-27T06:00:00Z,65,65,,70,70,,22.2,24.2,20.3,24.4,26.6,22.2
2025-11-27T12:00:00Z,56,56,,75,75,,29.4,31.6,27.2,33.3,36,30.6
2025-11-27T18:00:00Z,44,44,,82,82,,13.2,14.2,12.1,14,15,13.1
2025-11-28T00:00:00Z,61,61,,70,70,,23.1,25.2,21,25.1,27.2,22.9
2025-11-28T06:00:00Z,63,63,,70,70,,25.2,27.6,22.8,27.5,30.1,24.9
2025-11-28T12:00:00Z,44,44,,84,84,,30.7,32.7,28.7,36.2,38.7,33.6
2025-11-28T18:00:00Z,39,39,,87,87,,17.9,19.3,16.4,19.1,20.5,17.7
2025-11-29T00:00:00Z,59,59,,73,73,,23.1,25.3,20.9,24.6,26.7,22.4
2025-11-29T06:00:00Z,67,67,,69,69,,29.2,32,26.5,32.5,35.6,29.5
2025-11-29T12:00:00Z,47,47,,83,83,,38.5,41,36,46.8,50.1,43.6
2025-11-29T18:00:00Z,41,41,,86,86,,14.7,15.9,13.6,15.6,16.6,14.5
2025-11-30T00:00:00Z,59,59,,73,73,,24.3,26.5,22,26.3,28.5,24.1
2025-11-30T06:00:00Z,60,60,,74,74,,29.3,31.7,26.9,32.9,35.5,30.2
2025-11-30T12:00:00Z,41,41,,89,89,,30.6,32.6,28.7,35,37.2,32.7
2025-11-30T18:00:00Z,34,34,,92,92,,19.2,20.6,17.9,20.5,21.8,19.2
2025-12-01T00:00:00Z,58,58,,74,74,,27.7,30,25.4,30.6,32.9,28.3
2025-12-01T06:00:00Z,66,66,,70,70,,21.6,23.7,19.6,23.8,26,21.5
2025-12-01T12:00:00Z,43,43,,87,87,,29.3,31.2,27.4,33.3,35.7,30.9
2025-12-01T18:00:00Z,36,36,,90,90,,13.4,14.3,12.6,14.2,14.9,13.4
2025-12-02T00:00:00Z,62,62,,72,72,,20.5,22.3,18.7,21.7,23.4,20
2025-12-02T06:00:00Z,67,67,,70,70,,30,32.9,27,33.8,37.2,30.3
2025-12-02T12:00:00Z,57,57,,77,77,,27.8,30.2,25.5,31.4,34.1,28.7
2025-12-02T18:00:00Z,48,48,,82,82,,22.2,24.1,20.3,23.7,25.5,21.9
2025-12-03T00:00:00Z,61,61,,73,73,,21.7,23.7,19.8,23.2,25.1,21.3
2025-12-03T06:00:00Z,62,62,,72,72,,20.2,22.1,18.3,21.7,23.5,19.9
2025-12-03T12:00:00Z,48,48,,83,83,,24.8,26.7,22.8,27.3,29.4,25.2
2025-12-03T18:00:00Z,41,41,,87,87,,15.1,16.2,14,16,17.1,15
2025-12-04T00:00:00Z,61,61,,73,73,,23.4,25.6,21.1,25.1,27.2,22.9
2025-12-04T06:00:00Z,65,65,,71,71,,29.7,32.3,27.1,34.1,37.1,31
2025-12-04T12:00:00Z,58,58,,76,76,,33.1,35.5,30.7,38.4,41.5,35.2
2025-12-04T18:00:00Z,53,53,,77,77,,19,20.6,17.5,20.3,21.8,18.8
2025-12-05T00:00:00Z,61,61,,73,73,,26.8,29.3,24.4,29.7,32.5,27
2025-12-05T06:00:00Z,68,68,,71,71,,15.8,17.4,14.2,17.1,18.7,15.4
2025-12-05T12:00:00Z,59,59,,76,76,,19.7,21.4,18,21,22.6,19.3
2025-12-05T18:00:00Z,56,56,,76,76,,17.6,19.1,16.2,18.7,20,17.4
2025-12-06T00:00:00Z,65,65,,71,71,,22.5,24.6,20.4,24.3,26.4,22.1
2025-12-06T06:00:00Z,67,67,,71,71,,34.2,37,31.4,39.7,42.9,36.4
2025-12-06T12:00:00Z,57,57,,77,77,,33.5,36,30.9,38.4,41.2,35.5
2025-12-06T18:00:00Z,46,46,,82,82,,19.1,20.7,17.5,20.4,22,18.9
2025-12-07T00:00:00Z,58,58,,74,74,,22.2,24.1,20.3,24.1,26,22.2
2025-12-07T06:00:00Z,59,59,,73,73,,24.3,26.6,21.9,26.7,29.3,24.1
2025-12-07T12:00:00Z,44,44,,85,85,,24.9,26.9,22.9,27.7,29.9,25.4
2025-12-07T18:00:00Z,37,37,,90,90,,14.3,15.5,13.1,15.2,16.3,14.1
2025-12-08T00:00:00Z,61,61,,72,72,,25.7,27.6,23.8,28.1,30.2,25.9
2025-12-08T06:00:00Z,64,64,,71,71,,28.1,30.2,26,31.6,33.9,29.2
2025-12-08T12:00:00Z,57,57,,75,75,,20.2,21.9,18.6,22.3,24.1,20.6
2025-12-08T18:00:00Z,53,53,,77,77,,11.8,12.7,10.9,12.4,13.2,11.7
2025-12-09T00:00:00Z,63,63,,71,71,,27.3,29.4,25.3,30.4,32.7,28
2025-12-09T06:00:00Z,62,62,,72,72,,32.7,35.1,30.3,37.8,41,34.5
2025-12-09T12:00:00Z,51,51,,79,79,,30.9,33.1,28.7,36,38.8,33.1
2025-12-09T18:00:00Z,43,43,,83,83,,15.4,16.5,14.3,16.5,17.5,15.5
2025-12-10T00:00:00Z,60,60,,73,73,,23.6,25.7,21.6,25.5,27.5,23.4
2025-12-10T06:00:00Z,63,63,,71,71,,23.4,25.5,21.3,25.2,27.3,23.1
2025-12-10T12:00:00Z,45,45,,85,85,,27.4,29.3,25.5,30.6,32.9,28.3
2025-12-10T18:00:00Z,42,42,,84,84,,15.7,17,14.4,16.7,18,15.5
2025-12-11T00:00:00Z,57,57,,73,73,,18.4,19.9,17,19.7,21,18.3
2025-12-11T06:00:00Z,64,64,,71,71,,16.8,18.1,15.6,17.8,18.9,16.7
2025-12-11T12:00:00Z,45,45,,84,84,,24.6,26.5,22.8,26.4,28.5,24.3
2025-12-11T18:00:00Z,43,43,,85,85,,12.6,13.6,11.7,13.3,14.1,12.5
2025-12-12T00:00:00Z,62,62,,72,72,,18.2,19.5,16.8,19.2,20.5,18
2025-12-12T06:00:00Z,62,62,,72,72,,28.4,30.5,26.3,31.5,34.2,28.9
2025-12-12T12:00:00Z,47,47,,82,82,,24.2,26.2,22.2,26.2,28.2,24.1
2025-12-12T18:00:00Z,40,40,,86,86,,13.6,14.7,12.5,14.4,15.5,13.4
2025-12-13T00:00:00Z,64,64,,70,70,,28.4,31,25.8,31.5,34.3,28.6
2025-12-13T06:00:00Z,64,64,,71,71,,43.5,46.8,40.1,54,58.1,50
2025-12-13T12:00:00Z,47,47,,82,82,,34.1,36.6,31.7,40.3,43.2,37.4
2025-12-13T18:00:00Z,39,39,,87,87,,12.3,13.3,11.4,13.2,14.1,12.3
2025-12-14T00:00:00Z,63,63,,71,71,,23.5,25.5,21.5,25.6,27.7,23.5
2025-12-14T06:00:00Z,66,66,,71,71,,31.4,34,28.8,35.6,38.6,32.6
2025-12-14T12:00:00Z,47,47,,82,82,,36.5,38.8,34.1,43.5,46.5,40.5
2025-12-14T18:00:00Z,42,42,,85,85,,15.7,16.9,14.4,16.6,17.8,15.4
2025-12-15T00:00:00Z,61,61,,72,72,,26.1,28.3,23.9,28.1,30.4,25.8
2025-12-15T06:00:00Z,68,68,,69,69,,29.9,32.6,27.3,34.5,37.6,31.4
2025-12-15T12:00:00Z,45,45,,85,85,,40.7,43.2,38.3,50,53.3,46.7
2025-12-15T18:00:00Z,40,40,,87,87,,25.4,27.3,23.5,27.7,29.7,25.6
2025-12-16T00:00:00Z,59,59,,73,73,,25.4,27.6,23.1,27,29.2,24.7
2025-12-16T06:00:00Z,67,67,,69,69,,30.2,33.1,27.3,34.1,37.4,30.8
2025-12-16T12:00:00Z,47,47,,84,84,,32.7,35,30.3,38.6,41.5,35.8
2025-12-16T18:00:00Z,36,36,,88,88,,9.1,9.9,8.4,9.6,10.3,9
2025-12-17T00:00:00Z,56,56,,75,75,,30.1,32.2,28,33.4,35.9,30.9
2025-12-17T06:00:00Z,61,61,,73,73,,39,41.8,36.3,46.5,49.8,43.2
2025-12-17T12:00:00Z,43,43,,87,87,,35.7,37.9,33.4,41.9,44.8,39
2025-12-17T18:00:00Z,37,37,,89,89,,15.8,17.2,14.5,16.8,17.9,15.6
2025-12-18T00:00:00Z,56,56,,75,75,,32.8,35.5,30.1,36.1,38.8,33.3
2025-12-18T06:00:00Z,66,66,,71,71,,39.2,42.5,35.8,45.3,49.1,41.5
2025-12-18T12:00:00Z,44,44,,87,87,,42.4,44.9,39.8,51.8,55.1,48.5
2025-12-18T18:00:00Z,40,40,,86,86,,19.8,21.3,18.2,21.2,22.9,19.6
2025-12-19T00:00:00Z,61,61,,73,73,,24.5,26.6,22.5,26.3,28.3,24.3
2025-12-19T06:00:00Z,69,69,,70,70,,36.9,40.1,33.8,44.3,48.2,40.4
2025-12-19T12:00:00Z,46,46,,85,85,,37.2,39.6,34.8,44.8,48,41.7
2025-12-19T18:00:00Z,36,36,,90,90,,14.3,15.6,13.1,15.2,16.3,14.1
2025-12-20T00:00:00Z,63,63,,72,72,,25.3,27.5,23.2,27.5,29.7,25.3
2025-12-20T06:00:00Z,66,66,,71,71,,41.8,44.8,38.8,51.2,55,47.5
2025-12-20T12:00:00Z,42,42,,88,88,,34.8,37.1,32.6,41,43.7,38.3
2025-12-20T18:00:00Z,35,35,,92,92,,18.6,20.3,17,19.8,21.3,18.3
2025-12-21T00:00:00Z,59,59,,74,74,,21.9,23.8,19.9,23.2,25,21.4
2025-12-21T06:00:00Z,65,65,,72,72,,25.5,27.9,23,27.4,30,24.8
2025-12-21T12:00:00Z,46,46,,86,86,,34.1,36.7,31.5,40.1,43.3,36.8
2025-12-21T18:00:00Z,40,40,,89,89,,12.8,14.1,11.5,13.5,14.7,12.3
2025-12-22T00:00:00Z,62,62,,74,74,,26.1,28.5,23.7,28.5,30.9,26
2025-12-22T06:00:00Z,66,66,,72,72,,31.8,34.7,28.8,36.9,40.7,33.2
2025-12-22T12:00:00Z,54,54,,79,79,,27,29.5,24.5,31.1,34,28.2
2025-12-22T18:00:00Z,43,43,,86,86,,13.5,14.9,12.1,14.3,15.6,13.1
2025-12-23T00:00:00Z,63,63,,72,72,,27.1,29.3,24.9,29.8,32.3,27.3
2025-12-23T06:00:00Z,61,61,,74,74,,30.5,33,28,34.2,37.3,31.1
2025-12-23T12:00:00Z,53,53,,78,78,,25.7,27.8,23.5,29.3,31.8,26.8
2025-12-23T18:00:00Z,43,43,,86,86,,13.9,15.2,12.7,14.7,15.8,13.5
2025-12-24T00:00:00Z,63,63,,73,73,,26.1,28.4,23.8,28.3,30.8,25.7
2025-12-24T06:00:00Z,63,63,,74,74,,33.6,36.3,30.9,38.9,42.4,35.3
2025-12-24T12:00:00Z,48,48,,83,83,,26.7,29,24.5,31.2,33.8,28.7
2025-12-24T18:00:00Z,37,37,,91,91,,12.3,13.5,11.1,12.9,14,11.9
2025-12-25T00:00:00Z,58,58,,76,76,,30.8,33.4,28.1,33.5,36.2,30.7
2025-12-25T06:00:00Z,65,65,,73,73,,74.9,82.1,67.8,84.8,91.8,77.8
2025-12-25T12:00:00Z,45,45,,88,88,,54.6,59.6,49.7,62.6,67.3,57.9
2025-12-25T18:00:00Z,43,43,,87,87,,15.6,17.1,14,16.5,18,15.1
2025-12-26T00:00:00Z,63,63,,74,74,,24.6,27,22.2,26.4,28.8,24
2025-12-26T06:00:00Z,66,66,,73,73,,29.5,32.3,26.8,32.9,36.3,29.5
2025-12-26T12:00:00Z,47,47,,85,85,,30,32.4,27.5,34.3,37.2,31.5
2025-12-26T18:00:00Z,35,35,,93,93,,13,14.1,11.8,13.7,14.7,12.7
2025-12-27T00:00:00Z,61,61,,74,74,,27.1,29.4,24.8,29.2,31.7,26.8
2025-12-27T06:00:00Z,66,66,,71,71,,34,36.6,31.4,39.1,42.3,35.9
2025-12-27T12:00:00Z,44,44,,88,88,,39.6,42.2,36.9,48,51.5,44.4
2025-12-27T18:00:00Z,38,38,,90,90,,15.4,16.7,14,16.3,17.6,15
2025-12-28T00:00:00Z,61,61,,74,74,,29.8,32.3,27.2,32.9,36,29.9
2025-12-28T06:00:00Z,66,66,,72,72,,42,45.4,38.7,51.1,55.3,46.8
2025-12-28T12:00:00Z,48,48,,83,83,,39.1,42.1,36.1,47.7,51.5,43.9
2025-12-28T18:00:00Z,41,41,,88,88,,17.5,19.4,15.6,18.7,20.5,16.9
2025-12-29T00:00:00Z,65,65,,72,72,,32.5,35.1,29.9,37.5,40.7,34.3
2025-12-29T06:00:00Z,65,65,,72,72,,41,43.9,38,50.3,53.9,46.7
2025-12-29T12:00:00Z,49,49,,83,83,,39.3,41.8,36.7,47.8,51.1,44.6
2025-12-29T18:00:00Z,41,41,,87,87,,20.8,22.7,19,22.6,24.5,20.8
2025-12-30T00:00:00Z,65,65,,72,72,,32.5,35.1,30,37.2,40.4,34.1
2025-12-30T06:00:00Z,66,66,,72,72,,32.9,35.7,30.1,38.2,41.7,34.7
2025-12-30T12:00:00Z,53,53,,80,80,,23.5,25.6,21.5,26.4,28.5,24.2
2025-12-30T18:00:00Z,45,45,,84,84,,13.5,14.7,12.3,14.2,15.3,13.1
2025-12-31T00:00:00Z,63,63,,73,73,,26.5,28.6,24.3,28.7,31,26.5
2025-12-31T06:00:00Z,66,66,,71,71,,28.3,30.7,26,31.3,33.8,28.8
2025-12-31T12:00:00Z,46,46,,85,85,,26.1,28.1,24.1,29.7,32.1,27.4
2025-12-31T18:00:00Z,50,50,,81,81,,19.2,20.8,17.6,20.5,22.1,19
2026-01-01T00:00:00Z,61,61,,74,74,,64.6,68.9,60.2,73.7,78.9,68.6
2026-01-01T06:00:00Z,68,68,,71,71,,124.8,136.3,113.3,134.9,147,122.8
2026-01-01T12:00:00Z,44,44,,87,87,,76.2,82.5,69.9,84.4,91.2,77.6
2026-01-01T18:00:00Z,40,40,,89,89,,9.6,10.5,8.7,10,10.8,9.2
2026-01-02T00:00:00Z,59,59,,76,76,,17.8,19.3,16.3,18.8,20.2,17.4
2026-01-02T06:00:00Z,63,63,,75,75,,15.9,17.3,14.5,16.9,18.1,15.6
2026-01-02T12:00:00Z,45,45,,88,88,,22.7,24.4,21,24.9,26.8,23
2026-01-02T18:00:00Z,40,40,,89,89,,14.2,15.4,12.9,14.9,16,13.8
2026-01-03T00:00:00Z,58,58,,77,77,,27.6,29.5,25.6,30.8,32.8,28.9
2026-01-03T06:00:00Z,65,65,,74,74,,23.7,25.7,21.7,25.5,27.5,23.4
2026-01-03T12:00:00Z,47,47,,87,87,,30.5,32.6,28.3,34.9,37.4,32.3
2026-01-03T18:00:00Z,38,38,,90,90,,12.3,13.3,11.3,13.1,14.1,12.2
2026-01-04T00:00:00Z,48,48,,81,81,,27.5,29.3,25.7,30.2,32.1,28.3
2026-01-04T06:00:00Z,62,62,,76,76,,24,25.9,22.1,25.9,27.7,24.1
2026-01-04T12:00:00Z,45,45,,88,88,,23.2,25,21.4,25.5,27.3,23.7
2026-01-04T18:00:00Z,36,36,,91,91,,12.5,13.6,11.5,13.2,14.1,12.3
2026-01-05T00:00:00Z,55,55,,78,78,,15.8,17,14.5,16.6,17.7,15.6
2026-01-05T06:00:00Z,63,63,,76,76,,14.7,15.9,13.5,15.6,16.6,14.5
2026-01-05T12:00:00Z,55,55,,82,82,,30.8,32.9,28.6,34.4,37.2,31.6
2026-01-05T18:00:00Z,46,46,,84,84,,29.7,31.7,27.6,33.9,36.3,31.6
2026-01-06T00:00:00Z,59,59,,77,77,,31.6,33.7,29.5,35.3,38,32.7
2026-01-06T06:00:00Z,62,62,,75,75,,32.5,34.7,30.3,36.6,39.3,33.9
2026-01-06T12:00:00Z,46,46,,86,86,,29.3,31.4,27.1,33.2,35.9,30.5
2026-01-06T18:00:00Z,32,32,,94,94,,12.8,13.9,11.6,13.5,14.5,12.5
2026-01-07T00:00:00Z,53,53,,78,78,,19.3,20.9,17.7,20.5,21.9,19.1
2026-01-07T06:00:00Z,59,59,,76,76,,16.2,17.6,14.9,17.1,18.3,15.9
2026-01-07T12:00:00Z,41,41,,91,91,,21.8,23.7,19.8,23,24.9,21.2
2026-01-07T18:00:00Z,34,34,,92,92,,11.5,12.4,10.5,12.1,12.9,11.3
2026-01-08T06:00:00Z,58,58,,77,77,,29.4,31.6,27.1,32.3,34.8,29.9
2026-01-08T12:00:00Z,42,42,,90,90,,28.6,30.5,26.6,32.5,34.8,30.2
2026-01-08T18:00:00Z,35,35,,93,93,,12.7,13.7,11.6,13.3,14.2,12.5
2026-01-09T00:00:00Z,62,62,,76,76,,12.8,13.6,12,13.5,14.1,12.9
2026-01-09T06:00:00Z,68,68,,74,74,,13.4,14.4,12.4,14.3,15.2,13.4
2026-01-09T12:00:00Z,50,50,,85,85,,33.3,35.8,30.8,36.9,39.3,34.5
2026-01-09T18:00:00Z,52,52,,83,83,,12.9,13.8,11.9,13.6,14.4,12.7
2026-01-10T00:00:00Z,62,62,,78,78,,27.9,29.9,25.9,30.5,32.6,28.4
2026-01-10T06:00:00Z,61,61,,79,79,,47.6,50.3,44.9,57.5,60.3,54.7
2026-01-10T12:00:00Z,45,45,,89,89,,34.8,36.9,32.8,41,43.6,38.3
2026-01-10T18:00:00Z,44,44,,87,87,,10.9,11.8,10,11.5,12.3,10.7
2026-01-11T00:00:00Z,58,58,,80,80,,28.4,30.3,26.4,31.4,33.5,29.3
2026-01-11T06:00:00Z,62,62,,78,78,,31.7,33.6,29.8,36.4,38.6,34.2
2026-01-11T12:00:00Z,43,43,,91,91,,32.1,34.2,30,36.8,39.3,34.2
2026-01-11T18:00:00Z,35,35,,95,95,,8.3,9.1,7.5,8.7,9.4,8.1
2026-01-12T00:00:00Z,57,57,,79,79,,15,16.3,13.8,15.9,17,14.8
2026-01-12T06:00:00Z,63,63,,77,77,,12.6,13.5,11.7,13.3,14.1,12.6
2026-01-12T12:00:00Z,43,43,,91,91,,26.4,28.4,24.5,29.5,31.5,27.4
2026-01-12T18:00:00Z,45,45,,87,87,,16.9,18.2,15.7,17.9,19,16.7
2026-01-13T00:00:00Z,62,62,,78,78,,30.1,31.7,28.4,33.5,35.4,31.6
2026-01-13T06:00:00Z,64,64,,76,76,,20.2,21.7,18.8,21.7,23,20.3
2026-01-13T12:00:00Z,48,48,,87,87,,26.4,28.2,24.6,29.2,31.2,27.1
2026-01-13T18:00:00Z,40,40,,90,90,,11.4,12.3,10.5,11.9,12.7,11.1
2026-01-14T00:00:00Z,54,54,,81,81,,21.4,22.9,19.8,22.8,24.2,21.3
2026-01-14T06:00:00Z,59,59,,79,79,,19.5,21,18,20.6,22,19.3
2026-01-14T12:00:00Z,38,38,,94,94,,24.1,25.9,22.4,26.5,28.4,24.5
2026-01-14T18:00:00Z,35,35,,93,93,,8.1,8.8,7.3,8.5,9.1,7.9
2026-01-15T00:00:00Z,50,50,,82,82,,12.1,13,11.2,12.8,13.6,11.9
2026-01-15T06:00:00Z,62,62,,78,78,,23,24.7,21.2,26.5,28.5,24.4
2026-01-15T12:00:00Z,55,55,,86,86,,36.1,39.3,32.9,42.4,46.2,38.6
2026-01-15T18:00:00Z,45,45,,88,88,,13.6,15.3,11.8,14.3,16,12.6
2026-01-16T00:00:00Z,62,62,,77,77,,16.7,18.9,14.5,17.6,19.7,15.5
2026-01-16T06:00:00Z,62,62,,77,77,,34.4,37.4,31.3,40.1,43.9,36.4
2026-01-16T12:00:00Z,43,43,,91,91,,23.6,26,21.2,26.8,29.7,23.9
2026-01-16T18:00:00Z,39,39,,92,92,,11.3,12.8,9.8,11.8,13.2,10.4
2026-01-17T00:00:00Z,53,53,,81,81,,17.9,20.3,15.5,18.9,21.3,16.6
2026-01-17T06:00:00Z,62,62,,77,77,,16.7,18.9,14.5,17.7,19.8,15.6
2026-01-17T12:00:00Z,47,47,,89,89,,30.8,34.1,27.6,35.2,39.1,31.4
2026-01-17T18:00:00Z,39,39,,93,93,,15,16.9,13.1,15.9,17.7,14
2026-01-18T00:00:00Z,57,57,,79,79,,23.2,25.9,20.6,25.2,28.1,22.4
2026-01-18T06:00:00Z,65,65,,75,75,,29.8,32.9,26.7,34.3,38.1,30.6
2026-01-18T12:00:00Z,46,46,,88,88,,36.2,39.4,33,42.5,46.6,38.5
2026-01-18T18:00:00Z,40,40,,91,91,,12.4,13.9,10.8,13,14.5,11.6
2026-01-19T00:00:00Z,60,60,,77,77,,18.1,20.4,15.8,19.1,21.2,16.9
2026-01-19T06:00:00Z,60,60,,78,78,,10.5,11.9,9,11,12.4,9.6
2026-01-19T12:00:00Z,40,40,,93,93,,11.9,13.4,10.4,12.5,13.9,11.1
2026-01-19T18:00:00Z,33,33,,96,96,,11,12.4,9.6,11.6,13,10.3
2026-01-22T12:00:00Z,45,45,,87,87,,18.6,21.4,15.8,19.8,22.6,17.1
2026-01-22T18:00:00Z,35,35,,96,96,,13.5,15.1,11.9,14.3,15.9,12.7
2026-01-23T00:00:00Z,51,51,,82,82,,15.6,17.4,13.9,16.6,18.3,14.9
2026-01-23T06:00:00Z,58,58,,80,80,,17.3,19.3,15.2,18.4,20.4,16.4
2026-01-23T12:00:00Z,40,40,,94,94,,20.9,23.1,18.6,22.8,25.2,20.4
2026-01-23T18:00:00Z,30,30,,100,100,,7.7,8.8,6.7,8.2,9.1,7.3
2026-01-24T00:00:00Z,49,49,,82,82,,13.4,15,11.8,14.1,15.6,12.7
2026-01-24T06:00:00Z,56,56,,78,78,,17.3,19.5,15.2,18.4,20.4,16.4
2026-01-24T12:00:00Z,41,41,,91,91,,23.6,26,21.1,25.6,28.4,22.9
2026-01-24T18:00:00Z,36,36,,93,93,,8.2,9.2,7.2,8.7,9.6,7.7
2026-01-25T00:00:00Z,47,47,,84,84,,13.8,15.5,12.2,14.7,16.2,13.1
2026-01-25T06:00:00Z,58,58,,80,80,,12.6,14.2,11,13.3,14.8,11.9
2026-01-25T12:00:00Z,39,39,,94,94,,14.5,16.3,12.8,15.3,17,13.6
2026-01-25T18:00:00Z,30,30,,99,99,,5.5,6.2,4.8,5.8,6.4,5.2
2026-01-26T00:00:00Z,50,50,,82,82,,10.4,11.5,9.3,11,12,10
2026-01-26T06:00:00Z,62,62,,79,79,,17.3,19.3,15.3,18.4,20.3,16.4
2026-01-26T12:00:00Z,43,43,,92,92,,27.1,29.7,24.5,30.7,33.5,27.9
2026-01-26T18:00:00Z,38,38,,93,93,,7.3,8.1,6.5,7.7,8.4,7
2026-01-27T00:00:00Z,55,55,,82,82,,19.5,21.7,17.3,20.8,23,18.6
2026-01-27T06:00:00Z,59,59,,80,80,,21,23.2,18.8,22.3,24.4,20.2
2026-01-27T12:00:00Z,38,38,,96,96,,28.3,31,25.5,31.7,34.3,29.1
2026-01-27T18:00:00Z,33,33,,98,98,,9.6,10.7,8.5,10.1,11.1,9
2026-01-28T00:00:00Z,58,58,,80,80,,15.8,17.6,13.9,16.8,18.5,15
2026-01-28T06:00:00Z,64,64,,77,77,,16.4,18.1,14.7,17.4,19,15.8
2026-01-28T12:00:00Z,45,45,,90,90,,28.6,31,26.1,31.8,34.9,28.6
2026-01-28T18:00:00Z,40,40,,91,91,,11.2,12.3,10,11.9,13,10.8
2026-01-29T00:00:00Z,56,56,,80,80,,16.5,18.3,14.7,17.5,19.2,15.9
2026-01-29T06:00:00Z,63,63,,77,77,,15.7,17.2,14.2,16.9,18.4,15.3
2026-01-29T12:00:00Z,48,48,,87,87,,24.7,26.9,22.4,27.5,30.1,24.9
2026-01-29T18:00:00Z,37,37,,93,93,,8.6,9.6,7.6,9.1,10,8.2
2026-01-30T00:00:00Z,57,57,,81,81,,17.4,19.5,15.3,18.3,20.2,16.3
2026-01-30T06:00:00Z,62,62,,78,78,,24.1,26.6,21.6,26.1,28.8,23.4
2026-01-30T12:00:00Z,42,42,,93,93,,32,34.6,29.4,37.1,40.1,34.1
2026-01-30T18:00:00Z,33,33,,96,96,,11.2,12.3,10.1,11.8,12.8,10.8
2026-01-31T00:00:00Z,52,52,,81,81,,15.7,17.4,14,16.7,18.3,15
2026-01-31T06:00:00Z,58,58,,78,78,,15.6,17.4,13.9,16.6,18.2,15
2026-01-31T12:00:00Z,44,44,,90,90,,22.5,24.5,20.5,24.7,26.8,22.5
2026-01-31T18:00:00Z,42,42,,90,90,,10.5,11.7,9.4,11.1,12.1,10
2026-02-01T00:00:00Z,55,55,,81,81,,12.5,13.7,11.3,13.1,14.2,12
2026-02-01T06:00:00Z,57,57,,80,80,,10.2,11.4,9.1,11,12.1,9.9
2026-02-01T12:00:00Z,40,40,,93,93,,25.3,27.3,23.3,29,31.2,26.8
2026-02-01T18:00:00Z,43,43,,89,89,,9.3,10.4,8.3,9.8,10.8,8.9
2026-02-02T00:00:00Z,53,53,,81,81,,13.7,15.2,12.1,14.4,15.9,13
2026-02-02T06:00:00Z,54,54,,81,81,,22.5,24.8,20.2,24.3,26.7,22
2026-02-02T12:00:00Z,43,43,,90,90,,29,31.5,26.6,33,35.5,30.5
2026-02-02T18:00:00Z,38,38,,91,91,,8.1,8.9,7.2,8.5,9.3,7.8
2026-02-03T00:00:00Z,48,48,,84,84,,17.2,19.1,15.4,18.2,19.9,16.5
2026-02-03T06:00:00Z,52,52,,81,81,,18,20,16,19,20.9,17.2
2026-02-03T12:00:00Z,37,37,,94,94,,17.8,19.6,16.1,18.9,20.7,17.2
2026-02-03T18:00:00Z,32,32,,95,95,,10.8,11.9,9.7,11.6,12.6,10.5
2026-02-04T00:00:00Z,44,44,,83,83,,14.1,15.5,12.7,15.1,16.3,13.8
2026-02-04T06:00:00Z,52,52,,80,80,,13.8,15.4,12.3,14.7,16.1,13.3
2026-02-04T12:00:00Z,35,35,,95,95,,11.8,13,10.5,12.4,13.5,11.3
2026-02-04T18:00:00Z,29,29,,101,101,,5.6,6.1,5,5.9,6.4,5.4
2026-02-05T00:00:00Z,49,49,,83,83,,12.9,14.4,11.4,13.6,15,12.3
2026-02-05T06:00:00Z,57,57,,79,79,,25.5,27.9,23,28.2,31,25.4
2026-02-05T12:00:00Z,39,39,,94,94,,20.4,22.4,18.5,22.2,24.4,20
2026-02-05T18:00:00Z,37,37,,93,93,,8.3,9.2,7.3,8.8,9.6,7.9
2026-02-06T00:00:00Z,54,54,,81,81,,20.3,22.4,18.1,21.8,24,19.6
2026-02-06T06:00:00Z,62,62,,77,77,,19.5,21.6,17.5,20.9,22.8,18.9
2026-02-06T12:00:00Z,46,46,,88,88,,22.6,24.4,20.8,25.7,27.7,23.6
2026-02-06T18:00:00Z,42,42,,90,90,,9.1,9.9,8.2,9.6,10.3,8.8
2026-02-07T00:00:00Z,55,55,,81,81,,24.7,27,22.5,26.7,29,24.4
2026-02-07T06:00:00Z,63,63,,77,77,,26.1,27.6,24.5,29.4,31.2,27.6
2026-02-07T12:00:00Z,58,58,,81,81,,34.5,36.2,32.9,39.9,42,37.8
2026-02-08T00:00:00Z,52,52,,82,82,,15.2,16.4,14.1,16.2,17.2,15.1
2026-02-08T06:00:00Z,56,56,,80,80,,13.5,14.8,12.3,14.3,15.5,13.1
2026-02-08T12:00:00Z,40,40,,93,93,,23.9,25.6,22.2,26.6,28.5,24.8
2026-02-08T18:00:00Z,33,33,,96,96,,8,8.8,7.2,8.4,9.1,7.6
2026-02-09T00:00:00Z,52,52,,83,83,,12.1,13.2,10.9,12.8,13.8,11.7
2026-02-09T06:00:00Z,61,61,,79,79,,12.5,13.7,11.3,13.3,14.3,12.2
2026-02-09T12:00:00Z,44,44,,91,91,,30.2,32.1,28.2,34.4,36.5,32.3
2026-02-09T18:00:00Z,36,36,,95,95,,10.3,11.2,9.5,10.8,11.6,10
2026-02-10T00:00:00Z,56,56,,81,81,,19.6,21.1,18,20.9,22.4,19.4
2026-02-10T06:00:00Z,63,63,,78,78,,23.7,25.7,21.6,25.2,27.2,23.2
2026-02-10T12:00:00Z,45,45,,90,90,,29,30.9,27.1,33.6,35.8,31.5
2026-02-10T18:00:00Z,35,35,,95,95,,7.9,8.6,7.3,8.3,8.9,7.7
2026-02-11T00:00:00Z,54,54,,82,82,,12.2,13.3,11.1,12.8,13.7,11.9
2026-02-11T06:00:00Z,59,59,,80,80,,13.9,15.1,12.8,14.7,15.8,13.6
2026-02-11T12:00:00Z,45,45,,91,91,,22.9,24.6,21.2,24.8,26.7,22.9
2026-02-11T18:00:00Z,33,33,,98,98,,11.7,12.7,10.7,12.3,13.2,11.4
2026-02-12T00:00:00Z,52,52,,82,82,,14.9,16.2,13.7,15.7,16.8,14.7
2026-02-12T06:00:00Z,55,55,,81,81,,13.8,15.1,12.6,14.7,15.9,13.5
2026-02-12T12:00:00Z,45,45,,89,89,,21.1,22.9,19.3,22.5,24.3,20.6
2026-02-12T18:00:00Z,31,31,,98,98,,7.1,7.8,6.4,7.5,8.1,6.9
2026-02-13T00:00:00Z,43,43,,86,86,,24.2,26,22.4,27.6,29.4,25.8
2026-02-13T06:00:00Z,55,55,,81,81,,25.3,27.4,23.1,27.7,29.9,25.5
2026-02-13T12:00:00Z,36,36,,96,96,,23,24.8,21.1,25.1,27.2,23.1
2026-02-13T18:00:00Z,31,31,,99,99,,6.6,7.3,6,7,7.6,6.5
2026-02-14T00:00:00Z,52,52,,84,84,,18.8,20.4,17.2,20.1,21.7,18.6
2026-02-14T06:00:00Z,56,56,,82,82,,22.9,24.8,20.9,24.6,26.6,22.6
2026-02-14T12:00:00Z,41,41,,94,94,,24.4,26.1,22.7,26.9,29,24.8
2026-02-14T18:00:00Z,33,33,,95,95,,6.1,6.7,5.5,6.4,7,5.8
2026-02-15T00:00:00Z,52,52,,83,83,,21.6,23.4,19.8,22.9,24.7,21.2
2026-02-15T06:00:00Z,57,57,,81,81,,19.4,21.1,17.6,20.4,22.1,18.8
2026-02-15T12:00:00Z,45,45,,91,91,,26.2,28.3,24.1,28.6,30.9,26.3
2026-02-15T18:00:00Z,39,39,,93,93,,12.7,13.8,11.6,13.4,14.4,12.4
2026-02-16T00:00:00Z,54,54,,82,82,,11.6,12.6,10.6,12.2,13.1,11.3
2026-02-16T06:00:00Z,62,62,,79,79,,15.7,17.1,14.4,16.6,17.8,15.3
2026-02-16T12:00:00Z,42,42,,94,94,,20.6,22.3,18.9,22.3,24.2,20.4
2026-02-16T18:00:00Z,34,34,,94,94,,9,9.7,8.2,9.6,10.2,8.9
2026-02-17T00:00:00Z,45,45,,85,85,,12,13,10.9,12.6,13.5,11.7
2026-02-17T06:00:00Z,51,51,,83,83,,15.7,17,14.4,17,18.2,15.8
2026-02-17T12:00:00Z,41,41,,94,94,,20.7,22.6,18.8,21.9,23.9,20
2026-02-17T18:00:00Z,35,35,,96,96,,7.6,8.4,6.9,8.1,8.8,7.4
2026-02-18T00:00:00Z,53,53,,84,84,,24.6,26.5,22.7,26.4,28.4,24.4
2026-02-18T06:00:00Z,59,59,,81,81,,20.5,22.4,18.7,21.8,23.5,20
2026-02-18T12:00:00Z,42,42,,95,95,,28.3,30.4,26.2,32.5,35,30
2026-02-18T18:00:00Z,46,46,,88,88,,12.4,13.5,11.3,13.2,14.2,12.2
2026-02-19T00:00:00Z,58,58,,81,81,,28.7,31.1,26.4,31.3,33.9,28.7
2026-02-19T06:00:00Z,60,60,,80,80,,24.1,26.3,21.9,25.9,28.2,23.6
2026-02-19T12:00:00Z,40,40,,95,95,,31.4,33.7,29.2,36.8,39.3,34.3
2026-02-19T18:00:00Z,37,37,,96,96,,7.2,7.9,6.4,7.6,8.2,6.9
2026-02-20T00:00:00Z,51,51,,84,84,,11.9,13.2,10.7,12.5,13.6,11.4
2026-02-20T06:00:00Z,55,55,,82,82,,14.2,15.9,12.5,15,16.5,13.5
2026-02-20T12:00:00Z,38,38,,97,97,,21.7,23.8,19.6,23.4,25.6,21.1
2026-02-20T18:00:00Z,31,31,,99,99,,5.3,5.9,4.8,5.6,6.1,5.1
2026-02-21T00:00:00Z,48,48,,84,84,,9,9.9,8.2,9.5,10.3,8.7
2026-02-21T06:00:00Z,59,59,,81,81,,10.9,12.1,9.7,11.5,12.6,10.4
2026-02-21T12:00:00Z,39,39,,96,96,,23.7,26,21.4,26.3,28.7,23.9
2026-02-21T18:00:00Z,33,33,,99,99,,8,8.9,7,8.4,9.3,7.5
2026-02-22T00:00:00Z,55,55,,84,84,,19.6,21.5,17.7,20.9,22.8,19
2026-02-22T06:00:00Z,60,60,,81,81,,18.7,20.8,16.7,19.8,21.7,17.9
2026-02-22T12:00:00Z,41,41,,96,96,,16.3,18.1,14.6,17.2,18.9,15.6
2026-02-22T18:00:00Z,32,32,,99,99,,5.7,6.5,5,6.1,6.7,5.4
2026-02-23T00:00:00Z,56,56,,83,83,,11.8,13.1,10.5,12.5,13.7,11.3
2026-02-23T06:00:00Z,60,60,,81,81,,8.8,9.8,7.7,9.3,10.2,8.3
2026-02-23T12:00:00Z,38,38,,97,97,,11.2,12.6,9.8,11.8,13.1,10.5
2026-02-23T18:00:00Z,32,32,,98,98,,6.7,7.5,5.8,7,7.8,6.3
2026-02-24T00:00:00Z,50,50,,85,85,,12.2,13.6,10.8,12.9,14.1,11.6
2026-02-24T06:00:00Z,57,57,,83,83,,12.8,14.2,11.4,13.6,14.9,12.4
2026-02-24T12:00:00Z,37,37,,99,99,,22.3,24.3,20.2,25.4,27.7,23.1
2026-02-24T18:00:00Z,34,34,,98,98,,7.6,8.5,6.7,8,8.9,7.2
2026-02-25T00:00:00Z,44,44,,87,87,,11.3,12.4,10.1,11.9,13,10.9
2026-02-25T06:00:00Z,50,50,,85,85,,13.3,14.7,11.8,14,15.3,12.8
2026-02-25T12:00:00Z,37,37,,97,97,,18.1,19.8,16.3,19.8,21.7,17.9
2026-02-25T18:00:00Z,35,35,,97,97,,8.9,9.8,8,9.5,10.3,8.6
2026-02-26T00:00:00Z,56,56,,84,84,,15.2,16.8,13.6,16.1,17.6,14.6
2026-02-26T06:00:00Z,59,59,,83,83,,16.3,18.2,14.4,17.2,18.9,15.5
2026-02-26T12:00:00Z,40,40,,98,98,,26,28.3,23.6,29.3,32.2,26.3
2026-02-26T18:00:00Z,39,39,,96,96,,9.1,10.2,8,9.6,10.6,8.6
2026-02-27T00:00:00Z,60,60,,82,82,,19.1,21.1,17,20.2,22,18.3
2026-02-27T06:00:00Z,66,66,,79,79,,20.3,22.4,18.1,21.9,24,19.8
2026-02-27T12:00:00Z,46,46,,92,92,,20.1,22.3,17.9,21.6,23.7,19.5
2026-02-27T18:00:00Z,38,38,,95,95,,9.3,10.2,8.3,9.8,10.7,8.9
2026-02-28T00:00:00Z,56,56,,83,83,,12.4,13.8,11,13.2,14.5,11.9
2026-02-28T06:00:00Z,64,64,,79,79,,19.8,21.8,17.8,21.6,23.5,19.6
2026-02-28T12:00:00Z,48,48,,90,90,,30.2,32.7,27.7,35.2,38.4,32.1
2026-02-28T18:00:00Z,36,36,,97,97,,9.5,10.6,8.5,10.1,11,9.1
2026-03-01T00:00:00Z,58,58,,81,81,,18.5,20.3,16.6,19.9,21.8,18.1
2026-03-01T06:00:00Z,66,66,,78,78,,19.6,21.7,17.4,21,23.2,18.9
2026-03-01T12:00:00Z,50,50,,88,88,,24,26.3,21.8,27.4,29.9,24.8
2026-03-01T18:00:00Z,39,39,,94,94,,7.8,8.8,6.8,8.3,9.2,7.4
2026-03-02T00:00:00Z,54,54,,81,81,,11.4,12.8,10,12,13.3,10.8
2026-03-02T06:00:00Z,60,60,,78,78,,12.3,13.8,10.8,13.1,14.5,11.8
2026-03-02T12:00:00Z,39,39,,96,96,,22.4,24.9,19.9,24.4,27,21.8
2026-03-02T18:00:00Z,33,33,,98,98,,14,15.8,12.3,14.9,16.5,13.3
2026-03-03T00:00:00Z,52,52,,82,82,,16.1,18.2,14,17,19,15
2026-03-03T06:00:00Z,60,60,,77,77,,14.6,16.2,12.9,15.6,17.1,14.1
2026-03-03T12:00:00Z,47,47,,87,87,,28.4,31.1,25.6,31.7,35,28.3
2026-03-03T18:00:00Z,36,36,,92,92,,16.4,18.1,14.8,18.1,19.8,16.4
2026-03-04T00:00:00Z,44,44,,84,84,,13.7,15.4,12,14.6,16.2,13
2026-03-04T06:00:00Z,53,53,,81,81,,18,20.4,15.7,19.1,21.3,17
2026-03-04T12:00:00Z,38,38,,94,94,,26.3,29,23.5,28.4,31.4,25.3
2026-03-04T18:00:00Z,33,33,,95,95,,10.6,11.8,9.4,11.4,12.6,10.3
2026-03-05T00:00:00Z,49,49,,83,83,,15.4,17.4,13.4,16.5,18.4,14.5
2026-03-05T06:00:00Z,56,56,,80,80,,17.5,20.1,15,18.5,21,16.1
2026-03-05T12:00:00Z,36,36,,95,95,,28.7,31.5,25.9,32.5,35.7,29.4
2026-03-05T18:00:00Z,35,35,,94,94,,11,12.4,9.6,11.8,13.1,10.4
2026-03-06T00:00:00Z,51,51,,82,82,,16.6,18.7,14.4,17.5,19.5,15.6
2026-03-06T06:00:00Z,58,58,,79,79,,17.7,19.9,15.5,19,21.1,16.8
2026-03-06T12:00:00Z,39,39,,94,94,,22.1,24.2,20,24.4,26.7,22.1
2026-03-06T18:00:00Z,28,28,,100,100,,6,6.6,5.3,6.4,6.9,5.8
2026-03-07T00:00:00Z,45,45,,84,84,,15.4,17.3,13.4,16.2,18,14.4
2026-03-07T06:00:00Z,55,55,,80,80,,22.9,25.7,20.2,24.9,27.8,22.1
2026-03-07T12:00:00Z,41,41,,93,93,,32.1,34.9,29.3,36.7,40.1,33.2
2026-03-07T18:00:00Z,32,32,,98,98,,10.3,11.4,9.3,11.1,12.1,10
2026-03-08T00:00:00Z,54,54,,82,82,,14.3,15.9,12.7,15.3,16.8,13.7
2026-03-08T06:00:00Z,59,59,,80,80,,6.8,7.7,5.9,7.2,8,6.4
2026-03-08T12:00:00Z,40,40,,94,94,,10.9,12.2,9.6,11.5,12.7,10.3
2026-03-08T18:00:00Z,33,33,,97,97,,7.1,8,6.2,7.5,8.3,6.6
2026-03-09T00:00:00Z,53,53,,82,82,,14.2,16.1,12.4,15,16.9,13.2
2026-03-09T06:00:00Z,61,61,,78,78,,14.7,16.6,12.7,15.6,17.4,13.8
2026-03-09T12:00:00Z,44,44,,91,91,,19.1,21.2,17,20.3,22.3,18.3
2026-03-09T18:00:00Z,40,40,,93,93,,11.7,13.1,10.4,12.5,13.7,11.3
2026-03-10T00:00:00Z,60,60,,80,80,,20.6,23.1,18.2,21.8,24.1,19.5
2026-03-10T06:00:00Z,64,64,,78,78,,23.4,26.1,20.7,25.4,28.3,22.6
2026-03-10T12:00:00Z,42,42,,93,93,,31.2,31.9,30.5,35.8,36.8,34.9
2026-03-10T18:00:00Z,36,36,,95,95,,15.9,15.1,16.7,16.8,15.9,17.8
2026-03-11T00:00:00Z,52,52,,82,82,,25.8,25.2,26.4,27.6,26.6,28.5
2026-03-11T06:00:00Z,60,60,,79,79,,21.9,20.9,22.9,23.2,21.9,24.5
2026-03-11T12:00:00Z,49,49,,88,88,,27.5,26.6,28.4,30.5,29.2,31.8
2026-03-11T18:00:00Z,46,46,,88,88,,19.9,18.8,21,20.9,19.6,22.2
2026-03-12T00:00:00Z,54,54,,82,82,,24.7,23.9,25.6,26.3,25.1,27.5
2026-03-12T06:00:00Z,58,58,,80,80,,35.1,34.1,36,40,38.7,41.4
2026-03-12T12:00:00Z,41,41,,93,93,,24.8,24,25.6,27.3,26.3,28.3
2026-03-12T18:00:00Z,39,39,,93,93,,12.9,12.2,13.7,13.6,12.6,14.5
2026-03-13T00:00:00Z,51,51,,83,83,,25.3,24.8,25.8,27.4,26.5,28.2
2026-03-13T06:00:00Z,55,55,,81,81,,22.4,21.8,23,23.6,22.8,24.5
2026-03-13T12:00:00Z,39,39,,94,94,,26.1,25.5,26.8,28.9,27.8,29.9
2026-03-13T18:00:00Z,36,36,,94,94,,11.4,10.8,12.1,12,11.2,12.7
2026-03-14T00:00:00Z,53,53,,82,82,,18.8,18.1,19.4,19.7,18.8,20.6
2026-03-14T06:00:00Z,57,57,,80,80,,26.9,26.5,27.4,29.2,28.3,30.1
2026-03-14T12:00:00Z,42,42,,92,92,,32.4,31.8,33,36.6,35.5,37.6
2026-03-14T18:00:00Z,43,43,,90,90,,20.5,19.7,21.4,22.1,21.1,23.1
2026-03-15T00:00:00Z,56,56,,81,81,,21.7,21,22.5,23.4,22.4,24.3
2026-03-15T06:00:00Z,61,61,,79,79,,19.4,18.7,20.1,20.6,19.6,21.6
2026-03-15T12:00:00Z,43,43,,92,92,,34.2,33.7,34.7,39.8,39.1,40.6
2026-03-15T18:00:00Z,34,34,,98,98,,11.8,11.2,12.4,12.4,11.7,13.1
2026-03-16T00:00:00Z,52,52,,83,83,,23.2,23,23.3,24.4,24,24.7
2026-03-16T06:00:00Z,56,56,,80,80,,26.3,26.3,26.3,28.3,28.1,28.5
2026-03-16T12:00:00Z,39,39,,96,96,,25.1,24.7,25.4,28,27.6,28.5
2026-03-16T18:00:00Z,30,30,,100,100,,11.2,10.8,11.6,11.8,11.3,12.3
2026-03-17T00:00:00Z,50,50,,83,83,,23.2,23,23.3,24.7,24.4,25.1
2026-03-17T06:00:00Z,56,56,,82,82,,21.6,21.4,21.8,22.7,22.2,23.2
2026-03-17T12:00:00Z,47,47,,88,88,,23.5,22.9,24.1,25.2,24.4,26
2026-03-17T18:00:00Z,40,40,,91,91,,16,15.8,16.2,17,16.6,17.4
2026-03-18T00:00:00Z,52,52,,83,83,,25.4,25.3,25.5,27.1,26.7,27.4
2026-03-18T06:00:00Z,58,58,,80,80,,33.5,33.5,33.4,38,38,38
2026-03-18T12:00:00Z,41,41,,94,94,,39.5,39.4,39.6,47,46.7,47.2
2026-03-18T18:00:00Z,34,34,,97,97,,15.5,15.1,15.9,16.4,15.9,17
2026-03-19T00:00:00Z,54,54,,81,81,,22.5,22.1,22.9,23.9,23.3,24.5
2026-03-19T06:00:00Z,61,61,,78,78,,21.2,20.6,21.9,22.5,21.6,23.4
2026-03-19T12:00:00Z,47,47,,88,88,,29.9,29.7,30.2,33.3,32.9,33.7
2026-03-19T18:00:00Z,43,43,,89,89,,16.2,16,16.4,16.9,16.6,17.2
2026-03-20T00:00:00Z,55,55,,81,81,,25.8,25.8,25.8,27.5,27.3,27.7
2026-03-20T06:00:00Z,59,59,,79,79,,27.4,27.4,27.5,29.7,29.4,30
2026-03-20T12:00:00Z,42,42,,91,91,,31.1,31,31.2,35.5,35.4,35.6
2026-03-20T18:00:00Z,34,34,,96,96,,9.6,9.3,9.9,10,9.6,10.4
2026-03-21T00:00:00Z,56,56,,81,81,,27.8,27.4,28.2,29.9,29.3,30.5
2026-03-21T06:00:00Z,62,62,,78,78,,29.1,28.8,29.5,31.8,31.3,32.3
2026-03-21T12:00:00Z,48,48,,88,88,,39.2,38.9,39.5,46.9,46.5,47.3
2026-03-21T18:00:00Z,43,43,,90,90,,26,25.5,26.6,27.6,26.9,28.3
2026-03-22T00:00:00Z,62,62,,77,77,,36,35.5,36.5,41.7,41,42.4
2026-03-22T06:00:00Z,66,66,,76,76,,44.8,44.3,45.3,54.8,54.3,55.4
2026-03-22T12:00:00Z,45,45,,90,90,,41.5,41.2,41.8,48,47.9,48.1
2026-03-22T18:00:00Z,37,37,,93,93,,12,11.6,12.3,12.5,12.1,12.8
2026-03-23T00:00:00Z,61,61,,78,78,,28.1,27.6,28.6,31,30.3,31.8
2026-03-23T06:00:00Z,68,68,,75,75,,39,38.6,39.4,46.6,46,47.1
2026-03-23T12:00:00Z,47,47,,88,88,,38.2,38.1,38.3,45.3,45.4,45.3
2026-03-23T18:00:00Z,41,41,,90,90,,14.4,14,14.9,15.2,14.7,15.8
2026-03-24T00:00:00Z,64,64,,76,76,,25.3,24.4,26.1,27.5,26.7,28.4
2026-03-24T06:00:00Z,64,64,,76,76,,35.6,35.2,36,41.5,41,42
2026-03-24T12:00:00Z,46,46,,89,89,,25.3,25,25.6,28.4,28.1,28.6
2026-03-24T18:00:00Z,40,40,,90,90,,10.7,10.3,11.2,11.3,10.7,11.8
2026-03-25T00:00:00Z,57,57,,79,79,,27.3,27,27.6,30.1,29.6,30.6
2026-03-25T06:00:00Z,63,63,,77,77,,36.7,36.5,37,43.2,42.9,43.6
2026-03-25T12:00:00Z,41,41,,91,91,,27.8,27.4,28.2,31.5,31,32
2026-03-25T18:00:00Z,27,27,,102,102,,9,8.6,9.4,9.5,9,9.9
2026-03-26T00:00:00Z,61,61,,79,79,,31.6,31.1,32,35,34.6,35.5
2026-03-26T06:00:00Z,62,62,,78,78,,36.6,36.2,37.1,43,42.4,43.6
2026-03-26T12:00:00Z,40,40,,92,92,,27.2,26.9,27.5,31.4,31,31.8
2026-03-26T18:00:00Z,33,33,,94,94,,9.5,9.2,9.8,9.9,9.5,10.3
2026-03-27T00:00:00Z,50,50,,82,82,,25.6,25.6,25.6,27.5,27.3,27.8
2026-03-27T06:00:00Z,59,59,,79,79,,23.4,22.9,24,25.4,24.6,26.2
2026-03-27T12:00:00Z,41,41,,93,93,,32.3,31.6,33,36.8,35.9,37.8
2026-03-27T18:00:00Z,33,33,,96,96,,9,8.4,9.6,9.4,8.7,10.2
2026-03-28T00:00:00Z,53,53,,82,82,,27.2,26.6,27.9,29.5,28.4,30.5
2026-03-28T06:00:00Z,62,62,,79,79,,27.6,26.2,29,30,28,31.9
2026-03-28T12:00:00Z,44,44,,92,92,,34.9,33.9,35.8,40.6,39.3,42
2026-03-28T18:00:00Z,39,39,,92,92,,15.1,14,16.3,15.8,14.4,17.1
2026-03-29T00:00:00Z,59,59,,78,78,,21.1,19.4,22.7,22.4,20.5,24.3
2026-03-29T06:00:00Z,63,63,,78,78,,25.5,24,27,27.8,25.9,29.8
2026-03-29T12:00:00Z,51,51,,87,87,,35.2,34.1,36.3,41,39.6,42.5
2026-03-29T18:00:00Z,44,44,,89,89,,17.5,16.4,18.6,18.2,17,19.4
2026-03-30T00:00:00Z,59,59,,80,80,,24.4,22.9,26,25.8,23.9,27.7
2026-03-30T06:00:00Z,68,68,,76,76,,32,30.3,33.7,36.6,34.5,38.7
2026-03-30T12:00:00Z,49,49,,88,88,,30.6,29.5,31.7,34.9,33.6,36.3
2026-03-30T18:00:00Z,43,43,,90,90,,12.7,11.8,13.7,13.4,12.3,14.4
2026-03-31T00:00:00Z,61,61,,78,78,,22,20.7,23.3,23.5,21.9,25
2026-03-31T06:00:00Z,65,65,,77,77,,26.9,25.6,28.2,29.4,27.7,31.1
2026-03-31T12:00:00Z,52,52,,86,86,,26.8,25.8,27.8,29.6,28.3,30.9
2026-03-31T18:00:00Z,36,36,,94,94,,14.2,13.5,14.9,15.1,14.3,15.9
2026-04-01T00:00:00Z,52,52,,82,82,,26.2,25.2,27.2,28.1,26.8,29.4
2026-04-01T06:00:00Z,64,64,,79,79,,29.6,28.6,30.6,32.4,31,33.8
2026-04-01T12:00:00Z,48,48,,90,90,,34.5,33.5,35.5,39.3,38.1,40.6
2026-04-01T18:00:00Z,38,38,,92,92,,16.7,15.5,17.9,17.8,16.4,19.1
2026-04-02T00:00:00Z,54,54,,81,81,,28.9,27.8,29.9,32.1,30.5,33.7
2026-04-02T06:00:00Z,66,66,,77,77,,31.2,29.9,32.6,35.2,33.2,37.3
2026-04-02T12:00:00Z,48,48,,89,89,,42.6,41,44.1,50.4,48.9,51.9
2026-04-02T18:00:00Z,34,34,,96,96,,10.8,10,11.7,11.3,10.3,12.3
2026-04-03T00:00:00Z,61,61,,78,78,,19.7,18,21.4,20.6,18.8,22.4
2026-04-03T06:00:00Z,67,67,,75,75,,25.6,23.6,27.6,27.6,25.3,29.9
2026-04-03T12:00:00Z,51,51,,86,86,,37.7,36.3,39.1,44.9,43.1,46.7
2026-04-03T18:00:00Z,43,43,,89,89,,18,16.8,19.2,19.1,18.1,20.1
2026-04-04T00:00:00Z,61,61,,78,78,,29.3,27.4,31.2,32.1,29.6,34.5
2026-04-04T06:00:00Z,64,64,,76,76,,30.1,28.5,31.7,32.8,30.5,35.1
2026-04-04T12:00:00Z,48,48,,88,88,,40.7,39.6,41.8,48.2,46.9,49.6
2026-04-04T18:00:00Z,41,41,,91,91,,22.1,21.1,23.1,23.1,21.9,24.2
2026-04-05T00:00:00Z,60,60,,79,79,,32.7,31.7,33.7,36.6,35.2,38
2026-04-05T06:00:00Z,63,63,,77,77,,34.1,33.2,35.1,39.1,37.8,40.4
2026-04-05T12:00:00Z,41,41,,94,94,,38.5,37.5,39.4,43.7,42.8,44.7
2026-04-05T18:00:00Z,39,39,,93,93,,18.3,17.3,19.3,19.3,18.1,20.4
2026-04-06T00:00:00Z,57,57,,80,80,,16.3,15.4,17.2,17.2,16.1,18.2
2026-04-06T06:00:00Z,63,63,,78,78,,21.4,21.4,21.5,22.5,22.4,22.6
2026-04-06T12:00:00Z,44,44,,92,92,,26.7,26.4,26.9,30,29.5,30.4
2026-04-06T18:00:00Z,36,36,,94,94,,12.1,11.7,12.5,12.7,12.1,13.3
2026-04-07T00:00:00Z,53,53,,80,80,,14.4,13.9,14.8,15.3,14.7,16
2026-04-07T06:00:00Z,63,63,,76,76,,15.2,14.8,15.6,16.2,15.5,16.8
2026-04-07T12:00:00Z,51,51,,85,85,,26,25.9,26.1,27.9,27.7,28.2
2026-04-07T18:00:00Z,36,36,,96,96,,11,11,10.9,11.5,11.4,11.6
2026-04-08T00:00:00Z,60,60,,79,79,,24.3,24.4,24.2,26.1,26.1,26.1
2026-04-08T06:00:00Z,65,65,,76,76,,29.1,29.1,29,31.6,31.6,31.6
2026-04-08T12:00:00Z,49,49,,88,88,,43,43.4,42.7,50.5,51,50.1
2026-04-08T18:00:00Z,39,39,,93,93,,22.8,23.1,22.6,24,24.2,23.8
